Screen ID,Screen name,Object ID,Source RU/EN,ZH (machine),Status
"SYS-DIAGNOSTIC","1-1-1 Diagnostic-filter-process","canvas-sys-diagnostic-text-01","Диагностика","诊断","machine-review-required"
"SYS-DIAGNOSTIC","1-1-1 Diagnostic-filter-process","canvas-sys-diagnostic-text-02","Светофильтры","滤光片","machine-review-required"
"SYS-DIAGNOSTIC","1-1-1 Diagnostic-filter-process","canvas-sys-diagnostic-text-03","W-лампа","W灯","machine-review-required"
"SYS-DIAGNOSTIC","1-1-1 Diagnostic-filter-process","canvas-sys-diagnostic-text-04","Лампы","灯具","machine-review-required"
"SYS-DIAGNOSTIC","1-1-1 Diagnostic-filter-process","canvas-sys-diagnostic-text-05","D2-лампа","D2灯","machine-review-required"
"SYS-DIAGNOSTIC","1-1-1 Diagnostic-filter-process","canvas-sys-diagnostic-text-06","Фотодетектор","光电探测器","machine-review-required"
"PHOT-MAIN-A","3-1-1 Photometry-A-Main-before zero","canvas-phot-main-a-text-01","Фотометрия","光度测定","machine-review-required"
"PHOT-MAIN-A","3-1-1 Photometry-A-Main-before zero","canvas-phot-main-a-text-03","λ = 546.2 нм","λ = 546.2 纳米","machine-review-required"
"PHOT-MAIN-A","3-1-1 Photometry-A-Main-before zero","canvas-phot-main-a-text-04","0.184 A","0.184A","machine-review-required"
"PHOT-MAIN-A","3-1-1 Photometry-A-Main-before zero","canvas-phot-main-a-text-1781682074290","12:05","12:05","machine-review-required"
"PHOT-MAIN-A","3-1-1 Photometry-A-Main-before zero","canvas-phot-main-a-text-1781689283750","n=1","n=1","machine-review-required"
"PHOT-SIGNAL","4-1 Quantitative-submode-curves","canvas-phot-signal-text-01","Колич. анализ","数量分析","machine-review-required"
"PHOT-SIGNAL","4-1 Quantitative-submode-curves","canvas-phot-signal-text-1781873446641","17:05","17:05","machine-review-required"
"PHOT-SIGNAL","4-1 Quantitative-submode-curves","canvas-phot-signal-text-1781875469271","Выберете подрежим","选择子模式","machine-review-required"
"PHOT-SIGNAL","4-1 Quantitative-submode-curves","canvas-phot-signal-text-1781875572802","Градуир. кривая","毕业。曲线","machine-review-required"
"PHOT-SIGNAL","4-1 Quantitative-submode-curves","canvas-phot-signal-text-1781875602339","Коэффициенты","赔率","machine-review-required"
"SET-MAIN","7-1-1 Settings-Dark_current","canvas-set-main-text-01","Настройки","设置","machine-review-required"
"SET-MAIN","7-1-1 Settings-Dark_current","canvas-set-main-text-02","Темновой ток","暗电流","machine-review-required"
"SET-MAIN","7-1-1 Settings-Dark_current","canvas-set-main-text-03","D2-лампа","D2灯","machine-review-required"
"SET-MAIN","7-1-1 Settings-Dark_current","canvas-set-main-text-04","W-лампа","W灯","machine-review-required"
"SET-MAIN","7-1-1 Settings-Dark_current","canvas-set-main-text-05","Смена ламп","更换灯具","machine-review-required"
"SET-MAIN","7-1-1 Settings-Dark_current","canvas-set-main-text-08","Файловая система","文件系统","machine-review-required"
"SET-MAIN","7-1-1 Settings-Dark_current","canvas-set-main-text-1782298114247","17:34","17:34","machine-review-required"
"SHARED-PRINTER-CONNECTED","Printer connected","canvas-shared-printer-connected-text-01","Принтер подключён","打印机已连接","machine-review-required"
"SHARED-PRINTER-DISCONNECTED","Printer disconnected","canvas-shared-printer-disconnected-text-01","Принтер отключён","打印机被禁用","machine-review-required"
"SHARED-PC-CONNECTED","PC connected","canvas-shared-pc-connected-text-01","ПК подключен","已连接电脑","machine-review-required"
"SHARED-USB-NOT-DETECTED","USB-storage connected","canvas-shared-usb-not-detected-text-02","USB-накопитель","USB 闪存驱动器","machine-review-required"
"SHARED-USB-NOT-DETECTED","USB-storage connected","canvas-shared-usb-not-detected-text-1781699055719","подключён","已连接","machine-review-required"
"SHARED-PRINTER-NOT-DETECTED","Printer not connected","canvas-shared-printer-not-detected-text-02","Принтер не подключён","打印机未连接","machine-review-required"
"diagnostic-filter-process-copy","1-1-2 Diagnostic-filter-success","canvas-diagnostic-filter-process-copy-text-1","Диагностика","诊断","machine-review-required"
"diagnostic-filter-process-copy","1-1-2 Diagnostic-filter-success","canvas-diagnostic-filter-process-copy-text-2","Светофильтры","滤光片","machine-review-required"
"diagnostic-filter-process-copy","1-1-2 Diagnostic-filter-success","canvas-diagnostic-filter-process-copy-text-3","W-лампа","W灯","machine-review-required"
"diagnostic-filter-process-copy","1-1-2 Diagnostic-filter-success","canvas-diagnostic-filter-process-copy-text-4","Лампы","灯具","machine-review-required"
"diagnostic-filter-process-copy","1-1-2 Diagnostic-filter-success","canvas-diagnostic-filter-process-copy-text-5","D2-лампа","D2灯","machine-review-required"
"diagnostic-filter-process-copy","1-1-2 Diagnostic-filter-success","canvas-diagnostic-filter-process-copy-text-6","Фотодетектор","光电探测器","machine-review-required"
"diagnostic-filter-success-copy","1-1-3 Diagnostic-filter-fail","canvas-diagnostic-filter-success-copy-text-1","Диагностика","诊断","machine-review-required"
"diagnostic-filter-success-copy","1-1-3 Diagnostic-filter-fail","canvas-diagnostic-filter-success-copy-text-2","Светофильтры","滤光片","machine-review-required"
"diagnostic-filter-success-copy","1-1-3 Diagnostic-filter-fail","canvas-diagnostic-filter-success-copy-text-3","W-лампа","W灯","machine-review-required"
"diagnostic-filter-success-copy","1-1-3 Diagnostic-filter-fail","canvas-diagnostic-filter-success-copy-text-4","Лампы","灯具","machine-review-required"
"diagnostic-filter-success-copy","1-1-3 Diagnostic-filter-fail","canvas-diagnostic-filter-success-copy-text-5","D2-лампа","D2灯","machine-review-required"
"diagnostic-filter-success-copy","1-1-3 Diagnostic-filter-fail","canvas-diagnostic-filter-success-copy-text-6","Фотодетектор","光电探测器","machine-review-required"
"diagnostic-filter-fail-copy","1-2-1 Diagnostic-lamps-process","canvas-diagnostic-filter-fail-copy-text-1","Диагностика","诊断","machine-review-required"
"diagnostic-filter-fail-copy","1-2-1 Diagnostic-lamps-process","canvas-diagnostic-filter-fail-copy-text-2","Светофильтры","滤光片","machine-review-required"
"diagnostic-filter-fail-copy","1-2-1 Diagnostic-lamps-process","canvas-diagnostic-filter-fail-copy-text-3","W-лампа","W灯","machine-review-required"
"diagnostic-filter-fail-copy","1-2-1 Diagnostic-lamps-process","canvas-diagnostic-filter-fail-copy-text-4","Лампы","灯具","machine-review-required"
"diagnostic-filter-fail-copy","1-2-1 Diagnostic-lamps-process","canvas-diagnostic-filter-fail-copy-text-5","D2-лампа","D2灯","machine-review-required"
"diagnostic-filter-fail-copy","1-2-1 Diagnostic-lamps-process","canvas-diagnostic-filter-fail-copy-text-6","Фотодетектор","光电探测器","machine-review-required"
"diagnostic-lamp-process-copy","1-2-2 Diagnostic-lamps-success","canvas-diagnostic-lamp-process-copy-text-1","Диагностика","诊断","machine-review-required"
"diagnostic-lamp-process-copy","1-2-2 Diagnostic-lamps-success","canvas-diagnostic-lamp-process-copy-text-2","Светофильтры","滤光片","machine-review-required"
"diagnostic-lamp-process-copy","1-2-2 Diagnostic-lamps-success","canvas-diagnostic-lamp-process-copy-text-3","W-лампа","W灯","machine-review-required"
"diagnostic-lamp-process-copy","1-2-2 Diagnostic-lamps-success","canvas-diagnostic-lamp-process-copy-text-4","Лампы","灯具","machine-review-required"
"diagnostic-lamp-process-copy","1-2-2 Diagnostic-lamps-success","canvas-diagnostic-lamp-process-copy-text-5","D2-лампа","D2灯","machine-review-required"
"diagnostic-lamp-process-copy","1-2-2 Diagnostic-lamps-success","canvas-diagnostic-lamp-process-copy-text-6","Фотодетектор","光电探测器","machine-review-required"
"diagnostic-lamp-success-copy","1-2-3 Diagnostic-lamps-fail","canvas-diagnostic-lamp-success-copy-text-1","Диагностика","诊断","machine-review-required"
"diagnostic-lamp-success-copy","1-2-3 Diagnostic-lamps-fail","canvas-diagnostic-lamp-success-copy-text-2","Светофильтры","滤光片","machine-review-required"
"diagnostic-lamp-success-copy","1-2-3 Diagnostic-lamps-fail","canvas-diagnostic-lamp-success-copy-text-3","W-лампа","W灯","machine-review-required"
"diagnostic-lamp-success-copy","1-2-3 Diagnostic-lamps-fail","canvas-diagnostic-lamp-success-copy-text-4","Лампы","灯具","machine-review-required"
"diagnostic-lamp-success-copy","1-2-3 Diagnostic-lamps-fail","canvas-diagnostic-lamp-success-copy-text-5","D2-лампа","D2灯","machine-review-required"
"diagnostic-lamp-success-copy","1-2-3 Diagnostic-lamps-fail","canvas-diagnostic-lamp-success-copy-text-6","Фотодетектор","光电探测器","machine-review-required"
"diagnostic-lamp-fail-copy","1-3-1 Diagnostic-detector-process","canvas-diagnostic-lamp-fail-copy-text-1","Диагностика","诊断","machine-review-required"
"diagnostic-lamp-fail-copy","1-3-1 Diagnostic-detector-process","canvas-diagnostic-lamp-fail-copy-text-2","Светофильтры","滤光片","machine-review-required"
"diagnostic-lamp-fail-copy","1-3-1 Diagnostic-detector-process","canvas-diagnostic-lamp-fail-copy-text-3","W-лампа","W灯","machine-review-required"
"diagnostic-lamp-fail-copy","1-3-1 Diagnostic-detector-process","canvas-diagnostic-lamp-fail-copy-text-4","Лампы","灯具","machine-review-required"
"diagnostic-lamp-fail-copy","1-3-1 Diagnostic-detector-process","canvas-diagnostic-lamp-fail-copy-text-5","D2-лампа","D2灯","machine-review-required"
"diagnostic-lamp-fail-copy","1-3-1 Diagnostic-detector-process","canvas-diagnostic-lamp-fail-copy-text-6","Фотодетектор","光电探测器","machine-review-required"
"diagnostic-lamp-fail-copy-copy","1-3-3 Diagnostic-detector-fail","canvas-diagnostic-lamp-fail-copy-copy-text-1","Диагностика","诊断","machine-review-required"
"diagnostic-lamp-fail-copy-copy","1-3-3 Diagnostic-detector-fail","canvas-diagnostic-lamp-fail-copy-copy-text-2","Светофильтры","滤光片","machine-review-required"
"diagnostic-lamp-fail-copy-copy","1-3-3 Diagnostic-detector-fail","canvas-diagnostic-lamp-fail-copy-copy-text-3","W-лампа","W灯","machine-review-required"
"diagnostic-lamp-fail-copy-copy","1-3-3 Diagnostic-detector-fail","canvas-diagnostic-lamp-fail-copy-copy-text-4","Лампы","灯具","machine-review-required"
"diagnostic-lamp-fail-copy-copy","1-3-3 Diagnostic-detector-fail","canvas-diagnostic-lamp-fail-copy-copy-text-5","D2-лампа","D2灯","machine-review-required"
"diagnostic-lamp-fail-copy-copy","1-3-3 Diagnostic-detector-fail","canvas-diagnostic-lamp-fail-copy-copy-text-6","Фотодетектор","光电探测器","machine-review-required"
"diagnostic-detector-process-copy","1-3-2 Diagnostic-detector-success","canvas-diagnostic-detector-process-copy-text-1","Диагностика","诊断","machine-review-required"
"diagnostic-detector-process-copy","1-3-2 Diagnostic-detector-success","canvas-diagnostic-detector-process-copy-text-2","Светофильтры","滤光片","machine-review-required"
"diagnostic-detector-process-copy","1-3-2 Diagnostic-detector-success","canvas-diagnostic-detector-process-copy-text-3","W-лампа","W灯","machine-review-required"
"diagnostic-detector-process-copy","1-3-2 Diagnostic-detector-success","canvas-diagnostic-detector-process-copy-text-4","Лампы","灯具","machine-review-required"
"diagnostic-detector-process-copy","1-3-2 Diagnostic-detector-success","canvas-diagnostic-detector-process-copy-text-5","D2-лампа","D2灯","machine-review-required"
"diagnostic-detector-process-copy","1-3-2 Diagnostic-detector-success","canvas-diagnostic-detector-process-copy-text-6","Фотодетектор","光电探测器","machine-review-required"
"diagnostic-detector-fail-copy","1-4-1 Diagnostic-W-lamp-process","canvas-diagnostic-detector-fail-copy-text-1","Диагностика","诊断","machine-review-required"
"diagnostic-detector-fail-copy","1-4-1 Diagnostic-W-lamp-process","canvas-diagnostic-detector-fail-copy-text-2","Светофильтры","滤光片","machine-review-required"
"diagnostic-detector-fail-copy","1-4-1 Diagnostic-W-lamp-process","canvas-diagnostic-detector-fail-copy-text-3","W-лампа","W灯","machine-review-required"
"diagnostic-detector-fail-copy","1-4-1 Diagnostic-W-lamp-process","canvas-diagnostic-detector-fail-copy-text-4","Лампы","灯具","machine-review-required"
"diagnostic-detector-fail-copy","1-4-1 Diagnostic-W-lamp-process","canvas-diagnostic-detector-fail-copy-text-5","D2-лампа","D2灯","machine-review-required"
"diagnostic-detector-fail-copy","1-4-1 Diagnostic-W-lamp-process","canvas-diagnostic-detector-fail-copy-text-6","Фотодетектор","光电探测器","machine-review-required"
"diagnostic-w-lamp-process-copy","1-4-2 Diagnostic-W-lamp-success","canvas-diagnostic-w-lamp-process-copy-text-1","Диагностика","诊断","machine-review-required"
"diagnostic-w-lamp-process-copy","1-4-2 Diagnostic-W-lamp-success","canvas-diagnostic-w-lamp-process-copy-text-2","Светофильтры","滤光片","machine-review-required"
"diagnostic-w-lamp-process-copy","1-4-2 Diagnostic-W-lamp-success","canvas-diagnostic-w-lamp-process-copy-text-3","W-лампа","W灯","machine-review-required"
"diagnostic-w-lamp-process-copy","1-4-2 Diagnostic-W-lamp-success","canvas-diagnostic-w-lamp-process-copy-text-4","Лампы","灯具","machine-review-required"
"diagnostic-w-lamp-process-copy","1-4-2 Diagnostic-W-lamp-success","canvas-diagnostic-w-lamp-process-copy-text-5","D2-лампа","D2灯","machine-review-required"
"diagnostic-w-lamp-process-copy","1-4-2 Diagnostic-W-lamp-success","canvas-diagnostic-w-lamp-process-copy-text-6","Фотодетектор","光电探测器","machine-review-required"
"diagnostic-w-lamp-process-copy-copy","1-4-3 Diagnostic-W-lamp-fail","canvas-diagnostic-w-lamp-process-copy-copy-text-1","Диагностика","诊断","machine-review-required"
"diagnostic-w-lamp-process-copy-copy","1-4-3 Diagnostic-W-lamp-fail","canvas-diagnostic-w-lamp-process-copy-copy-text-2","Светофильтры","滤光片","machine-review-required"
"diagnostic-w-lamp-process-copy-copy","1-4-3 Diagnostic-W-lamp-fail","canvas-diagnostic-w-lamp-process-copy-copy-text-3","W-лампа","W灯","machine-review-required"
"diagnostic-w-lamp-process-copy-copy","1-4-3 Diagnostic-W-lamp-fail","canvas-diagnostic-w-lamp-process-copy-copy-text-4","Лампы","灯具","machine-review-required"
"diagnostic-w-lamp-process-copy-copy","1-4-3 Diagnostic-W-lamp-fail","canvas-diagnostic-w-lamp-process-copy-copy-text-5","D2-лампа","D2灯","machine-review-required"
"diagnostic-w-lamp-process-copy-copy","1-4-3 Diagnostic-W-lamp-fail","canvas-diagnostic-w-lamp-process-copy-copy-text-6","Фотодетектор","光电探测器","machine-review-required"
"diagnostic-w-lamp-fail-copy","1-5-1 Diagnostic-D2-lamp-process","canvas-diagnostic-w-lamp-fail-copy-text-1","Диагностика","诊断","machine-review-required"
"diagnostic-w-lamp-fail-copy","1-5-1 Diagnostic-D2-lamp-process","canvas-diagnostic-w-lamp-fail-copy-text-2","Светофильтры","滤光片","machine-review-required"
"diagnostic-w-lamp-fail-copy","1-5-1 Diagnostic-D2-lamp-process","canvas-diagnostic-w-lamp-fail-copy-text-3","W-лампа","W灯","machine-review-required"
"diagnostic-w-lamp-fail-copy","1-5-1 Diagnostic-D2-lamp-process","canvas-diagnostic-w-lamp-fail-copy-text-4","Лампы","灯具","machine-review-required"
"diagnostic-w-lamp-fail-copy","1-5-1 Diagnostic-D2-lamp-process","canvas-diagnostic-w-lamp-fail-copy-text-5","D2-лампа","D2灯","machine-review-required"
"diagnostic-w-lamp-fail-copy","1-5-1 Diagnostic-D2-lamp-process","canvas-diagnostic-w-lamp-fail-copy-text-6","Фотодетектор","光电探测器","machine-review-required"
"diagnostic-d2-lamp-process-copy","1-5-2 Diagnostic-D2-lamp-success","canvas-diagnostic-d2-lamp-process-copy-text-1","Диагностика","诊断","machine-review-required"
"diagnostic-d2-lamp-process-copy","1-5-2 Diagnostic-D2-lamp-success","canvas-diagnostic-d2-lamp-process-copy-text-2","Светофильтры","滤光片","machine-review-required"
"diagnostic-d2-lamp-process-copy","1-5-2 Diagnostic-D2-lamp-success","canvas-diagnostic-d2-lamp-process-copy-text-3","W-лампа","W灯","machine-review-required"
"diagnostic-d2-lamp-process-copy","1-5-2 Diagnostic-D2-lamp-success","canvas-diagnostic-d2-lamp-process-copy-text-4","Лампы","灯具","machine-review-required"
"diagnostic-d2-lamp-process-copy","1-5-2 Diagnostic-D2-lamp-success","canvas-diagnostic-d2-lamp-process-copy-text-5","D2-лампа","D2灯","machine-review-required"
"diagnostic-d2-lamp-process-copy","1-5-2 Diagnostic-D2-lamp-success","canvas-diagnostic-d2-lamp-process-copy-text-6","Фотодетектор","光电探测器","machine-review-required"
"diagnostic-d2-lamp-success-copy","1-5-3 Diagnostic-D2-lamp-fail","canvas-diagnostic-d2-lamp-success-copy-text-1","Диагностика","诊断","machine-review-required"
"diagnostic-d2-lamp-success-copy","1-5-3 Diagnostic-D2-lamp-fail","canvas-diagnostic-d2-lamp-success-copy-text-2","Светофильтры","滤光片","machine-review-required"
"diagnostic-d2-lamp-success-copy","1-5-3 Diagnostic-D2-lamp-fail","canvas-diagnostic-d2-lamp-success-copy-text-3","W-лампа","W灯","machine-review-required"
"diagnostic-d2-lamp-success-copy","1-5-3 Diagnostic-D2-lamp-fail","canvas-diagnostic-d2-lamp-success-copy-text-4","Лампы","灯具","machine-review-required"
"diagnostic-d2-lamp-success-copy","1-5-3 Diagnostic-D2-lamp-fail","canvas-diagnostic-d2-lamp-success-copy-text-5","D2-лампа","D2灯","machine-review-required"
"diagnostic-d2-lamp-success-copy","1-5-3 Diagnostic-D2-lamp-fail","canvas-diagnostic-d2-lamp-success-copy-text-6","Фотодетектор","光电探测器","machine-review-required"
"diagnostic-d2-lamp-fail-copy","1-6-1 Diagnostic-calibr wl-process","canvas-diagnostic-d2-lamp-fail-copy-text-1","Диагностика","诊断","machine-review-required"
"diagnostic-d2-lamp-fail-copy","1-6-1 Diagnostic-calibr wl-process","canvas-diagnostic-d2-lamp-fail-copy-text-3","W-лампа","W灯","machine-review-required"
"diagnostic-d2-lamp-fail-copy","1-6-1 Diagnostic-calibr wl-process","canvas-diagnostic-d2-lamp-fail-copy-text-4","Лампы","灯具","machine-review-required"
"diagnostic-d2-lamp-fail-copy","1-6-1 Diagnostic-calibr wl-process","canvas-diagnostic-d2-lamp-fail-copy-text-5","D2-лампа","D2灯","machine-review-required"
"diagnostic-d2-lamp-fail-copy","1-6-1 Diagnostic-calibr wl-process","canvas-diagnostic-d2-lamp-fail-copy-text-6","Фотодетектор","光电探测器","machine-review-required"
"diagnostic-d2-lamp-fail-copy","1-6-1 Diagnostic-calibr wl-process","canvas-diagnostic-d2-lamp-fail-copy-text-1781620597568","Калибровка λ","校准λ","machine-review-required"
"diagnostic-calibr-wl-process-copy","1-6-2 Diagnostic-calibr wl-success","canvas-diagnostic-calibr-wl-process-copy-text-1","Диагностика","诊断","machine-review-required"
"diagnostic-calibr-wl-process-copy","1-6-2 Diagnostic-calibr wl-success","canvas-diagnostic-calibr-wl-process-copy-text-2","W-лампа","W灯","machine-review-required"
"diagnostic-calibr-wl-process-copy","1-6-2 Diagnostic-calibr wl-success","canvas-diagnostic-calibr-wl-process-copy-text-3","Лампы","灯具","machine-review-required"
"diagnostic-calibr-wl-process-copy","1-6-2 Diagnostic-calibr wl-success","canvas-diagnostic-calibr-wl-process-copy-text-4","D2-лампа","D2灯","machine-review-required"
"diagnostic-calibr-wl-process-copy","1-6-2 Diagnostic-calibr wl-success","canvas-diagnostic-calibr-wl-process-copy-text-5","Фотодетектор","光电探测器","machine-review-required"
"diagnostic-calibr-wl-process-copy","1-6-2 Diagnostic-calibr wl-success","canvas-diagnostic-calibr-wl-process-copy-text-19","Калибровка λ","校准λ","machine-review-required"
"diagnostic-calibr-wl-success-copy","1-6-3 Diagnostic-calibr wl-fail","canvas-diagnostic-calibr-wl-success-copy-text-1","Диагностика","诊断","machine-review-required"
"diagnostic-calibr-wl-success-copy","1-6-3 Diagnostic-calibr wl-fail","canvas-diagnostic-calibr-wl-success-copy-text-2","W-лампа","W灯","machine-review-required"
"diagnostic-calibr-wl-success-copy","1-6-3 Diagnostic-calibr wl-fail","canvas-diagnostic-calibr-wl-success-copy-text-3","Лампы","灯具","machine-review-required"
"diagnostic-calibr-wl-success-copy","1-6-3 Diagnostic-calibr wl-fail","canvas-diagnostic-calibr-wl-success-copy-text-4","D2-лампа","D2灯","machine-review-required"
"diagnostic-calibr-wl-success-copy","1-6-3 Diagnostic-calibr wl-fail","canvas-diagnostic-calibr-wl-success-copy-text-5","Фотодетектор","光电探测器","machine-review-required"
"diagnostic-calibr-wl-success-copy","1-6-3 Diagnostic-calibr wl-fail","canvas-diagnostic-calibr-wl-success-copy-text-19","Калибровка λ","校准λ","machine-review-required"
"diagnostic-calibr-wl-fail-copy","1-7-1 Diagnostic-system-process","canvas-diagnostic-calibr-wl-fail-copy-text-1","Диагностика","诊断","machine-review-required"
"diagnostic-calibr-wl-fail-copy","1-7-1 Diagnostic-system-process","canvas-diagnostic-calibr-wl-fail-copy-text-2","W-лампа","W灯","machine-review-required"
"diagnostic-calibr-wl-fail-copy","1-7-1 Diagnostic-system-process","canvas-diagnostic-calibr-wl-fail-copy-text-4","D2-лампа","D2灯","machine-review-required"
"diagnostic-calibr-wl-fail-copy","1-7-1 Diagnostic-system-process","canvas-diagnostic-calibr-wl-fail-copy-text-5","Фотодетектор","光电探测器","machine-review-required"
"diagnostic-calibr-wl-fail-copy","1-7-1 Diagnostic-system-process","canvas-diagnostic-calibr-wl-fail-copy-text-19","Калибровка λ","校准λ","machine-review-required"
"diagnostic-calibr-wl-fail-copy","1-7-1 Diagnostic-system-process","canvas-diagnostic-calibr-wl-fail-copy-text-1781621383344","Система","系统","machine-review-required"
"diagnostic-system-process-copy","1-7-2 Diagnostic-system-success","canvas-diagnostic-system-process-copy-text-1","Диагностика","诊断","machine-review-required"
"diagnostic-system-process-copy","1-7-2 Diagnostic-system-success","canvas-diagnostic-system-process-copy-text-2","W-лампа","W灯","machine-review-required"
"diagnostic-system-process-copy","1-7-2 Diagnostic-system-success","canvas-diagnostic-system-process-copy-text-3","D2-лампа","D2灯","machine-review-required"
"diagnostic-system-process-copy","1-7-2 Diagnostic-system-success","canvas-diagnostic-system-process-copy-text-4","Фотодетектор","光电探测器","machine-review-required"
"diagnostic-system-process-copy","1-7-2 Diagnostic-system-success","canvas-diagnostic-system-process-copy-text-18","Калибровка λ","校准λ","machine-review-required"
"diagnostic-system-process-copy","1-7-2 Diagnostic-system-success","canvas-diagnostic-system-process-copy-text-20","Система","系统","machine-review-required"
"diagnostic-system-success-copy","1-7-3 Diagnostic-system-fail","canvas-diagnostic-system-success-copy-text-1","Диагностика","诊断","machine-review-required"
"diagnostic-system-success-copy","1-7-3 Diagnostic-system-fail","canvas-diagnostic-system-success-copy-text-2","W-лампа","W灯","machine-review-required"
"diagnostic-system-success-copy","1-7-3 Diagnostic-system-fail","canvas-diagnostic-system-success-copy-text-3","D2-лампа","D2灯","machine-review-required"
"diagnostic-system-success-copy","1-7-3 Diagnostic-system-fail","canvas-diagnostic-system-success-copy-text-4","Фотодетектор","光电探测器","machine-review-required"
"diagnostic-system-success-copy","1-7-3 Diagnostic-system-fail","canvas-diagnostic-system-success-copy-text-18","Калибровка λ","校准λ","machine-review-required"
"diagnostic-system-success-copy","1-7-3 Diagnostic-system-fail","canvas-diagnostic-system-success-copy-text-20","Система","系统","machine-review-required"
"diagnostic-system-success-copy-copy","1-8-1 Diagnostic-dark_current-proccess","canvas-diagnostic-system-success-copy-copy-text-1","Диагностика","诊断","machine-review-required"
"diagnostic-system-success-copy-copy","1-8-1 Diagnostic-dark_current-proccess","canvas-diagnostic-system-success-copy-copy-text-2","W-лампа","W灯","machine-review-required"
"diagnostic-system-success-copy-copy","1-8-1 Diagnostic-dark_current-proccess","canvas-diagnostic-system-success-copy-copy-text-3","D2-лампа","D2灯","machine-review-required"
"diagnostic-system-success-copy-copy","1-8-1 Diagnostic-dark_current-proccess","canvas-diagnostic-system-success-copy-copy-text-18","Калибровка λ","校准λ","machine-review-required"
"diagnostic-system-success-copy-copy","1-8-1 Diagnostic-dark_current-proccess","canvas-diagnostic-system-success-copy-copy-text-20","Система","系统","machine-review-required"
"diagnostic-system-success-copy-copy","1-8-1 Diagnostic-dark_current-proccess","canvas-diagnostic-system-success-copy-copy-text-1781621619536","Темновой ток","暗电流","machine-review-required"
"diagnostic-dark-current-proccess-copy","1-8-2 Diagnostic-dark_current-success","canvas-diagnostic-dark-current-proccess-copy-text-1","Диагностика","诊断","machine-review-required"
"diagnostic-dark-current-proccess-copy","1-8-2 Diagnostic-dark_current-success","canvas-diagnostic-dark-current-proccess-copy-text-2","W-лампа","W灯","machine-review-required"
"diagnostic-dark-current-proccess-copy","1-8-2 Diagnostic-dark_current-success","canvas-diagnostic-dark-current-proccess-copy-text-3","D2-лампа","D2灯","machine-review-required"
"diagnostic-dark-current-proccess-copy","1-8-2 Diagnostic-dark_current-success","canvas-diagnostic-dark-current-proccess-copy-text-17","Калибровка λ","校准λ","machine-review-required"
"diagnostic-dark-current-proccess-copy","1-8-2 Diagnostic-dark_current-success","canvas-diagnostic-dark-current-proccess-copy-text-19","Система","系统","machine-review-required"
"diagnostic-dark-current-proccess-copy","1-8-2 Diagnostic-dark_current-success","canvas-diagnostic-dark-current-proccess-copy-text-20","Темновой ток","暗电流","machine-review-required"
"diagnostic-dark-current-success-copy","1-8-3 Diagnostic-dark_current-fail","canvas-diagnostic-dark-current-success-copy-text-1","Диагностика","诊断","machine-review-required"
"diagnostic-dark-current-success-copy","1-8-3 Diagnostic-dark_current-fail","canvas-diagnostic-dark-current-success-copy-text-2","W-лампа","W灯","machine-review-required"
"diagnostic-dark-current-success-copy","1-8-3 Diagnostic-dark_current-fail","canvas-diagnostic-dark-current-success-copy-text-3","D2-лампа","D2灯","machine-review-required"
"diagnostic-dark-current-success-copy","1-8-3 Diagnostic-dark_current-fail","canvas-diagnostic-dark-current-success-copy-text-17","Калибровка λ","校准λ","machine-review-required"
"diagnostic-dark-current-success-copy","1-8-3 Diagnostic-dark_current-fail","canvas-diagnostic-dark-current-success-copy-text-19","Система","系统","machine-review-required"
"diagnostic-dark-current-success-copy","1-8-3 Diagnostic-dark_current-fail","canvas-diagnostic-dark-current-success-copy-text-20","Темновой ток","暗电流","machine-review-required"
"diagnostic-dark-current-fail-copy","1-9-1 Diagnostic-warming","canvas-diagnostic-dark-current-fail-copy-text-1","Диагностика","诊断","machine-review-required"
"diagnostic-dark-current-fail-copy","1-9-1 Diagnostic-warming","canvas-diagnostic-dark-current-fail-copy-text-1781621991729","Прогрев","热身","machine-review-required"
"diagnostic-dark-current-fail-copy","1-9-1 Diagnostic-warming","canvas-diagnostic-dark-current-fail-copy-text-1781622037921","Нажмите любую кнопку","按任意按钮","machine-review-required"
"diagnostic-dark-current-fail-copy","1-9-1 Diagnostic-warming","canvas-diagnostic-dark-current-fail-copy-text-1781622117297","для пропуска","通行证","machine-review-required"
"diagnostic-dark-current-fail-copy","1-9-1 Diagnostic-warming","canvas-diagnostic-dark-current-fail-copy-text-1781622191733","16:55","16:55","machine-review-required"
"diagnostic-warming-copy","2-1-1 Main menu-select-photometry","canvas-diagnostic-warming-copy-text-1","Главное меню","主菜单","machine-review-required"
"diagnostic-warming-copy","2-1-1 Main menu-select-photometry","canvas-diagnostic-warming-copy-text-6","Фотометрия","光度测定","machine-review-required"
"diagnostic-warming-copy","2-1-1 Main menu-select-photometry","canvas-diagnostic-warming-copy-text-1781622528245","Количеств. анализ","数量分析","machine-review-required"
"diagnostic-warming-copy","2-1-1 Main menu-select-photometry","canvas-diagnostic-warming-copy-text-1781622655488","Многоволновой режим","多波模式","machine-review-required"
"diagnostic-warming-copy","2-1-1 Main menu-select-photometry","canvas-diagnostic-warming-copy-text-1781622820413","Кинетика","动力学","machine-review-required"
"diagnostic-warming-copy","2-1-1 Main menu-select-photometry","canvas-diagnostic-warming-copy-text-1781622890204","Настройки","设置","machine-review-required"
"diagnostic-warming-copy","2-1-1 Main menu-select-photometry","canvas-diagnostic-warming-copy-text-1781623410945","17:05","17:05","machine-review-required"
"main-menu-select-photometry-copy","2-1-2 Main menu-select-quantitative","canvas-main-menu-select-photometry-copy-text-1","Главное меню","主菜单","machine-review-required"
"main-menu-select-photometry-copy","2-1-2 Main menu-select-quantitative","canvas-main-menu-select-photometry-copy-text-6","Фотометрия","光度测定","machine-review-required"
"main-menu-select-photometry-copy","2-1-2 Main menu-select-quantitative","canvas-main-menu-select-photometry-copy-text-8","Количеств. анализ","数量分析","machine-review-required"
"main-menu-select-photometry-copy","2-1-2 Main menu-select-quantitative","canvas-main-menu-select-photometry-copy-text-10","Многоволновой режим","多波模式","machine-review-required"
"main-menu-select-photometry-copy","2-1-2 Main menu-select-quantitative","canvas-main-menu-select-photometry-copy-text-14","Кинетика","动力学","machine-review-required"
"main-menu-select-photometry-copy","2-1-2 Main menu-select-quantitative","canvas-main-menu-select-photometry-copy-text-15","Настройки","设置","machine-review-required"
"main-menu-select-photometry-copy","2-1-2 Main menu-select-quantitative","canvas-main-menu-select-photometry-copy-text-1781623491865","17:05","17:05","machine-review-required"
"main-menu-select-quantitative-copy","2-1-3 Main menu-select-multiwavelength","canvas-main-menu-select-quantitative-copy-text-1","Главное меню","主菜单","machine-review-required"
"main-menu-select-quantitative-copy","2-1-3 Main menu-select-multiwavelength","canvas-main-menu-select-quantitative-copy-text-6","Фотометрия","光度测定","machine-review-required"
"main-menu-select-quantitative-copy","2-1-3 Main menu-select-multiwavelength","canvas-main-menu-select-quantitative-copy-text-8","Количеств. анализ","数量分析","machine-review-required"
"main-menu-select-quantitative-copy","2-1-3 Main menu-select-multiwavelength","canvas-main-menu-select-quantitative-copy-text-10","Многоволновой режим","多波模式","machine-review-required"
"main-menu-select-quantitative-copy","2-1-3 Main menu-select-multiwavelength","canvas-main-menu-select-quantitative-copy-text-14","Кинетика","动力学","machine-review-required"
"main-menu-select-quantitative-copy","2-1-3 Main menu-select-multiwavelength","canvas-main-menu-select-quantitative-copy-text-15","Настройки","设置","machine-review-required"
"main-menu-select-quantitative-copy","2-1-3 Main menu-select-multiwavelength","canvas-main-menu-select-quantitative-copy-text-1781623527313","17:05","17:05","machine-review-required"
"main-menu-select-multiwavelength-copy","2-1-4 Main menu-select-kinetics","canvas-main-menu-select-multiwavelength-copy-text-1","Главное меню","主菜单","machine-review-required"
"main-menu-select-multiwavelength-copy","2-1-4 Main menu-select-kinetics","canvas-main-menu-select-multiwavelength-copy-text-6","Фотометрия","光度测定","machine-review-required"
"main-menu-select-multiwavelength-copy","2-1-4 Main menu-select-kinetics","canvas-main-menu-select-multiwavelength-copy-text-8","Количеств. анализ","数量分析","machine-review-required"
"main-menu-select-multiwavelength-copy","2-1-4 Main menu-select-kinetics","canvas-main-menu-select-multiwavelength-copy-text-10","Многоволновой режим","多波模式","machine-review-required"
"main-menu-select-multiwavelength-copy","2-1-4 Main menu-select-kinetics","canvas-main-menu-select-multiwavelength-copy-text-14","Кинетика","动力学","machine-review-required"
"main-menu-select-multiwavelength-copy","2-1-4 Main menu-select-kinetics","canvas-main-menu-select-multiwavelength-copy-text-15","Настройки","设置","machine-review-required"
"main-menu-select-multiwavelength-copy","2-1-4 Main menu-select-kinetics","canvas-main-menu-select-multiwavelength-copy-text-1781623691373","17:05","17:05","machine-review-required"
"main-menu-select-kinetics-copy","2-1-5 Main menu-select-setup","canvas-main-menu-select-kinetics-copy-text-1","Главное меню","主菜单","machine-review-required"
"main-menu-select-kinetics-copy","2-1-5 Main menu-select-setup","canvas-main-menu-select-kinetics-copy-text-6","Фотометрия","光度测定","machine-review-required"
"main-menu-select-kinetics-copy","2-1-5 Main menu-select-setup","canvas-main-menu-select-kinetics-copy-text-8","Количеств. анализ","数量分析","machine-review-required"
"main-menu-select-kinetics-copy","2-1-5 Main menu-select-setup","canvas-main-menu-select-kinetics-copy-text-10","Многоволновой режим","多波模式","machine-review-required"
"main-menu-select-kinetics-copy","2-1-5 Main menu-select-setup","canvas-main-menu-select-kinetics-copy-text-14","Кинетика","动力学","machine-review-required"
"main-menu-select-kinetics-copy","2-1-5 Main menu-select-setup","canvas-main-menu-select-kinetics-copy-text-15","Настройки","设置","machine-review-required"
"main-menu-select-kinetics-copy","2-1-5 Main menu-select-setup","canvas-main-menu-select-kinetics-copy-text-1781623724350","17:05","17:05","machine-review-required"
"photometry-a-main-before-zero-copy","3-2-1 Photometry-E-Main-before zero","canvas-photometry-a-main-before-zero-copy-text-1","Фотометрия","光度测定","machine-review-required"
"photometry-a-main-before-zero-copy","3-2-1 Photometry-E-Main-before zero","canvas-photometry-a-main-before-zero-copy-text-2","λ = 546.2 нм","λ = 546.2 纳米","machine-review-required"
"photometry-a-main-before-zero-copy","3-2-1 Photometry-E-Main-before zero","canvas-photometry-a-main-before-zero-copy-text-3","E = 35806","E = 35806","machine-review-required"
"photometry-a-main-before-zero-copy","3-2-1 Photometry-E-Main-before zero","canvas-photometry-a-main-before-zero-copy-text-6","12:05","12:05","machine-review-required"
"photometry-a-main-before-zero-copy","3-2-1 Photometry-E-Main-before zero","canvas-photometry-a-main-before-zero-copy-text-1781682819714","Усиление: 3","增益：3","machine-review-required"
"photometry-a-main-before-zero-copy","3-2-1 Photometry-E-Main-before zero","canvas-photometry-a-main-before-zero-copy-text-1781691896187","n=1","n=1","machine-review-required"
"photometry-t-main-before-zero-copy-copy","3-3-1 Photometry-T-Main-before zero","canvas-photometry-t-main-before-zero-copy-copy-text-1","Фотометрия \","光度测定\","machine-review-required"
"photometry-t-main-before-zero-copy-copy","3-3-1 Photometry-T-Main-before zero","canvas-photometry-t-main-before-zero-copy-copy-text-2","λ = 546.2 нм","λ = 546.2 纳米","machine-review-required"
"photometry-t-main-before-zero-copy-copy","3-3-1 Photometry-T-Main-before zero","canvas-photometry-t-main-before-zero-copy-copy-text-3","87.4 %T","87.4%T","machine-review-required"
"photometry-t-main-before-zero-copy-copy","3-3-1 Photometry-T-Main-before zero","canvas-photometry-t-main-before-zero-copy-copy-text-6","12:05","12:05","machine-review-required"
"photometry-t-main-before-zero-copy-copy","3-3-1 Photometry-T-Main-before zero","canvas-photometry-t-main-before-zero-copy-copy-text-1781692084231","n=1","n=1","machine-review-required"
"photometry-a-main-before-zero-copy-2","3-1-3 Photometry-A-Main-zero-process","canvas-photometry-a-main-before-zero-copy-2-text-1","Фотометрия","光度测定","machine-review-required"
"photometry-a-main-before-zero-copy-2","3-1-3 Photometry-A-Main-zero-process","canvas-photometry-a-main-before-zero-copy-2-text-2","λ = 546.2 нм","λ = 546.2 纳米","machine-review-required"
"photometry-a-main-before-zero-copy-2","3-1-3 Photometry-A-Main-zero-process","canvas-photometry-a-main-before-zero-copy-2-text-3","Обнуление","重置","machine-review-required"
"photometry-a-main-before-zero-copy-2","3-1-3 Photometry-A-Main-zero-process","canvas-photometry-a-main-before-zero-copy-2-text-5","12:05","12:05","machine-review-required"
"photometry-a-main-before-zero-copy-2","3-1-3 Photometry-A-Main-zero-process","canvas-photometry-a-main-before-zero-copy-2-text-1781689413231","n=1","n=1","machine-review-required"
"photometry-t-main-before-zero-copy-copy-2","3-2-2 Photometry-E-Main-zero-process","canvas-photometry-t-main-before-zero-copy-copy-2-text-1","Фотометрия \","光度测定\","machine-review-required"
"photometry-t-main-before-zero-copy-copy-2","3-2-2 Photometry-E-Main-zero-process","canvas-photometry-t-main-before-zero-copy-copy-2-text-2","λ = 546.2 нм","λ = 546.2 纳米","machine-review-required"
"photometry-t-main-before-zero-copy-copy-2","3-2-2 Photometry-E-Main-zero-process","canvas-photometry-t-main-before-zero-copy-copy-2-text-3","Обнуление","重置","machine-review-required"
"photometry-t-main-before-zero-copy-copy-2","3-2-2 Photometry-E-Main-zero-process","canvas-photometry-t-main-before-zero-copy-copy-2-text-5","12:05","12:05","machine-review-required"
"photometry-t-main-before-zero-copy-copy-2","3-2-2 Photometry-E-Main-zero-process","canvas-photometry-t-main-before-zero-copy-copy-2-text-6","Усиление: 3","增益：3","machine-review-required"
"photometry-t-main-before-zero-copy-copy-2","3-2-2 Photometry-E-Main-zero-process","canvas-photometry-t-main-before-zero-copy-copy-2-text-1781691970267","n=1","n=1","machine-review-required"
"photometry-t-main-before-zero-copy","3-3-2 Photometry-T-Main-zero-process","canvas-photometry-t-main-before-zero-copy-text-1","Фотометрия \","光度测定\","machine-review-required"
"photometry-t-main-before-zero-copy","3-3-2 Photometry-T-Main-zero-process","canvas-photometry-t-main-before-zero-copy-text-2","λ = 546.2 нм","λ = 546.2 纳米","machine-review-required"
"photometry-t-main-before-zero-copy","3-3-2 Photometry-T-Main-zero-process","canvas-photometry-t-main-before-zero-copy-text-3","Обнуление","重置","machine-review-required"
"photometry-t-main-before-zero-copy","3-3-2 Photometry-T-Main-zero-process","canvas-photometry-t-main-before-zero-copy-text-6","12:05","12:05","machine-review-required"
"photometry-t-main-before-zero-copy","3-3-2 Photometry-T-Main-zero-process","canvas-photometry-t-main-before-zero-copy-text-1781692145059","n=1","n=1","machine-review-required"
"photometry-a-main-before-zero-copy-3","3-1-2 Photometry-A-Main-zero-done","canvas-photometry-a-main-before-zero-copy-3-text-1","Фотометрия","光度测定","machine-review-required"
"photometry-a-main-before-zero-copy-3","3-1-2 Photometry-A-Main-zero-done","canvas-photometry-a-main-before-zero-copy-3-text-2","λ = 546.2 нм","λ = 546.2 纳米","machine-review-required"
"photometry-a-main-before-zero-copy-3","3-1-2 Photometry-A-Main-zero-done","canvas-photometry-a-main-before-zero-copy-3-text-3","0.000 A","0.000安","machine-review-required"
"photometry-a-main-before-zero-copy-3","3-1-2 Photometry-A-Main-zero-done","canvas-photometry-a-main-before-zero-copy-3-text-5","12:05","12:05","machine-review-required"
"photometry-a-main-before-zero-copy-3","3-1-2 Photometry-A-Main-zero-done","canvas-photometry-a-main-before-zero-copy-3-text-1781689332042","n=1","n=1","machine-review-required"
"photometry-t-main-zero-process-copy","3-4-1 Photometry-input_wl_process","canvas-photometry-t-main-zero-process-copy-text-1","Фотометрия \","光度测定\","machine-review-required"
"photometry-t-main-zero-process-copy","3-4-1 Photometry-input_wl_process","canvas-photometry-t-main-zero-process-copy-text-2","Текущее λ - 546.2 нм","当前λ - 546.2 nm","machine-review-required"
"photometry-t-main-zero-process-copy","3-4-1 Photometry-input_wl_process","canvas-photometry-t-main-zero-process-copy-text-5","12:05","12:05","machine-review-required"
"photometry-t-main-zero-process-copy","3-4-1 Photometry-input_wl_process","canvas-photometry-t-main-zero-process-copy-text-1781688413349","Введите λ (нм):","输入 λ（纳米）：","machine-review-required"
"photometry-t-main-zero-process-copy","3-4-1 Photometry-input_wl_process","canvas-photometry-t-main-zero-process-copy-text-1781688647157","______","______","machine-review-required"
"photometry-t-main-zero-process-copy","3-4-1 Photometry-input_wl_process","canvas-photometry-t-main-zero-process-copy-text-1781702774085","n=1","n=1","machine-review-required"
"photometry-input-wl-process-copy","3-4-2 Photometry-input_wl_inputing","canvas-photometry-input-wl-process-copy-text-1","Фотометрия \","光度测定\","machine-review-required"
"photometry-input-wl-process-copy","3-4-2 Photometry-input_wl_inputing","canvas-photometry-input-wl-process-copy-text-2","Текущее λ - 546.2 нм","当前λ - 546.2 nm","machine-review-required"
"photometry-input-wl-process-copy","3-4-2 Photometry-input_wl_inputing","canvas-photometry-input-wl-process-copy-text-4","12:05","12:05","machine-review-required"
"photometry-input-wl-process-copy","3-4-2 Photometry-input_wl_inputing","canvas-photometry-input-wl-process-copy-text-5","Введите λ (нм):","输入 λ（纳米）：","machine-review-required"
"photometry-input-wl-process-copy","3-4-2 Photometry-input_wl_inputing","canvas-photometry-input-wl-process-copy-text-6","1054.6","1054.6","machine-review-required"
"photometry-input-wl-process-copy","3-4-2 Photometry-input_wl_inputing","canvas-photometry-input-wl-process-copy-text-1781702854581","n=1","n=1","machine-review-required"
"main-menu-select-setup-copy","8-5 File_group-Corr_λ","canvas-main-menu-select-setup-copy-text-1","Файлы","文件","machine-review-required"
"main-menu-select-setup-copy","8-5 File_group-Corr_λ","canvas-main-menu-select-setup-copy-text-6","Фотометрия","光度测定","machine-review-required"
"main-menu-select-setup-copy","8-5 File_group-Corr_λ","canvas-main-menu-select-setup-copy-text-8","Количеств. анализ","数量分析","machine-review-required"
"main-menu-select-setup-copy","8-5 File_group-Corr_λ","canvas-main-menu-select-setup-copy-text-10","Многоволновой режим","多波模式","machine-review-required"
"main-menu-select-setup-copy","8-5 File_group-Corr_λ","canvas-main-menu-select-setup-copy-text-14","Кинетика","动力学","machine-review-required"
"main-menu-select-setup-copy","8-5 File_group-Corr_λ","canvas-main-menu-select-setup-copy-text-16","17:05","17:05","machine-review-required"
"main-menu-select-setup-copy","8-5 File_group-Corr_λ","canvas-main-menu-select-setup-copy-text-1781692653172","Проверка λ","检查 λ","machine-review-required"
"file-group-corr-copy","8-4 File_group-Kinetics","canvas-file-group-corr-copy-text-1","Файлы","文件","machine-review-required"
"file-group-corr-copy","8-4 File_group-Kinetics","canvas-file-group-corr-copy-text-6","Фотометрия","光度测定","machine-review-required"
"file-group-corr-copy","8-4 File_group-Kinetics","canvas-file-group-corr-copy-text-8","Количеств. анализ","数量分析","machine-review-required"
"file-group-corr-copy","8-4 File_group-Kinetics","canvas-file-group-corr-copy-text-10","Многоволновой режим","多波模式","machine-review-required"
"file-group-corr-copy","8-4 File_group-Kinetics","canvas-file-group-corr-copy-text-14","Кинетика","动力学","machine-review-required"
"file-group-corr-copy","8-4 File_group-Kinetics","canvas-file-group-corr-copy-text-15","17:05","17:05","machine-review-required"
"file-group-corr-copy","8-4 File_group-Kinetics","canvas-file-group-corr-copy-text-16","Проверка λ","检查 λ","machine-review-required"
"file-group-kinetics-copy","8-3 File_group-Multiwavelength","canvas-file-group-kinetics-copy-text-1","Файлы","文件","machine-review-required"
"file-group-kinetics-copy","8-3 File_group-Multiwavelength","canvas-file-group-kinetics-copy-text-6","Фотометрия","光度测定","machine-review-required"
"file-group-kinetics-copy","8-3 File_group-Multiwavelength","canvas-file-group-kinetics-copy-text-8","Количеств. анализ","数量分析","machine-review-required"
"file-group-kinetics-copy","8-3 File_group-Multiwavelength","canvas-file-group-kinetics-copy-text-10","Многоволновой режим","多波模式","machine-review-required"
"file-group-kinetics-copy","8-3 File_group-Multiwavelength","canvas-file-group-kinetics-copy-text-14","Кинетика","动力学","machine-review-required"
"file-group-kinetics-copy","8-3 File_group-Multiwavelength","canvas-file-group-kinetics-copy-text-15","17:05","17:05","machine-review-required"
"file-group-kinetics-copy","8-3 File_group-Multiwavelength","canvas-file-group-kinetics-copy-text-16","Проверка λ","检查 λ","machine-review-required"
"file-group-multiwavelength-copy","8-2 File_group-Quantitative_analysis","canvas-file-group-multiwavelength-copy-text-1","Файлы","文件","machine-review-required"
"file-group-multiwavelength-copy","8-2 File_group-Quantitative_analysis","canvas-file-group-multiwavelength-copy-text-6","Фотометрия","光度测定","machine-review-required"
"file-group-multiwavelength-copy","8-2 File_group-Quantitative_analysis","canvas-file-group-multiwavelength-copy-text-8","Количеств. анализ","数量分析","machine-review-required"
"file-group-multiwavelength-copy","8-2 File_group-Quantitative_analysis","canvas-file-group-multiwavelength-copy-text-10","Многоволновой режим","多波模式","machine-review-required"
"file-group-multiwavelength-copy","8-2 File_group-Quantitative_analysis","canvas-file-group-multiwavelength-copy-text-14","Кинетика","动力学","machine-review-required"
"file-group-multiwavelength-copy","8-2 File_group-Quantitative_analysis","canvas-file-group-multiwavelength-copy-text-15","17:05","17:05","machine-review-required"
"file-group-multiwavelength-copy","8-2 File_group-Quantitative_analysis","canvas-file-group-multiwavelength-copy-text-16","Проверка λ","检查 λ","machine-review-required"
"file-group-quantitative-copy","8-1 File_group-Photometry","canvas-file-group-quantitative-copy-text-1","Файлы","文件","machine-review-required"
"file-group-quantitative-copy","8-1 File_group-Photometry","canvas-file-group-quantitative-copy-text-6","Фотометрия","光度测定","machine-review-required"
"file-group-quantitative-copy","8-1 File_group-Photometry","canvas-file-group-quantitative-copy-text-8","Количеств. анализ","数量分析","machine-review-required"
"file-group-quantitative-copy","8-1 File_group-Photometry","canvas-file-group-quantitative-copy-text-10","Многоволновой режим","多波模式","machine-review-required"
"file-group-quantitative-copy","8-1 File_group-Photometry","canvas-file-group-quantitative-copy-text-14","Кинетика","动力学","machine-review-required"
"file-group-quantitative-copy","8-1 File_group-Photometry","canvas-file-group-quantitative-copy-text-15","17:05","17:05","machine-review-required"
"file-group-quantitative-copy","8-1 File_group-Photometry","canvas-file-group-quantitative-copy-text-16","Корректировка λ","调整λ","machine-review-required"
"file-photometry-select-copy","8-1-1 File_group-Photometry-Mn-select","canvas-file-photometry-select-copy-text-1","Файлы","文件","machine-review-required"
"file-photometry-select-copy","8-1-1 File_group-Photometry-Mn-select","canvas-file-photometry-select-copy-text-6","Фотометрия","光度测定","machine-review-required"
"file-photometry-select-copy","8-1-1 File_group-Photometry-Mn-select","canvas-file-photometry-select-copy-text-8","Mn.bas","碱性锰","machine-review-required"
"file-photometry-select-copy","8-1-1 File_group-Photometry-Mn-select","canvas-file-photometry-select-copy-text-10","water.bas","水基","machine-review-required"
"file-photometry-select-copy","8-1-1 File_group-Photometry-Mn-select","canvas-file-photometry-select-copy-text-15","17:05","17:05","machine-review-required"
"file-photometry-select-copy-copy","8-1-1-1 File_Photometry_Mn_open","canvas-file-photometry-select-copy-copy-text-1","Файлы","文件","machine-review-required"
"file-photometry-select-copy-copy","8-1-1-1 File_Photometry_Mn_open","canvas-file-photometry-select-copy-copy-text-6","Действие","行动","machine-review-required"
"file-photometry-select-copy-copy","8-1-1-1 File_Photometry_Mn_open","canvas-file-photometry-select-copy-copy-text-7","Mn.bas","碱性锰","machine-review-required"
"file-photometry-select-copy-copy","8-1-1-1 File_Photometry_Mn_open","canvas-file-photometry-select-copy-copy-text-11","17:05","17:05","machine-review-required"
"file-photometry-select-copy-copy","8-1-1-1 File_Photometry_Mn_open","canvas-file-photometry-select-copy-copy-text-1781693648579","Открыть","打开","machine-review-required"
"file-photometry-select-copy-copy","8-1-1-1 File_Photometry_Mn_open","canvas-file-photometry-select-copy-copy-text-1781693678836","Удалить","删除","machine-review-required"
"file-photometry-select-copy-copy","8-1-1-1 File_Photometry_Mn_open","canvas-file-photometry-select-copy-copy-text-1781694075016","Переименовать","重命名","machine-review-required"
"file-photometry-select-copy-copy","8-1-1-1 File_Photometry_Mn_open","canvas-file-photometry-select-copy-copy-text-1781694180740","Экспорт на USB","导出至 USB","machine-review-required"
"file-photometry-select-copy-copy-copy","8-Files-storage navigator","canvas-file-photometry-select-copy-copy-copy-text-1","Файлы","文件","machine-review-required"
"file-photometry-select-copy-copy-copy","8-Files-storage navigator","canvas-file-photometry-select-copy-copy-copy-text-6","Место","地方","machine-review-required"
"file-photometry-select-copy-copy-copy","8-Files-storage navigator","canvas-file-photometry-select-copy-copy-copy-text-10","17:05","17:05","machine-review-required"
"file-photometry-select-copy-copy-copy","8-Files-storage navigator","canvas-file-photometry-select-copy-copy-copy-text-12","Внутренняя память","内存","machine-review-required"
"file-photometry-select-copy-copy-copy","8-Files-storage navigator","canvas-file-photometry-select-copy-copy-copy-text-13","USB-накопитель","USB 闪存驱动器","machine-review-required"
"file-photometry-select-copy-copy-copy-copy-2","8-1-1-2-1 File_Photometry_Mn_renaming","canvas-file-photometry-select-copy-copy-copy-copy-2-text-1","Файлы","文件","machine-review-required"
"file-photometry-select-copy-copy-copy-copy-2","8-1-1-2-1 File_Photometry_Mn_renaming","canvas-file-photometry-select-copy-copy-copy-copy-2-text-6","Переименовать","重命名","machine-review-required"
"file-photometry-select-copy-copy-copy-copy-2","8-1-1-2-1 File_Photometry_Mn_renaming","canvas-file-photometry-select-copy-copy-copy-copy-2-text-7","Mn.bas","碱性锰","machine-review-required"
"file-photometry-select-copy-copy-copy-copy-2","8-1-1-2-1 File_Photometry_Mn_renaming","canvas-file-photometry-select-copy-copy-copy-copy-2-text-10","17:05","17:05","machine-review-required"
"file-photometry-select-copy-copy-copy-copy-2","8-1-1-2-1 File_Photometry_Mn_renaming","canvas-file-photometry-select-copy-copy-copy-copy-2-text-1781694630752","Введите название файла","输入文件名","machine-review-required"
"file-photometry-select-copy-copy-copy-copy-2","8-1-1-2-1 File_Photometry_Mn_renaming","canvas-file-photometry-select-copy-copy-copy-copy-2-text-1781694700377","_____","_____","machine-review-required"
"file-photometry-select-copy-copy-copy-copy-copy-3","8-1-1-3-1 File_Photometry_Mn_deleting-No","canvas-file-photometry-select-copy-copy-copy-copy-copy-3-text-1","Файлы","文件","machine-review-required"
"file-photometry-select-copy-copy-copy-copy-copy-3","8-1-1-3-1 File_Photometry_Mn_deleting-No","canvas-file-photometry-select-copy-copy-copy-copy-copy-3-text-7","Mn.bas","碱性锰","machine-review-required"
"file-photometry-select-copy-copy-copy-copy-copy-3","8-1-1-3-1 File_Photometry_Mn_deleting-No","canvas-file-photometry-select-copy-copy-copy-copy-copy-3-text-8","17:05","17:05","machine-review-required"
"file-photometry-select-copy-copy-copy-copy-copy-3","8-1-1-3-1 File_Photometry_Mn_deleting-No","canvas-file-photometry-select-copy-copy-copy-copy-copy-3-text-10","Удалить файл ?","删除文件？","machine-review-required"
"file-photometry-select-copy-copy-copy-copy-copy-3","8-1-1-3-1 File_Photometry_Mn_deleting-No","canvas-file-photometry-select-copy-copy-copy-copy-copy-3-text-1781695056212","Нет","不","machine-review-required"
"file-photometry-select-copy-copy-copy-copy-copy-3","8-1-1-3-1 File_Photometry_Mn_deleting-No","canvas-file-photometry-select-copy-copy-copy-copy-copy-3-text-1781695168796","Да","是的","machine-review-required"
"usb-storage-connected-copy","USB-storage disconnected","canvas-usb-storage-connected-copy-text-1","USB-накопитель","USB 闪存驱动器","machine-review-required"
"usb-storage-connected-copy","USB-storage disconnected","canvas-usb-storage-connected-copy-text-2","отключён","残疾人","machine-review-required"
"photometry-input-wl-done-copy","3-5-1 Photometry-parameters-mode","canvas-photometry-input-wl-done-copy-text-1","Фотометрия \","光度测定\","machine-review-required"
"photometry-input-wl-done-copy","3-5-1 Photometry-parameters-mode","canvas-photometry-input-wl-done-copy-text-4","12:05","12:05","machine-review-required"
"photometry-input-wl-done-copy","3-5-1 Photometry-parameters-mode","canvas-photometry-input-wl-done-copy-text-1781702592273","Параметры","选项","machine-review-required"
"photometry-input-wl-done-copy","3-5-1 Photometry-parameters-mode","canvas-photometry-input-wl-done-copy-text-1781702643233","Измеряемая величина","测量数量","machine-review-required"
"photometry-input-wl-done-copy","3-5-1 Photometry-parameters-mode","canvas-photometry-input-wl-done-copy-text-1781702670217","Паралл. измерения","并行测量","machine-review-required"
"photometry-input-wl-done-copy","3-5-1 Photometry-parameters-mode","canvas-photometry-input-wl-done-copy-text-1781702895173","n=1","n=1","machine-review-required"
"photometry-input-wl-done-copy-copy","3-5-2 Photometry-parameters-parall measurements","canvas-photometry-input-wl-done-copy-copy-text-1","Фотометрия \","光度测定\","machine-review-required"
"photometry-input-wl-done-copy-copy","3-5-2 Photometry-parameters-parall measurements","canvas-photometry-input-wl-done-copy-copy-text-3","12:05","12:05","machine-review-required"
"photometry-input-wl-done-copy-copy","3-5-2 Photometry-parameters-parall measurements","canvas-photometry-input-wl-done-copy-copy-text-4","Параметры","选项","machine-review-required"
"photometry-input-wl-done-copy-copy","3-5-2 Photometry-parameters-parall measurements","canvas-photometry-input-wl-done-copy-copy-text-8","Измеряемая величина","测量数量","machine-review-required"
"photometry-input-wl-done-copy-copy","3-5-2 Photometry-parameters-parall measurements","canvas-photometry-input-wl-done-copy-copy-text-9","Паралл. измерения","并行测量","machine-review-required"
"photometry-input-wl-done-copy-copy","3-5-2 Photometry-parameters-parall measurements","canvas-photometry-input-wl-done-copy-copy-text-10","n=1","n=1","machine-review-required"
"photometry-input-wl-done-copy-copy-copy","3-5-1-1 Photometry-parameters-mode-A","canvas-photometry-input-wl-done-copy-copy-copy-text-1","Фотометрия \","光度测定\","machine-review-required"
"photometry-input-wl-done-copy-copy-copy","3-5-1-1 Photometry-parameters-mode-A","canvas-photometry-input-wl-done-copy-copy-copy-text-3","12:05","12:05","machine-review-required"
"photometry-input-wl-done-copy-copy-copy","3-5-1-1 Photometry-parameters-mode-A","canvas-photometry-input-wl-done-copy-copy-copy-text-8","Измеряемая величина","测量数量","machine-review-required"
"photometry-input-wl-done-copy-copy-copy","3-5-1-1 Photometry-parameters-mode-A","canvas-photometry-input-wl-done-copy-copy-copy-text-9","A","一个","machine-review-required"
"photometry-input-wl-done-copy-copy-copy","3-5-1-1 Photometry-parameters-mode-A","canvas-photometry-input-wl-done-copy-copy-copy-text-10","n=1","n=1","machine-review-required"
"photometry-input-wl-done-copy-copy-copy","3-5-1-1 Photometry-parameters-mode-A","canvas-photometry-input-wl-done-copy-copy-copy-text-1781703123981","%T","%T","machine-review-required"
"photometry-input-wl-done-copy-copy-copy","3-5-1-1 Photometry-parameters-mode-A","canvas-photometry-input-wl-done-copy-copy-copy-text-1781703185737","E","乙","machine-review-required"
"photometry-parameter-mode-copy","3-5-1-2 Photometry-parameters-mode-T","canvas-photometry-parameter-mode-copy-text-1","Фотометрия \","光度测定\","machine-review-required"
"photometry-parameter-mode-copy","3-5-1-2 Photometry-parameters-mode-T","canvas-photometry-parameter-mode-copy-text-3","12:05","12:05","machine-review-required"
"photometry-parameter-mode-copy","3-5-1-2 Photometry-parameters-mode-T","canvas-photometry-parameter-mode-copy-text-7","Измеряемая величина","测量数量","machine-review-required"
"photometry-parameter-mode-copy","3-5-1-2 Photometry-parameters-mode-T","canvas-photometry-parameter-mode-copy-text-8","A","一个","machine-review-required"
"photometry-parameter-mode-copy","3-5-1-2 Photometry-parameters-mode-T","canvas-photometry-parameter-mode-copy-text-9","n=1","n=1","machine-review-required"
"photometry-parameter-mode-copy","3-5-1-2 Photometry-parameters-mode-T","canvas-photometry-parameter-mode-copy-text-10","%T","%T","machine-review-required"
"photometry-parameter-mode-copy","3-5-1-2 Photometry-parameters-mode-T","canvas-photometry-parameter-mode-copy-text-12","E","乙","machine-review-required"
"photometry-parameter-mode-copy-copy","3-5-1-3 Photometry-parameters-mode-E","canvas-photometry-parameter-mode-copy-copy-text-1","Фотометрия \","光度测定\","machine-review-required"
"photometry-parameter-mode-copy-copy","3-5-1-3 Photometry-parameters-mode-E","canvas-photometry-parameter-mode-copy-copy-text-3","12:05","12:05","machine-review-required"
"photometry-parameter-mode-copy-copy","3-5-1-3 Photometry-parameters-mode-E","canvas-photometry-parameter-mode-copy-copy-text-7","Измеряемая величина","测量数量","machine-review-required"
"photometry-parameter-mode-copy-copy","3-5-1-3 Photometry-parameters-mode-E","canvas-photometry-parameter-mode-copy-copy-text-8","A","一个","machine-review-required"
"photometry-parameter-mode-copy-copy","3-5-1-3 Photometry-parameters-mode-E","canvas-photometry-parameter-mode-copy-copy-text-9","n=1","n=1","machine-review-required"
"photometry-parameter-mode-copy-copy","3-5-1-3 Photometry-parameters-mode-E","canvas-photometry-parameter-mode-copy-copy-text-10","%T","%T","machine-review-required"
"photometry-parameter-mode-copy-copy","3-5-1-3 Photometry-parameters-mode-E","canvas-photometry-parameter-mode-copy-copy-text-12","E","乙","machine-review-required"
"photometry-parameter-mode-copy-copy-copy-copy","3-5-1-3-1 Photometry-parameters-mode-E-inputing gain","canvas-photometry-parameter-mode-copy-copy-copy-copy-text-1","Фотометрия \","光度测定\","machine-review-required"
"photometry-parameter-mode-copy-copy-copy-copy","3-5-1-3-1 Photometry-parameters-mode-E-inputing gain","canvas-photometry-parameter-mode-copy-copy-copy-copy-text-3","12:05","12:05","machine-review-required"
"photometry-parameter-mode-copy-copy-copy-copy","3-5-1-3-1 Photometry-parameters-mode-E-inputing gain","canvas-photometry-parameter-mode-copy-copy-copy-copy-text-5","Измеряемая величина - E","测量数量 - E","machine-review-required"
"photometry-parameter-mode-copy-copy-copy-copy","3-5-1-3-1 Photometry-parameters-mode-E-inputing gain","canvas-photometry-parameter-mode-copy-copy-copy-copy-text-6","n=1","n=1","machine-review-required"
"photometry-parameter-mode-copy-copy-copy-copy","3-5-1-3-1 Photometry-parameters-mode-E-inputing gain","canvas-photometry-parameter-mode-copy-copy-copy-copy-text-7","Введите значение","输入值","machine-review-required"
"photometry-parameter-mode-copy-copy-copy-copy","3-5-1-3-1 Photometry-parameters-mode-E-inputing gain","canvas-photometry-parameter-mode-copy-copy-copy-copy-text-8","усиления","获得","machine-review-required"
"photometry-parameter-mode-copy-copy-copy-copy","3-5-1-3-1 Photometry-parameters-mode-E-inputing gain","canvas-photometry-parameter-mode-copy-copy-copy-copy-text-10","2","2","machine-review-required"
"photometry-parameter-mode-copy-copy-copy-copy","3-5-1-3-1 Photometry-parameters-mode-E-inputing gain","canvas-photometry-parameter-mode-copy-copy-copy-copy-text-1781788302214","Текущее значение","当前值","machine-review-required"
"photometry-parameter-mode-copy-copy-copy-copy","3-5-1-3-1 Photometry-parameters-mode-E-inputing gain","canvas-photometry-parameter-mode-copy-copy-copy-copy-text-1781788408134","усиления","获得","machine-review-required"
"photometry-parameter-mode-copy-copy-copy-copy","3-5-1-3-1 Photometry-parameters-mode-E-inputing gain","canvas-photometry-parameter-mode-copy-copy-copy-copy-text-1781789142687","_","_","machine-review-required"
"photometry-parameter-mode-copy-copy-copy-copy-copy-copy","3-5-2-1 Photometry-parameters-parall measurements-inputing","canvas-photometry-parameter-mode-copy-copy-copy-copy-copy-copy-text-1","Фотометрия \","光度测定\","machine-review-required"
"photometry-parameter-mode-copy-copy-copy-copy-copy-copy","3-5-2-1 Photometry-parameters-parall measurements-inputing","canvas-photometry-parameter-mode-copy-copy-copy-copy-copy-copy-text-3","12:05","12:05","machine-review-required"
"photometry-parameter-mode-copy-copy-copy-copy-copy-copy","3-5-2-1 Photometry-parameters-parall measurements-inputing","canvas-photometry-parameter-mode-copy-copy-copy-copy-copy-copy-text-5","Параллельные измерения","并行测量","machine-review-required"
"photometry-parameter-mode-copy-copy-copy-copy-copy-copy","3-5-2-1 Photometry-parameters-parall measurements-inputing","canvas-photometry-parameter-mode-copy-copy-copy-copy-copy-copy-text-6","n=1","n=1","machine-review-required"
"photometry-parameter-mode-copy-copy-copy-copy-copy-copy","3-5-2-1 Photometry-parameters-parall measurements-inputing","canvas-photometry-parameter-mode-copy-copy-copy-copy-copy-copy-text-7","Введите число","输入号码","machine-review-required"
"photometry-parameter-mode-copy-copy-copy-copy-copy-copy","3-5-2-1 Photometry-parameters-parall measurements-inputing","canvas-photometry-parameter-mode-copy-copy-copy-copy-copy-copy-text-8","парал. измерений (n)","平行。尺寸（n）","machine-review-required"
"photometry-parameter-mode-copy-copy-copy-copy-copy-copy","3-5-2-1 Photometry-parameters-parall measurements-inputing","canvas-photometry-parameter-mode-copy-copy-copy-copy-copy-copy-text-9","-","-","machine-review-required"
"photometry-parameter-mode-copy-copy-copy-copy-copy-copy","3-5-2-1 Photometry-parameters-parall measurements-inputing","canvas-photometry-parameter-mode-copy-copy-copy-copy-copy-copy-text-10","_","_","machine-review-required"
"photometry-parameter-mode-copy-copy-copy-copy-copy-copy-copy","3-6-1-1 Photometry-A-n-1-measurement-not fixed","canvas-photometry-parameter-mode-copy-copy-copy-copy-copy-copy-copy-text-1","Фотометрия \","光度测定\","machine-review-required"
"photometry-parameter-mode-copy-copy-copy-copy-copy-copy-copy","3-6-1-1 Photometry-A-n-1-measurement-not fixed","canvas-photometry-parameter-mode-copy-copy-copy-copy-copy-copy-copy-text-3","12:05","12:05","machine-review-required"
"photometry-parameter-mode-copy-copy-copy-copy-copy-copy-copy","3-6-1-1 Photometry-A-n-1-measurement-not fixed","canvas-photometry-parameter-mode-copy-copy-copy-copy-copy-copy-copy-text-5","№","○","machine-review-required"
"photometry-parameter-mode-copy-copy-copy-copy-copy-copy-copy","3-6-1-1 Photometry-A-n-1-measurement-not fixed","canvas-photometry-parameter-mode-copy-copy-copy-copy-copy-copy-copy-text-6","n=3","n=3","machine-review-required"
"photometry-parameter-mode-copy-copy-copy-copy-copy-copy-copy","3-6-1-1 Photometry-A-n-1-measurement-not fixed","canvas-photometry-parameter-mode-copy-copy-copy-copy-copy-copy-copy-text-1781708623652","A","一个","machine-review-required"
"photometry-parameter-mode-copy-copy-copy-copy-copy-copy-copy","3-6-1-1 Photometry-A-n-1-measurement-not fixed","canvas-photometry-parameter-mode-copy-copy-copy-copy-copy-copy-copy-text-1781708822168","λ=1054.3 нм","λ=1054.3纳米","machine-review-required"
"photometry-parameter-mode-copy-copy-copy-copy-copy-copy-copy","3-6-1-1 Photometry-A-n-1-measurement-not fixed","canvas-photometry-parameter-mode-copy-copy-copy-copy-copy-copy-copy-text-1781709191724","A","一个","machine-review-required"
"photometry-parameter-mode-copy-copy-copy-copy-copy-copy-copy","3-6-1-1 Photometry-A-n-1-measurement-not fixed","canvas-photometry-parameter-mode-copy-copy-copy-copy-copy-copy-copy-text-1781709238556","0.3248","0.3248","machine-review-required"
"file-group-photometry-mn-select-copy","8-1-2 File_group-Photometry-water-select","canvas-file-group-photometry-mn-select-copy-text-1","Файлы","文件","machine-review-required"
"file-group-photometry-mn-select-copy","8-1-2 File_group-Photometry-water-select","canvas-file-group-photometry-mn-select-copy-text-6","Фотометрия","光度测定","machine-review-required"
"file-group-photometry-mn-select-copy","8-1-2 File_group-Photometry-water-select","canvas-file-group-photometry-mn-select-copy-text-7","Mn.bas","碱性锰","machine-review-required"
"file-group-photometry-mn-select-copy","8-1-2 File_group-Photometry-water-select","canvas-file-group-photometry-mn-select-copy-text-9","water.bas","水基","machine-review-required"
"file-group-photometry-mn-select-copy","8-1-2 File_group-Photometry-water-select","canvas-file-group-photometry-mn-select-copy-text-11","17:05","17:05","machine-review-required"
"file-group-photometry-water-select-copy","8-2-3 File_group-Quantitative_analysis-coefficients","canvas-file-group-photometry-water-select-copy-text-1","Файлы","文件","machine-review-required"
"file-group-photometry-water-select-copy","8-2-3 File_group-Quantitative_analysis-coefficients","canvas-file-group-photometry-water-select-copy-text-6","Количественный анализ","定量分析","machine-review-required"
"file-group-photometry-water-select-copy","8-2-3 File_group-Quantitative_analysis-coefficients","canvas-file-group-photometry-water-select-copy-text-7","Градуировки","毕业","machine-review-required"
"file-group-photometry-water-select-copy","8-2-3 File_group-Quantitative_analysis-coefficients","canvas-file-group-photometry-water-select-copy-text-9","Результаты","结果","machine-review-required"
"file-group-photometry-water-select-copy","8-2-3 File_group-Quantitative_analysis-coefficients","canvas-file-group-photometry-water-select-copy-text-11","17:05","17:05","machine-review-required"
"file-group-photometry-water-select-copy","8-2-3 File_group-Quantitative_analysis-coefficients","canvas-file-group-photometry-water-select-copy-text-1781774344060","Коэффициенты","赔率","machine-review-required"
"file-photometry-select-copy-copy-copy-3","8-1-1-5 File_Photometry_Mn_info","canvas-file-photometry-select-copy-copy-copy-3-text-1","Файлы","文件","machine-review-required"
"file-photometry-select-copy-copy-copy-3","8-1-1-5 File_Photometry_Mn_info","canvas-file-photometry-select-copy-copy-copy-3-text-6","Действие","行动","machine-review-required"
"file-photometry-select-copy-copy-copy-3","8-1-1-5 File_Photometry_Mn_info","canvas-file-photometry-select-copy-copy-copy-3-text-7","Mn.bas","碱性锰","machine-review-required"
"file-photometry-select-copy-copy-copy-3","8-1-1-5 File_Photometry_Mn_info","canvas-file-photometry-select-copy-copy-copy-3-text-10","17:05","17:05","machine-review-required"
"file-photometry-select-copy-copy-copy-3","8-1-1-5 File_Photometry_Mn_info","canvas-file-photometry-select-copy-copy-copy-3-text-13","Удалить","删除","machine-review-required"
"file-photometry-select-copy-copy-copy-3","8-1-1-5 File_Photometry_Mn_info","canvas-file-photometry-select-copy-copy-copy-3-text-15","Переименовать","重命名","machine-review-required"
"file-photometry-select-copy-copy-copy-3","8-1-1-5 File_Photometry_Mn_info","canvas-file-photometry-select-copy-copy-copy-3-text-17","Экспорт на USB","导出至 USB","machine-review-required"
"file-photometry-select-copy-copy-copy-3","8-1-1-5 File_Photometry_Mn_info","canvas-file-photometry-select-copy-copy-copy-3-text-1781773766949","Сведения","智力","machine-review-required"
"file-group-quantitative-analysis-coefficients-copy","8-2-2 File_group-Quantitative_analysis-results","canvas-file-group-quantitative-analysis-coefficients-copy-text-1","Файлы","文件","machine-review-required"
"file-group-quantitative-analysis-coefficients-copy","8-2-2 File_group-Quantitative_analysis-results","canvas-file-group-quantitative-analysis-coefficients-copy-text-6","Количественный анализ","定量分析","machine-review-required"
"file-group-quantitative-analysis-coefficients-copy","8-2-2 File_group-Quantitative_analysis-results","canvas-file-group-quantitative-analysis-coefficients-copy-text-7","Градуировки","毕业","machine-review-required"
"file-group-quantitative-analysis-coefficients-copy","8-2-2 File_group-Quantitative_analysis-results","canvas-file-group-quantitative-analysis-coefficients-copy-text-9","Результаты","结果","machine-review-required"
"file-group-quantitative-analysis-coefficients-copy","8-2-2 File_group-Quantitative_analysis-results","canvas-file-group-quantitative-analysis-coefficients-copy-text-11","17:05","17:05","machine-review-required"
"file-group-quantitative-analysis-coefficients-copy","8-2-2 File_group-Quantitative_analysis-results","canvas-file-group-quantitative-analysis-coefficients-copy-text-14","Коэффициенты","赔率","machine-review-required"
"file-group-quantitative-analysis-coefficients-copy-copy","8-2-1 File_group-Quantitative_analysis-curves","canvas-file-group-quantitative-analysis-coefficients-copy-copy-text-1","Файлы","文件","machine-review-required"
"file-group-quantitative-analysis-coefficients-copy-copy","8-2-1 File_group-Quantitative_analysis-curves","canvas-file-group-quantitative-analysis-coefficients-copy-copy-text-6","Количественный анализ","定量分析","machine-review-required"
"file-group-quantitative-analysis-coefficients-copy-copy","8-2-1 File_group-Quantitative_analysis-curves","canvas-file-group-quantitative-analysis-coefficients-copy-copy-text-7","Градуировки","毕业","machine-review-required"
"file-group-quantitative-analysis-coefficients-copy-copy","8-2-1 File_group-Quantitative_analysis-curves","canvas-file-group-quantitative-analysis-coefficients-copy-copy-text-9","Результаты","结果","machine-review-required"
"file-group-quantitative-analysis-coefficients-copy-copy","8-2-1 File_group-Quantitative_analysis-curves","canvas-file-group-quantitative-analysis-coefficients-copy-copy-text-11","17:05","17:05","machine-review-required"
"file-group-quantitative-analysis-coefficients-copy-copy","8-2-1 File_group-Quantitative_analysis-curves","canvas-file-group-quantitative-analysis-coefficients-copy-copy-text-14","Коэффициенты","赔率","machine-review-required"
"8-1-1-1-file-photometry-select-copy-copy-copy","8-1-1-2 File_Photometry_Mn_rename","canvas-8-1-1-1-file-photometry-select-copy-copy-copy-text-1","Файлы","文件","machine-review-required"
"8-1-1-1-file-photometry-select-copy-copy-copy","8-1-1-2 File_Photometry_Mn_rename","canvas-8-1-1-1-file-photometry-select-copy-copy-copy-text-6","Действие","行动","machine-review-required"
"8-1-1-1-file-photometry-select-copy-copy-copy","8-1-1-2 File_Photometry_Mn_rename","canvas-8-1-1-1-file-photometry-select-copy-copy-copy-text-7","Mn.bas","碱性锰","machine-review-required"
"8-1-1-1-file-photometry-select-copy-copy-copy","8-1-1-2 File_Photometry_Mn_rename","canvas-8-1-1-1-file-photometry-select-copy-copy-copy-text-10","17:05","17:05","machine-review-required"
"8-1-1-1-file-photometry-select-copy-copy-copy","8-1-1-2 File_Photometry_Mn_rename","canvas-8-1-1-1-file-photometry-select-copy-copy-copy-text-12","Открыть","打开","machine-review-required"
"8-1-1-1-file-photometry-select-copy-copy-copy","8-1-1-2 File_Photometry_Mn_rename","canvas-8-1-1-1-file-photometry-select-copy-copy-copy-text-13","Удалить","删除","machine-review-required"
"8-1-1-1-file-photometry-select-copy-copy-copy","8-1-1-2 File_Photometry_Mn_rename","canvas-8-1-1-1-file-photometry-select-copy-copy-copy-text-15","Переименовать","重命名","machine-review-required"
"8-1-1-1-file-photometry-select-copy-copy-copy","8-1-1-2 File_Photometry_Mn_rename","canvas-8-1-1-1-file-photometry-select-copy-copy-copy-text-17","Экспорт на USB","导出至 USB","machine-review-required"
"8-1-1-2-file-photometry-select-rename-copy","8-1-1-3 File_Photometry_Mn_delete","canvas-8-1-1-2-file-photometry-select-rename-copy-text-1","Файлы","文件","machine-review-required"
"8-1-1-2-file-photometry-select-rename-copy","8-1-1-3 File_Photometry_Mn_delete","canvas-8-1-1-2-file-photometry-select-rename-copy-text-6","Действие","行动","machine-review-required"
"8-1-1-2-file-photometry-select-rename-copy","8-1-1-3 File_Photometry_Mn_delete","canvas-8-1-1-2-file-photometry-select-rename-copy-text-7","Mn.bas","碱性锰","machine-review-required"
"8-1-1-2-file-photometry-select-rename-copy","8-1-1-3 File_Photometry_Mn_delete","canvas-8-1-1-2-file-photometry-select-rename-copy-text-10","17:05","17:05","machine-review-required"
"8-1-1-2-file-photometry-select-rename-copy","8-1-1-3 File_Photometry_Mn_delete","canvas-8-1-1-2-file-photometry-select-rename-copy-text-12","Открыть","打开","machine-review-required"
"8-1-1-2-file-photometry-select-rename-copy","8-1-1-3 File_Photometry_Mn_delete","canvas-8-1-1-2-file-photometry-select-rename-copy-text-13","Удалить","删除","machine-review-required"
"8-1-1-2-file-photometry-select-rename-copy","8-1-1-3 File_Photometry_Mn_delete","canvas-8-1-1-2-file-photometry-select-rename-copy-text-15","Переименовать","重命名","machine-review-required"
"8-1-1-2-file-photometry-select-rename-copy","8-1-1-3 File_Photometry_Mn_delete","canvas-8-1-1-2-file-photometry-select-rename-copy-text-17","Экспорт на USB","导出至 USB","machine-review-required"
"8-1-1-3-file-photometry-select-delete-copy","8-1-1-6 File_Photometry_Mn_import","canvas-8-1-1-3-file-photometry-select-delete-copy-text-1","Файлы","文件","machine-review-required"
"8-1-1-3-file-photometry-select-delete-copy","8-1-1-6 File_Photometry_Mn_import","canvas-8-1-1-3-file-photometry-select-delete-copy-text-6","Действие","行动","machine-review-required"
"8-1-1-3-file-photometry-select-delete-copy","8-1-1-6 File_Photometry_Mn_import","canvas-8-1-1-3-file-photometry-select-delete-copy-text-7","Mn.bas","碱性锰","machine-review-required"
"8-1-1-3-file-photometry-select-delete-copy","8-1-1-6 File_Photometry_Mn_import","canvas-8-1-1-3-file-photometry-select-delete-copy-text-10","17:05","17:05","machine-review-required"
"8-1-1-3-file-photometry-select-delete-copy","8-1-1-6 File_Photometry_Mn_import","canvas-8-1-1-3-file-photometry-select-delete-copy-text-12","Открыть","打开","machine-review-required"
"8-1-1-3-file-photometry-select-delete-copy","8-1-1-6 File_Photometry_Mn_import","canvas-8-1-1-3-file-photometry-select-delete-copy-text-13","Удалить","删除","machine-review-required"
"8-1-1-3-file-photometry-select-delete-copy","8-1-1-6 File_Photometry_Mn_import","canvas-8-1-1-3-file-photometry-select-delete-copy-text-15","Переименовать","重命名","machine-review-required"
"8-1-1-3-file-photometry-select-delete-copy","8-1-1-6 File_Photometry_Mn_import","canvas-8-1-1-3-file-photometry-select-delete-copy-text-17","Загрузить в прибор","加载到设备中","machine-review-required"
"8-1-1-4-file-photometry-select-export-usb-copy","8-1-1-4 File_Photometry_Mn_export-USB Copy","canvas-8-1-1-4-file-photometry-select-export-usb-copy-text-1","Файлы","文件","machine-review-required"
"8-1-1-4-file-photometry-select-export-usb-copy","8-1-1-4 File_Photometry_Mn_export-USB Copy","canvas-8-1-1-4-file-photometry-select-export-usb-copy-text-6","Действие","行动","machine-review-required"
"8-1-1-4-file-photometry-select-export-usb-copy","8-1-1-4 File_Photometry_Mn_export-USB Copy","canvas-8-1-1-4-file-photometry-select-export-usb-copy-text-7","Mn.bas","碱性锰","machine-review-required"
"8-1-1-4-file-photometry-select-export-usb-copy","8-1-1-4 File_Photometry_Mn_export-USB Copy","canvas-8-1-1-4-file-photometry-select-export-usb-copy-text-10","17:05","17:05","machine-review-required"
"8-1-1-4-file-photometry-select-export-usb-copy","8-1-1-4 File_Photometry_Mn_export-USB Copy","canvas-8-1-1-4-file-photometry-select-export-usb-copy-text-12","Открыть","打开","machine-review-required"
"8-1-1-4-file-photometry-select-export-usb-copy","8-1-1-4 File_Photometry_Mn_export-USB Copy","canvas-8-1-1-4-file-photometry-select-export-usb-copy-text-13","Удалить","删除","machine-review-required"
"8-1-1-4-file-photometry-select-export-usb-copy","8-1-1-4 File_Photometry_Mn_export-USB Copy","canvas-8-1-1-4-file-photometry-select-export-usb-copy-text-15","Переименовать","重命名","machine-review-required"
"8-1-1-4-file-photometry-select-export-usb-copy","8-1-1-4 File_Photometry_Mn_export-USB Copy","canvas-8-1-1-4-file-photometry-select-export-usb-copy-text-17","Экспорт на USB","导出至 USB","machine-review-required"
"file-photometry-select-copy-copy-copy-copy-copy-copy","8-1-1-3-2 File_Photometry_Mn_deleting-Yes","canvas-file-photometry-select-copy-copy-copy-copy-copy-copy-text-1","Файлы","文件","machine-review-required"
"file-photometry-select-copy-copy-copy-copy-copy-copy","8-1-1-3-2 File_Photometry_Mn_deleting-Yes","canvas-file-photometry-select-copy-copy-copy-copy-copy-copy-text-6","Mn.bas","碱性锰","machine-review-required"
"file-photometry-select-copy-copy-copy-copy-copy-copy","8-1-1-3-2 File_Photometry_Mn_deleting-Yes","canvas-file-photometry-select-copy-copy-copy-copy-copy-copy-text-7","17:05","17:05","machine-review-required"
"file-photometry-select-copy-copy-copy-copy-copy-copy","8-1-1-3-2 File_Photometry_Mn_deleting-Yes","canvas-file-photometry-select-copy-copy-copy-copy-copy-copy-text-9","Удалить файл ?","删除文件？","machine-review-required"
"file-photometry-select-copy-copy-copy-copy-copy-copy","8-1-1-3-2 File_Photometry_Mn_deleting-Yes","canvas-file-photometry-select-copy-copy-copy-copy-copy-copy-text-12","Нет","不","machine-review-required"
"file-photometry-select-copy-copy-copy-copy-copy-copy","8-1-1-3-2 File_Photometry_Mn_deleting-Yes","canvas-file-photometry-select-copy-copy-copy-copy-copy-copy-text-13","Да","是的","machine-review-required"
"8-1-1-2-1-file-photometry-mn-renaming-copy","8-1-1-2-2 File_Photometry_Mn_renaming","canvas-8-1-1-2-1-file-photometry-mn-renaming-copy-text-1","Файлы","文件","machine-review-required"
"8-1-1-2-1-file-photometry-mn-renaming-copy","8-1-1-2-2 File_Photometry_Mn_renaming","canvas-8-1-1-2-1-file-photometry-mn-renaming-copy-text-6","Переименовать","重命名","machine-review-required"
"8-1-1-2-1-file-photometry-mn-renaming-copy","8-1-1-2-2 File_Photometry_Mn_renaming","canvas-8-1-1-2-1-file-photometry-mn-renaming-copy-text-7","Mn.bas","碱性锰","machine-review-required"
"8-1-1-2-1-file-photometry-mn-renaming-copy","8-1-1-2-2 File_Photometry_Mn_renaming","canvas-8-1-1-2-1-file-photometry-mn-renaming-copy-text-8","17:05","17:05","machine-review-required"
"8-1-1-2-1-file-photometry-mn-renaming-copy","8-1-1-2-2 File_Photometry_Mn_renaming","canvas-8-1-1-2-1-file-photometry-mn-renaming-copy-text-10","Введите название файла","输入文件名","machine-review-required"
"8-1-1-2-1-file-photometry-mn-renaming-copy","8-1-1-2-2 File_Photometry_Mn_renaming","canvas-8-1-1-2-1-file-photometry-mn-renaming-copy-text-11","Mn-Cr","锰铬","machine-review-required"
"8-1-1-file-group-photometry-mn-select-copy","8-1-1-edit File_group-Photometry-Mn-select Copy","canvas-8-1-1-file-group-photometry-mn-select-copy-text-1","Файлы","文件","machine-review-required"
"8-1-1-file-group-photometry-mn-select-copy","8-1-1-edit File_group-Photometry-Mn-select Copy","canvas-8-1-1-file-group-photometry-mn-select-copy-text-6","Фотометрия","光度测定","machine-review-required"
"8-1-1-file-group-photometry-mn-select-copy","8-1-1-edit File_group-Photometry-Mn-select Copy","canvas-8-1-1-file-group-photometry-mn-select-copy-text-7","Mn-Cr.bas","锰铬盐","machine-review-required"
"8-1-1-file-group-photometry-mn-select-copy","8-1-1-edit File_group-Photometry-Mn-select Copy","canvas-8-1-1-file-group-photometry-mn-select-copy-text-9","water.bas","水基","machine-review-required"
"8-1-1-file-group-photometry-mn-select-copy","8-1-1-edit File_group-Photometry-Mn-select Copy","canvas-8-1-1-file-group-photometry-mn-select-copy-text-11","17:05","17:05","machine-review-required"
"8-1-1-6-file-photometry-mn-import-copy","8-1-1-6 File_Photometry_Mn_import Copy","canvas-8-1-1-6-file-photometry-mn-import-copy-text-1","Файлы","文件","machine-review-required"
"8-1-1-6-file-photometry-mn-import-copy","8-1-1-6 File_Photometry_Mn_import Copy","canvas-8-1-1-6-file-photometry-mn-import-copy-text-6","Действие","行动","machine-review-required"
"8-1-1-6-file-photometry-mn-import-copy","8-1-1-6 File_Photometry_Mn_import Copy","canvas-8-1-1-6-file-photometry-mn-import-copy-text-7","Mn.bas","碱性锰","machine-review-required"
"8-1-1-6-file-photometry-mn-import-copy","8-1-1-6 File_Photometry_Mn_import Copy","canvas-8-1-1-6-file-photometry-mn-import-copy-text-10","17:05","17:05","machine-review-required"
"8-1-1-6-file-photometry-mn-import-copy","8-1-1-6 File_Photometry_Mn_import Copy","canvas-8-1-1-6-file-photometry-mn-import-copy-text-12","Открыть","打开","machine-review-required"
"8-1-1-6-file-photometry-mn-import-copy","8-1-1-6 File_Photometry_Mn_import Copy","canvas-8-1-1-6-file-photometry-mn-import-copy-text-13","Удалить","删除","machine-review-required"
"8-1-1-6-file-photometry-mn-import-copy","8-1-1-6 File_Photometry_Mn_import Copy","canvas-8-1-1-6-file-photometry-mn-import-copy-text-15","Переименовать","重命名","machine-review-required"
"8-1-1-6-file-photometry-mn-import-copy","8-1-1-6 File_Photometry_Mn_import Copy","canvas-8-1-1-6-file-photometry-mn-import-copy-text-17","Загрузить в прибор","加载到设备中","machine-review-required"
"3-2-1-photometry-e-main-before-zero-copy","3-2-3 Photometry-E-Main-zero-done","canvas-3-2-1-photometry-e-main-before-zero-copy-text-1","Фотометрия","光度测定","machine-review-required"
"3-2-1-photometry-e-main-before-zero-copy","3-2-3 Photometry-E-Main-zero-done","canvas-3-2-1-photometry-e-main-before-zero-copy-text-2","λ = 546.2 нм","λ = 546.2 纳米","machine-review-required"
"3-2-1-photometry-e-main-before-zero-copy","3-2-3 Photometry-E-Main-zero-done","canvas-3-2-1-photometry-e-main-before-zero-copy-text-3","E = 36009","E = 36009","machine-review-required"
"3-2-1-photometry-e-main-before-zero-copy","3-2-3 Photometry-E-Main-zero-done","canvas-3-2-1-photometry-e-main-before-zero-copy-text-5","12:05","12:05","machine-review-required"
"3-2-1-photometry-e-main-before-zero-copy","3-2-3 Photometry-E-Main-zero-done","canvas-3-2-1-photometry-e-main-before-zero-copy-text-6","Усиление: 3","增益：3","machine-review-required"
"3-2-1-photometry-e-main-before-zero-copy","3-2-3 Photometry-E-Main-zero-done","canvas-3-2-1-photometry-e-main-before-zero-copy-text-8","n=1","n=1","machine-review-required"
"3-3-1-photometry-t-main-before-zero-copy","3-3-3 Photometry-T-Main-zero-done","canvas-3-3-1-photometry-t-main-before-zero-copy-text-1","Фотометрия \","光度测定\","machine-review-required"
"3-3-1-photometry-t-main-before-zero-copy","3-3-3 Photometry-T-Main-zero-done","canvas-3-3-1-photometry-t-main-before-zero-copy-text-2","λ = 546.2 нм","λ = 546.2 纳米","machine-review-required"
"3-3-1-photometry-t-main-before-zero-copy","3-3-3 Photometry-T-Main-zero-done","canvas-3-3-1-photometry-t-main-before-zero-copy-text-3","100.0 %T","100.0%T","machine-review-required"
"3-3-1-photometry-t-main-before-zero-copy","3-3-3 Photometry-T-Main-zero-done","canvas-3-3-1-photometry-t-main-before-zero-copy-text-6","12:05","12:05","machine-review-required"
"3-3-1-photometry-t-main-before-zero-copy","3-3-3 Photometry-T-Main-zero-done","canvas-3-3-1-photometry-t-main-before-zero-copy-text-7","n=1","n=1","machine-review-required"
"photometry-parameter-mode-copy-copy-copy-copy-copy-2","3-5-1-3-2 Photometry-parameters-mode-E-inputed gain","canvas-photometry-parameter-mode-copy-copy-copy-copy-copy-2-text-1","Фотометрия \","光度测定\","machine-review-required"
"photometry-parameter-mode-copy-copy-copy-copy-copy-2","3-5-1-3-2 Photometry-parameters-mode-E-inputed gain","canvas-photometry-parameter-mode-copy-copy-copy-copy-copy-2-text-3","12:05","12:05","machine-review-required"
"photometry-parameter-mode-copy-copy-copy-copy-copy-2","3-5-1-3-2 Photometry-parameters-mode-E-inputed gain","canvas-photometry-parameter-mode-copy-copy-copy-copy-copy-2-text-5","Измеряемая величина - E","测量数量 - E","machine-review-required"
"photometry-parameter-mode-copy-copy-copy-copy-copy-2","3-5-1-3-2 Photometry-parameters-mode-E-inputed gain","canvas-photometry-parameter-mode-copy-copy-copy-copy-copy-2-text-6","n=1","n=1","machine-review-required"
"photometry-parameter-mode-copy-copy-copy-copy-copy-2","3-5-1-3-2 Photometry-parameters-mode-E-inputed gain","canvas-photometry-parameter-mode-copy-copy-copy-copy-copy-2-text-7","Введите значение","输入值","machine-review-required"
"photometry-parameter-mode-copy-copy-copy-copy-copy-2","3-5-1-3-2 Photometry-parameters-mode-E-inputed gain","canvas-photometry-parameter-mode-copy-copy-copy-copy-copy-2-text-8","усиления","获得","machine-review-required"
"photometry-parameter-mode-copy-copy-copy-copy-copy-2","3-5-1-3-2 Photometry-parameters-mode-E-inputed gain","canvas-photometry-parameter-mode-copy-copy-copy-copy-copy-2-text-9","2","2","machine-review-required"
"photometry-parameter-mode-copy-copy-copy-copy-copy-2","3-5-1-3-2 Photometry-parameters-mode-E-inputed gain","canvas-photometry-parameter-mode-copy-copy-copy-copy-copy-2-text-10","Текущее значение","当前值","machine-review-required"
"photometry-parameter-mode-copy-copy-copy-copy-copy-2","3-5-1-3-2 Photometry-parameters-mode-E-inputed gain","canvas-photometry-parameter-mode-copy-copy-copy-copy-copy-2-text-11","усиления","获得","machine-review-required"
"photometry-parameter-mode-copy-copy-copy-copy-copy-2","3-5-1-3-2 Photometry-parameters-mode-E-inputed gain","canvas-photometry-parameter-mode-copy-copy-copy-copy-copy-2-text-14","5","5","machine-review-required"
"3-1-1-photometry-a-main-before-zero-copy","3-1-1-edit n=3 Photometry-A-Main-before zero","canvas-3-1-1-photometry-a-main-before-zero-copy-text-1","Фотометрия","光度测定","machine-review-required"
"3-1-1-photometry-a-main-before-zero-copy","3-1-1-edit n=3 Photometry-A-Main-before zero","canvas-3-1-1-photometry-a-main-before-zero-copy-text-2","λ = 546.2 нм","λ = 546.2 纳米","machine-review-required"
"3-1-1-photometry-a-main-before-zero-copy","3-1-1-edit n=3 Photometry-A-Main-before zero","canvas-3-1-1-photometry-a-main-before-zero-copy-text-3","0.184 A","0.184A","machine-review-required"
"3-1-1-photometry-a-main-before-zero-copy","3-1-1-edit n=3 Photometry-A-Main-before zero","canvas-3-1-1-photometry-a-main-before-zero-copy-text-5","12:05","12:05","machine-review-required"
"3-1-1-photometry-a-main-before-zero-copy","3-1-1-edit n=3 Photometry-A-Main-before zero","canvas-3-1-1-photometry-a-main-before-zero-copy-text-7","n=3","n=3","machine-review-required"
"photometry-parameter-mode-copy-copy-copy-copy-copy-copy-copy-copy","3-6-1-4-2 Photometry-A-n-9-measurement-fixed-selected","canvas-photometry-parameter-mode-copy-copy-copy-copy-copy-copy-copy-copy-text-1","Фотометрия \","光度测定\","machine-review-required"
"photometry-parameter-mode-copy-copy-copy-copy-copy-copy-copy-copy","3-6-1-4-2 Photometry-A-n-9-measurement-fixed-selected","canvas-photometry-parameter-mode-copy-copy-copy-copy-copy-copy-copy-copy-text-3","12:05","12:05","machine-review-required"
"photometry-parameter-mode-copy-copy-copy-copy-copy-copy-copy-copy","3-6-1-4-2 Photometry-A-n-9-measurement-fixed-selected","canvas-photometry-parameter-mode-copy-copy-copy-copy-copy-copy-copy-copy-text-5","№","○","machine-review-required"
"photometry-parameter-mode-copy-copy-copy-copy-copy-copy-copy-copy","3-6-1-4-2 Photometry-A-n-9-measurement-fixed-selected","canvas-photometry-parameter-mode-copy-copy-copy-copy-copy-copy-copy-copy-text-6","n=9","n=9","machine-review-required"
"photometry-parameter-mode-copy-copy-copy-copy-copy-copy-copy-copy","3-6-1-4-2 Photometry-A-n-9-measurement-fixed-selected","canvas-photometry-parameter-mode-copy-copy-copy-copy-copy-copy-copy-copy-text-7","A","一个","machine-review-required"
"photometry-parameter-mode-copy-copy-copy-copy-copy-copy-copy-copy","3-6-1-4-2 Photometry-A-n-9-measurement-fixed-selected","canvas-photometry-parameter-mode-copy-copy-copy-copy-copy-copy-copy-copy-text-8","4","4","machine-review-required"
"photometry-parameter-mode-copy-copy-copy-copy-copy-copy-copy-copy","3-6-1-4-2 Photometry-A-n-9-measurement-fixed-selected","canvas-photometry-parameter-mode-copy-copy-copy-copy-copy-copy-copy-copy-text-9","5","5","machine-review-required"
"photometry-parameter-mode-copy-copy-copy-copy-copy-copy-copy-copy","3-6-1-4-2 Photometry-A-n-9-measurement-fixed-selected","canvas-photometry-parameter-mode-copy-copy-copy-copy-copy-copy-copy-copy-text-10","6","6","machine-review-required"
"photometry-parameter-mode-copy-copy-copy-copy-copy-copy-copy-copy","3-6-1-4-2 Photometry-A-n-9-measurement-fixed-selected","canvas-photometry-parameter-mode-copy-copy-copy-copy-copy-copy-copy-copy-text-11","λ=1054.3 нм","λ=1054.3纳米","machine-review-required"
"photometry-parameter-mode-copy-copy-copy-copy-copy-copy-copy-copy","3-6-1-4-2 Photometry-A-n-9-measurement-fixed-selected","canvas-photometry-parameter-mode-copy-copy-copy-copy-copy-copy-copy-copy-text-12","0.3243","0.3243","machine-review-required"
"photometry-parameter-mode-copy-copy-copy-copy-copy-copy-copy-copy","3-6-1-4-2 Photometry-A-n-9-measurement-fixed-selected","canvas-photometry-parameter-mode-copy-copy-copy-copy-copy-copy-copy-copy-text-13","0.3260","0.3260","machine-review-required"
"photometry-parameter-mode-copy-copy-copy-copy-copy-copy-copy-copy","3-6-1-4-2 Photometry-A-n-9-measurement-fixed-selected","canvas-photometry-parameter-mode-copy-copy-copy-copy-copy-copy-copy-copy-text-15","0.3254","0.3254","machine-review-required"
"photometry-parameter-mode-copy-copy-copy-copy-copy-copy-copy-copy","3-6-1-4-2 Photometry-A-n-9-measurement-fixed-selected","canvas-photometry-parameter-mode-copy-copy-copy-copy-copy-copy-copy-copy-text-18","A","一个","machine-review-required"
"photometry-parameter-mode-copy-copy-copy-copy-copy-copy-copy-copy","3-6-1-4-2 Photometry-A-n-9-measurement-fixed-selected","canvas-photometry-parameter-mode-copy-copy-copy-copy-copy-copy-copy-copy-text-19","0.3248","0.3248","machine-review-required"
"photometry-parameter-mode-copy-copy-copy-copy-copy-copy-copy-copy","3-6-1-4-2 Photometry-A-n-9-measurement-fixed-selected","canvas-photometry-parameter-mode-copy-copy-copy-copy-copy-copy-copy-copy-text-20","Aср","晡气","machine-review-required"
"photometry-parameter-mode-copy-copy-copy-copy-copy-copy-copy-copy","3-6-1-4-2 Photometry-A-n-9-measurement-fixed-selected","canvas-photometry-parameter-mode-copy-copy-copy-copy-copy-copy-copy-copy-text-21","0.3252","0.3252","machine-review-required"
"photometry-parameter-mode-copy-copy-copy-copy-copy-copy-copy-copy","3-6-1-4-2 Photometry-A-n-9-measurement-fixed-selected","canvas-photometry-parameter-mode-copy-copy-copy-copy-copy-copy-copy-copy-text-22","dA","dA","machine-review-required"
"photometry-parameter-mode-copy-copy-copy-copy-copy-copy-copy-copy","3-6-1-4-2 Photometry-A-n-9-measurement-fixed-selected","canvas-photometry-parameter-mode-copy-copy-copy-copy-copy-copy-copy-copy-text-23","0.0046","0.0046","machine-review-required"
"photometry-parameter-mode-copy-copy-copy-copy-copy-copy-copy-copy","3-6-1-4-2 Photometry-A-n-9-measurement-fixed-selected","canvas-photometry-parameter-mode-copy-copy-copy-copy-copy-copy-copy-copy-text-1781790947892","7","7","machine-review-required"
"photometry-parameter-mode-copy-copy-copy-copy-copy-copy-copy-copy","3-6-1-4-2 Photometry-A-n-9-measurement-fixed-selected","canvas-photometry-parameter-mode-copy-copy-copy-copy-copy-copy-copy-copy-text-1781791058959","0.3256","0.3256","machine-review-required"
"photometry-parameter-mode-copy-copy-copy-copy-copy-copy-copy-copy-2","3-6-1-4-1 Photometry-A-n-3-measurement-fixed-selected","canvas-photometry-parameter-mode-copy-copy-copy-copy-copy-copy-copy-copy-2-text-1","Фотометрия \","光度测定\","machine-review-required"
"photometry-parameter-mode-copy-copy-copy-copy-copy-copy-copy-copy-2","3-6-1-4-1 Photometry-A-n-3-measurement-fixed-selected","canvas-photometry-parameter-mode-copy-copy-copy-copy-copy-copy-copy-copy-2-text-3","12:05","12:05","machine-review-required"
"photometry-parameter-mode-copy-copy-copy-copy-copy-copy-copy-copy-2","3-6-1-4-1 Photometry-A-n-3-measurement-fixed-selected","canvas-photometry-parameter-mode-copy-copy-copy-copy-copy-copy-copy-copy-2-text-5","№","○","machine-review-required"
"photometry-parameter-mode-copy-copy-copy-copy-copy-copy-copy-copy-2","3-6-1-4-1 Photometry-A-n-3-measurement-fixed-selected","canvas-photometry-parameter-mode-copy-copy-copy-copy-copy-copy-copy-copy-2-text-6","n=3","n=3","machine-review-required"
"photometry-parameter-mode-copy-copy-copy-copy-copy-copy-copy-copy-2","3-6-1-4-1 Photometry-A-n-3-measurement-fixed-selected","canvas-photometry-parameter-mode-copy-copy-copy-copy-copy-copy-copy-copy-2-text-7","A","一个","machine-review-required"
"photometry-parameter-mode-copy-copy-copy-copy-copy-copy-copy-copy-2","3-6-1-4-1 Photometry-A-n-3-measurement-fixed-selected","canvas-photometry-parameter-mode-copy-copy-copy-copy-copy-copy-copy-copy-2-text-8","1","1","machine-review-required"
"photometry-parameter-mode-copy-copy-copy-copy-copy-copy-copy-copy-2","3-6-1-4-1 Photometry-A-n-3-measurement-fixed-selected","canvas-photometry-parameter-mode-copy-copy-copy-copy-copy-copy-copy-copy-2-text-9","2","2","machine-review-required"
"photometry-parameter-mode-copy-copy-copy-copy-copy-copy-copy-copy-2","3-6-1-4-1 Photometry-A-n-3-measurement-fixed-selected","canvas-photometry-parameter-mode-copy-copy-copy-copy-copy-copy-copy-copy-2-text-10","3","3","machine-review-required"
"photometry-parameter-mode-copy-copy-copy-copy-copy-copy-copy-copy-2","3-6-1-4-1 Photometry-A-n-3-measurement-fixed-selected","canvas-photometry-parameter-mode-copy-copy-copy-copy-copy-copy-copy-copy-2-text-11","λ=1054.3 нм","λ=1054.3纳米","machine-review-required"
"photometry-parameter-mode-copy-copy-copy-copy-copy-copy-copy-copy-2","3-6-1-4-1 Photometry-A-n-3-measurement-fixed-selected","canvas-photometry-parameter-mode-copy-copy-copy-copy-copy-copy-copy-copy-2-text-12","0.3243","0.3243","machine-review-required"
"photometry-parameter-mode-copy-copy-copy-copy-copy-copy-copy-copy-2","3-6-1-4-1 Photometry-A-n-3-measurement-fixed-selected","canvas-photometry-parameter-mode-copy-copy-copy-copy-copy-copy-copy-copy-2-text-13","0.3260","0.3260","machine-review-required"
"photometry-parameter-mode-copy-copy-copy-copy-copy-copy-copy-copy-2","3-6-1-4-1 Photometry-A-n-3-measurement-fixed-selected","canvas-photometry-parameter-mode-copy-copy-copy-copy-copy-copy-copy-copy-2-text-15","0.3254","0.3254","machine-review-required"
"photometry-parameter-mode-copy-copy-copy-copy-copy-copy-copy-copy-2","3-6-1-4-1 Photometry-A-n-3-measurement-fixed-selected","canvas-photometry-parameter-mode-copy-copy-copy-copy-copy-copy-copy-copy-2-text-18","A","一个","machine-review-required"
"photometry-parameter-mode-copy-copy-copy-copy-copy-copy-copy-copy-2","3-6-1-4-1 Photometry-A-n-3-measurement-fixed-selected","canvas-photometry-parameter-mode-copy-copy-copy-copy-copy-copy-copy-copy-2-text-19","0.3248","0.3248","machine-review-required"
"photometry-parameter-mode-copy-copy-copy-copy-copy-copy-copy-copy-2","3-6-1-4-1 Photometry-A-n-3-measurement-fixed-selected","canvas-photometry-parameter-mode-copy-copy-copy-copy-copy-copy-copy-copy-2-text-20","Aср","晡气","machine-review-required"
"photometry-parameter-mode-copy-copy-copy-copy-copy-copy-copy-copy-2","3-6-1-4-1 Photometry-A-n-3-measurement-fixed-selected","canvas-photometry-parameter-mode-copy-copy-copy-copy-copy-copy-copy-copy-2-text-21","0.3252","0.3252","machine-review-required"
"photometry-parameter-mode-copy-copy-copy-copy-copy-copy-copy-copy-2","3-6-1-4-1 Photometry-A-n-3-measurement-fixed-selected","canvas-photometry-parameter-mode-copy-copy-copy-copy-copy-copy-copy-copy-2-text-22","dA","dA","machine-review-required"
"photometry-parameter-mode-copy-copy-copy-copy-copy-copy-copy-copy-2","3-6-1-4-1 Photometry-A-n-3-measurement-fixed-selected","canvas-photometry-parameter-mode-copy-copy-copy-copy-copy-copy-copy-copy-2-text-23","0.0046","0.0046","machine-review-required"
"id-3-5-2-2-photometry-parameters-parall-measurements-inputed-copy","3-5-2-2 Photometry-parameters-parall measurements-inputed","canvas-id-3-5-2-2-photometry-parameters-parall-measurements-inputed-copy-text-1","Фотометрия \","光度测定\","machine-review-required"
"id-3-5-2-2-photometry-parameters-parall-measurements-inputed-copy","3-5-2-2 Photometry-parameters-parall measurements-inputed","canvas-id-3-5-2-2-photometry-parameters-parall-measurements-inputed-copy-text-3","12:05","12:05","machine-review-required"
"id-3-5-2-2-photometry-parameters-parall-measurements-inputed-copy","3-5-2-2 Photometry-parameters-parall measurements-inputed","canvas-id-3-5-2-2-photometry-parameters-parall-measurements-inputed-copy-text-5","Параллельные измерения","并行测量","machine-review-required"
"id-3-5-2-2-photometry-parameters-parall-measurements-inputed-copy","3-5-2-2 Photometry-parameters-parall measurements-inputed","canvas-id-3-5-2-2-photometry-parameters-parall-measurements-inputed-copy-text-6","n=1","n=1","machine-review-required"
"id-3-5-2-2-photometry-parameters-parall-measurements-inputed-copy","3-5-2-2 Photometry-parameters-parall measurements-inputed","canvas-id-3-5-2-2-photometry-parameters-parall-measurements-inputed-copy-text-7","Введите число","输入号码","machine-review-required"
"id-3-5-2-2-photometry-parameters-parall-measurements-inputed-copy","3-5-2-2 Photometry-parameters-parall measurements-inputed","canvas-id-3-5-2-2-photometry-parameters-parall-measurements-inputed-copy-text-8","парал. измерений (n)","平行。尺寸（n）","machine-review-required"
"id-3-5-2-2-photometry-parameters-parall-measurements-inputed-copy","3-5-2-2 Photometry-parameters-parall measurements-inputed","canvas-id-3-5-2-2-photometry-parameters-parall-measurements-inputed-copy-text-9","-","-","machine-review-required"
"id-3-5-2-2-photometry-parameters-parall-measurements-inputed-copy","3-5-2-2 Photometry-parameters-parall measurements-inputed","canvas-id-3-5-2-2-photometry-parameters-parall-measurements-inputed-copy-text-10","3","3","machine-review-required"
"photometry-n-1-measurement-copy","3-6-1-3 Photometry-A-n-2-measurement-fixed","canvas-photometry-n-1-measurement-copy-text-1","Фотометрия \","光度测定\","machine-review-required"
"photometry-n-1-measurement-copy","3-6-1-3 Photometry-A-n-2-measurement-fixed","canvas-photometry-n-1-measurement-copy-text-3","12:05","12:05","machine-review-required"
"photometry-n-1-measurement-copy","3-6-1-3 Photometry-A-n-2-measurement-fixed","canvas-photometry-n-1-measurement-copy-text-5","№","○","machine-review-required"
"photometry-n-1-measurement-copy","3-6-1-3 Photometry-A-n-2-measurement-fixed","canvas-photometry-n-1-measurement-copy-text-6","n=3","n=3","machine-review-required"
"photometry-n-1-measurement-copy","3-6-1-3 Photometry-A-n-2-measurement-fixed","canvas-photometry-n-1-measurement-copy-text-7","A","一个","machine-review-required"
"photometry-n-1-measurement-copy","3-6-1-3 Photometry-A-n-2-measurement-fixed","canvas-photometry-n-1-measurement-copy-text-8","1","1","machine-review-required"
"photometry-n-1-measurement-copy","3-6-1-3 Photometry-A-n-2-measurement-fixed","canvas-photometry-n-1-measurement-copy-text-9","2","2","machine-review-required"
"photometry-n-1-measurement-copy","3-6-1-3 Photometry-A-n-2-measurement-fixed","canvas-photometry-n-1-measurement-copy-text-11","λ=1054.3 нм","λ=1054.3纳米","machine-review-required"
"photometry-n-1-measurement-copy","3-6-1-3 Photometry-A-n-2-measurement-fixed","canvas-photometry-n-1-measurement-copy-text-12","0.3243","0.3243","machine-review-required"
"photometry-n-1-measurement-copy","3-6-1-3 Photometry-A-n-2-measurement-fixed","canvas-photometry-n-1-measurement-copy-text-13","0.3260","0.3260","machine-review-required"
"photometry-n-1-measurement-copy","3-6-1-3 Photometry-A-n-2-measurement-fixed","canvas-photometry-n-1-measurement-copy-text-18","A","一个","machine-review-required"
"photometry-n-1-measurement-copy","3-6-1-3 Photometry-A-n-2-measurement-fixed","canvas-photometry-n-1-measurement-copy-text-19","0.3248","0.3248","machine-review-required"
"photometry-n-1-measurement-copy","3-6-1-3 Photometry-A-n-2-measurement-fixed","canvas-photometry-n-1-measurement-copy-text-20","Aср","晡气","machine-review-required"
"photometry-n-1-measurement-copy","3-6-1-3 Photometry-A-n-2-measurement-fixed","canvas-photometry-n-1-measurement-copy-text-21","0.3252","0.3252","machine-review-required"
"photometry-n-1-measurement-copy","3-6-1-3 Photometry-A-n-2-measurement-fixed","canvas-photometry-n-1-measurement-copy-text-22","dA","dA","machine-review-required"
"photometry-n-1-measurement-copy","3-6-1-3 Photometry-A-n-2-measurement-fixed","canvas-photometry-n-1-measurement-copy-text-23","0.0046","0.0046","machine-review-required"
"photometry-n-1-measurement-copy-copy","3-6-1-4 Photometry-A-n-3-measurement-fixed","canvas-photometry-n-1-measurement-copy-copy-text-1","Фотометрия \","光度测定\","machine-review-required"
"photometry-n-1-measurement-copy-copy","3-6-1-4 Photometry-A-n-3-measurement-fixed","canvas-photometry-n-1-measurement-copy-copy-text-3","12:05","12:05","machine-review-required"
"photometry-n-1-measurement-copy-copy","3-6-1-4 Photometry-A-n-3-measurement-fixed","canvas-photometry-n-1-measurement-copy-copy-text-5","№","○","machine-review-required"
"photometry-n-1-measurement-copy-copy","3-6-1-4 Photometry-A-n-3-measurement-fixed","canvas-photometry-n-1-measurement-copy-copy-text-6","n=3","n=3","machine-review-required"
"photometry-n-1-measurement-copy-copy","3-6-1-4 Photometry-A-n-3-measurement-fixed","canvas-photometry-n-1-measurement-copy-copy-text-7","A","一个","machine-review-required"
"photometry-n-1-measurement-copy-copy","3-6-1-4 Photometry-A-n-3-measurement-fixed","canvas-photometry-n-1-measurement-copy-copy-text-8","1","1","machine-review-required"
"photometry-n-1-measurement-copy-copy","3-6-1-4 Photometry-A-n-3-measurement-fixed","canvas-photometry-n-1-measurement-copy-copy-text-9","2","2","machine-review-required"
"photometry-n-1-measurement-copy-copy","3-6-1-4 Photometry-A-n-3-measurement-fixed","canvas-photometry-n-1-measurement-copy-copy-text-10","3","3","machine-review-required"
"photometry-n-1-measurement-copy-copy","3-6-1-4 Photometry-A-n-3-measurement-fixed","canvas-photometry-n-1-measurement-copy-copy-text-11","λ=1054.3 нм","λ=1054.3纳米","machine-review-required"
"photometry-n-1-measurement-copy-copy","3-6-1-4 Photometry-A-n-3-measurement-fixed","canvas-photometry-n-1-measurement-copy-copy-text-12","0.3243","0.3243","machine-review-required"
"photometry-n-1-measurement-copy-copy","3-6-1-4 Photometry-A-n-3-measurement-fixed","canvas-photometry-n-1-measurement-copy-copy-text-13","0.3260","0.3260","machine-review-required"
"photometry-n-1-measurement-copy-copy","3-6-1-4 Photometry-A-n-3-measurement-fixed","canvas-photometry-n-1-measurement-copy-copy-text-15","0.3254","0.3254","machine-review-required"
"photometry-n-1-measurement-copy-copy","3-6-1-4 Photometry-A-n-3-measurement-fixed","canvas-photometry-n-1-measurement-copy-copy-text-18","A","一个","machine-review-required"
"photometry-n-1-measurement-copy-copy","3-6-1-4 Photometry-A-n-3-measurement-fixed","canvas-photometry-n-1-measurement-copy-copy-text-19","0.3248","-","machine-review-required"
"photometry-n-1-measurement-copy-copy","3-6-1-4 Photometry-A-n-3-measurement-fixed","canvas-photometry-n-1-measurement-copy-copy-text-20","Aср","晡气","machine-review-required"
"photometry-n-1-measurement-copy-copy","3-6-1-4 Photometry-A-n-3-measurement-fixed","canvas-photometry-n-1-measurement-copy-copy-text-21","0.3252","0.3252","machine-review-required"
"photometry-n-1-measurement-copy-copy","3-6-1-4 Photometry-A-n-3-measurement-fixed","canvas-photometry-n-1-measurement-copy-copy-text-22","dA","dA","machine-review-required"
"photometry-n-1-measurement-copy-copy","3-6-1-4 Photometry-A-n-3-measurement-fixed","canvas-photometry-n-1-measurement-copy-copy-text-23","0.0046","0.0046","machine-review-required"
"photometry-n-1-measurement-copy-2","3-6-1-2 Photometry-A-n-1-measurement-fixed","canvas-photometry-n-1-measurement-copy-2-text-1","Фотометрия \","光度测定\","machine-review-required"
"photometry-n-1-measurement-copy-2","3-6-1-2 Photometry-A-n-1-measurement-fixed","canvas-photometry-n-1-measurement-copy-2-text-3","12:05","12:05","machine-review-required"
"photometry-n-1-measurement-copy-2","3-6-1-2 Photometry-A-n-1-measurement-fixed","canvas-photometry-n-1-measurement-copy-2-text-5","№","○","machine-review-required"
"photometry-n-1-measurement-copy-2","3-6-1-2 Photometry-A-n-1-measurement-fixed","canvas-photometry-n-1-measurement-copy-2-text-6","n=3","n=3","machine-review-required"
"photometry-n-1-measurement-copy-2","3-6-1-2 Photometry-A-n-1-measurement-fixed","canvas-photometry-n-1-measurement-copy-2-text-7","A","一个","machine-review-required"
"photometry-n-1-measurement-copy-2","3-6-1-2 Photometry-A-n-1-measurement-fixed","canvas-photometry-n-1-measurement-copy-2-text-8","1","1","machine-review-required"
"photometry-n-1-measurement-copy-2","3-6-1-2 Photometry-A-n-1-measurement-fixed","canvas-photometry-n-1-measurement-copy-2-text-9","λ=1054.3 нм","λ=1054.3纳米","machine-review-required"
"photometry-n-1-measurement-copy-2","3-6-1-2 Photometry-A-n-1-measurement-fixed","canvas-photometry-n-1-measurement-copy-2-text-10","0.3243","0.3243","machine-review-required"
"photometry-n-1-measurement-copy-2","3-6-1-2 Photometry-A-n-1-measurement-fixed","canvas-photometry-n-1-measurement-copy-2-text-15","A","一个","machine-review-required"
"photometry-n-1-measurement-copy-2","3-6-1-2 Photometry-A-n-1-measurement-fixed","canvas-photometry-n-1-measurement-copy-2-text-16","0.3248","0.3248","machine-review-required"
"photometry-n-1-measurement-copy-2","3-6-1-2 Photometry-A-n-1-measurement-fixed","canvas-photometry-n-1-measurement-copy-2-text-17","Aср","晡气","machine-review-required"
"photometry-n-1-measurement-copy-2","3-6-1-2 Photometry-A-n-1-measurement-fixed","canvas-photometry-n-1-measurement-copy-2-text-19","dA","dA","machine-review-required"
"id-3-6-1-1-photometry-a-n-1-measurement-not-fixed-copy","3-6-2-1 Photometry-T-n-1-measurement-not fixed","canvas-id-3-6-1-1-photometry-a-n-1-measurement-not-fixed-copy-text-1","Фотометрия \","光度测定\","machine-review-required"
"id-3-6-1-1-photometry-a-n-1-measurement-not-fixed-copy","3-6-2-1 Photometry-T-n-1-measurement-not fixed","canvas-id-3-6-1-1-photometry-a-n-1-measurement-not-fixed-copy-text-3","12:05","12:05","machine-review-required"
"id-3-6-1-1-photometry-a-n-1-measurement-not-fixed-copy","3-6-2-1 Photometry-T-n-1-measurement-not fixed","canvas-id-3-6-1-1-photometry-a-n-1-measurement-not-fixed-copy-text-5","№","○","machine-review-required"
"id-3-6-1-1-photometry-a-n-1-measurement-not-fixed-copy","3-6-2-1 Photometry-T-n-1-measurement-not fixed","canvas-id-3-6-1-1-photometry-a-n-1-measurement-not-fixed-copy-text-6","n=3","n=3","machine-review-required"
"id-3-6-1-1-photometry-a-n-1-measurement-not-fixed-copy","3-6-2-1 Photometry-T-n-1-measurement-not fixed","canvas-id-3-6-1-1-photometry-a-n-1-measurement-not-fixed-copy-text-7","T,%","T,%","machine-review-required"
"id-3-6-1-1-photometry-a-n-1-measurement-not-fixed-copy","3-6-2-1 Photometry-T-n-1-measurement-not fixed","canvas-id-3-6-1-1-photometry-a-n-1-measurement-not-fixed-copy-text-8","λ=1054.3 нм","λ=1054.3纳米","machine-review-required"
"id-3-6-1-1-photometry-a-n-1-measurement-not-fixed-copy","3-6-2-1 Photometry-T-n-1-measurement-not fixed","canvas-id-3-6-1-1-photometry-a-n-1-measurement-not-fixed-copy-text-12","T","时间","machine-review-required"
"id-3-6-1-1-photometry-a-n-1-measurement-not-fixed-copy","3-6-2-1 Photometry-T-n-1-measurement-not fixed","canvas-id-3-6-1-1-photometry-a-n-1-measurement-not-fixed-copy-text-13","93.35 %","93.35%","machine-review-required"
"id-3-6-1-2-photometry-a-n-1-measurement-fixed-copy","3-6-2-2 Photometry-T-n-1-measurement-fixed","canvas-id-3-6-1-2-photometry-a-n-1-measurement-fixed-copy-text-1","Фотометрия \","光度测定\","machine-review-required"
"id-3-6-1-2-photometry-a-n-1-measurement-fixed-copy","3-6-2-2 Photometry-T-n-1-measurement-fixed","canvas-id-3-6-1-2-photometry-a-n-1-measurement-fixed-copy-text-3","12:05","12:05","machine-review-required"
"id-3-6-1-2-photometry-a-n-1-measurement-fixed-copy","3-6-2-2 Photometry-T-n-1-measurement-fixed","canvas-id-3-6-1-2-photometry-a-n-1-measurement-fixed-copy-text-5","№","○","machine-review-required"
"id-3-6-1-2-photometry-a-n-1-measurement-fixed-copy","3-6-2-2 Photometry-T-n-1-measurement-fixed","canvas-id-3-6-1-2-photometry-a-n-1-measurement-fixed-copy-text-6","n=3","n=3","machine-review-required"
"id-3-6-1-2-photometry-a-n-1-measurement-fixed-copy","3-6-2-2 Photometry-T-n-1-measurement-fixed","canvas-id-3-6-1-2-photometry-a-n-1-measurement-fixed-copy-text-7","T, %","温度，%","machine-review-required"
"id-3-6-1-2-photometry-a-n-1-measurement-fixed-copy","3-6-2-2 Photometry-T-n-1-measurement-fixed","canvas-id-3-6-1-2-photometry-a-n-1-measurement-fixed-copy-text-8","1","1","machine-review-required"
"id-3-6-1-2-photometry-a-n-1-measurement-fixed-copy","3-6-2-2 Photometry-T-n-1-measurement-fixed","canvas-id-3-6-1-2-photometry-a-n-1-measurement-fixed-copy-text-9","λ=1054.3 нм","λ=1054.3纳米","machine-review-required"
"id-3-6-1-2-photometry-a-n-1-measurement-fixed-copy","3-6-2-2 Photometry-T-n-1-measurement-fixed","canvas-id-3-6-1-2-photometry-a-n-1-measurement-fixed-copy-text-10","93.35","93.35","machine-review-required"
"id-3-6-1-2-photometry-a-n-1-measurement-fixed-copy","3-6-2-2 Photometry-T-n-1-measurement-fixed","canvas-id-3-6-1-2-photometry-a-n-1-measurement-fixed-copy-text-14","T","时间","machine-review-required"
"id-3-6-1-2-photometry-a-n-1-measurement-fixed-copy","3-6-2-2 Photometry-T-n-1-measurement-fixed","canvas-id-3-6-1-2-photometry-a-n-1-measurement-fixed-copy-text-15","93.35","93.35","machine-review-required"
"id-3-6-1-2-photometry-a-n-1-measurement-fixed-copy","3-6-2-2 Photometry-T-n-1-measurement-fixed","canvas-id-3-6-1-2-photometry-a-n-1-measurement-fixed-copy-text-16","Tср","总氮","machine-review-required"
"id-3-6-1-2-photometry-a-n-1-measurement-fixed-copy","3-6-2-2 Photometry-T-n-1-measurement-fixed","canvas-id-3-6-1-2-photometry-a-n-1-measurement-fixed-copy-text-17","dT","dT","machine-review-required"
"id-3-6-1-3-photometry-a-n-2-measurement-fixed-copy","3-6-2-3 Photometry-T-n-2-measurement-fixed","canvas-id-3-6-1-3-photometry-a-n-2-measurement-fixed-copy-text-1","Фотометрия \","光度测定\","machine-review-required"
"id-3-6-1-3-photometry-a-n-2-measurement-fixed-copy","3-6-2-3 Photometry-T-n-2-measurement-fixed","canvas-id-3-6-1-3-photometry-a-n-2-measurement-fixed-copy-text-3","12:05","12:05","machine-review-required"
"id-3-6-1-3-photometry-a-n-2-measurement-fixed-copy","3-6-2-3 Photometry-T-n-2-measurement-fixed","canvas-id-3-6-1-3-photometry-a-n-2-measurement-fixed-copy-text-5","№","○","machine-review-required"
"id-3-6-1-3-photometry-a-n-2-measurement-fixed-copy","3-6-2-3 Photometry-T-n-2-measurement-fixed","canvas-id-3-6-1-3-photometry-a-n-2-measurement-fixed-copy-text-6","n=3","n=3","machine-review-required"
"id-3-6-1-3-photometry-a-n-2-measurement-fixed-copy","3-6-2-3 Photometry-T-n-2-measurement-fixed","canvas-id-3-6-1-3-photometry-a-n-2-measurement-fixed-copy-text-7","T, %","温度，%","machine-review-required"
"id-3-6-1-3-photometry-a-n-2-measurement-fixed-copy","3-6-2-3 Photometry-T-n-2-measurement-fixed","canvas-id-3-6-1-3-photometry-a-n-2-measurement-fixed-copy-text-8","1","1","machine-review-required"
"id-3-6-1-3-photometry-a-n-2-measurement-fixed-copy","3-6-2-3 Photometry-T-n-2-measurement-fixed","canvas-id-3-6-1-3-photometry-a-n-2-measurement-fixed-copy-text-9","2","2","machine-review-required"
"id-3-6-1-3-photometry-a-n-2-measurement-fixed-copy","3-6-2-3 Photometry-T-n-2-measurement-fixed","canvas-id-3-6-1-3-photometry-a-n-2-measurement-fixed-copy-text-10","λ=1054.3 нм","λ=1054.3纳米","machine-review-required"
"id-3-6-1-3-photometry-a-n-2-measurement-fixed-copy","3-6-2-3 Photometry-T-n-2-measurement-fixed","canvas-id-3-6-1-3-photometry-a-n-2-measurement-fixed-copy-text-11","93.35","93.35","machine-review-required"
"id-3-6-1-3-photometry-a-n-2-measurement-fixed-copy","3-6-2-3 Photometry-T-n-2-measurement-fixed","canvas-id-3-6-1-3-photometry-a-n-2-measurement-fixed-copy-text-12","93.38","93.38","machine-review-required"
"id-3-6-1-3-photometry-a-n-2-measurement-fixed-copy","3-6-2-3 Photometry-T-n-2-measurement-fixed","canvas-id-3-6-1-3-photometry-a-n-2-measurement-fixed-copy-text-16","T","时间","machine-review-required"
"id-3-6-1-3-photometry-a-n-2-measurement-fixed-copy","3-6-2-3 Photometry-T-n-2-measurement-fixed","canvas-id-3-6-1-3-photometry-a-n-2-measurement-fixed-copy-text-17","93.38 %","93.38%","machine-review-required"
"id-3-6-1-3-photometry-a-n-2-measurement-fixed-copy","3-6-2-3 Photometry-T-n-2-measurement-fixed","canvas-id-3-6-1-3-photometry-a-n-2-measurement-fixed-copy-text-18","Tср","总氮","machine-review-required"
"id-3-6-1-3-photometry-a-n-2-measurement-fixed-copy","3-6-2-3 Photometry-T-n-2-measurement-fixed","canvas-id-3-6-1-3-photometry-a-n-2-measurement-fixed-copy-text-19","93.36 %","93.36%","machine-review-required"
"id-3-6-1-3-photometry-a-n-2-measurement-fixed-copy","3-6-2-3 Photometry-T-n-2-measurement-fixed","canvas-id-3-6-1-3-photometry-a-n-2-measurement-fixed-copy-text-20","dT","dT","machine-review-required"
"id-3-6-1-3-photometry-a-n-2-measurement-fixed-copy","3-6-2-3 Photometry-T-n-2-measurement-fixed","canvas-id-3-6-1-3-photometry-a-n-2-measurement-fixed-copy-text-21","0.02 %","0.02%","machine-review-required"
"id-3-6-1-4-2-photometry-a-n-9-measurement-fixed-selected-copy","3-6-4-2-1 Photometry-n-9-measurement-selected-remeasure","canvas-id-3-6-1-4-2-photometry-a-n-9-measurement-fixed-selected-copy-text-1","Фотометрия \","光度测定\","machine-review-required"
"id-3-6-1-4-2-photometry-a-n-9-measurement-fixed-selected-copy","3-6-4-2-1 Photometry-n-9-measurement-selected-remeasure","canvas-id-3-6-1-4-2-photometry-a-n-9-measurement-fixed-selected-copy-text-3","12:05","12:05","machine-review-required"
"id-3-6-1-4-2-photometry-a-n-9-measurement-fixed-selected-copy","3-6-4-2-1 Photometry-n-9-measurement-selected-remeasure","canvas-id-3-6-1-4-2-photometry-a-n-9-measurement-fixed-selected-copy-text-6","n=9","n=9","machine-review-required"
"id-3-6-1-4-2-photometry-a-n-9-measurement-fixed-selected-copy","3-6-4-2-1 Photometry-n-9-measurement-selected-remeasure","canvas-id-3-6-1-4-2-photometry-a-n-9-measurement-fixed-selected-copy-text-10","i=6","我=6","machine-review-required"
"id-3-6-1-4-2-photometry-a-n-9-measurement-fixed-selected-copy","3-6-4-2-1 Photometry-n-9-measurement-selected-remeasure","canvas-id-3-6-1-4-2-photometry-a-n-9-measurement-fixed-selected-copy-text-15","A=0.3254","A=0.3254","machine-review-required"
"id-3-6-1-4-2-photometry-a-n-9-measurement-fixed-selected-copy","3-6-4-2-1 Photometry-n-9-measurement-selected-remeasure","canvas-id-3-6-1-4-2-photometry-a-n-9-measurement-fixed-selected-copy-text-1781797860303","Действие","行动","machine-review-required"
"id-3-6-1-4-2-photometry-a-n-9-measurement-fixed-selected-copy","3-6-4-2-1 Photometry-n-9-measurement-selected-remeasure","canvas-id-3-6-1-4-2-photometry-a-n-9-measurement-fixed-selected-copy-text-1781797959076","Перемерить","重试","machine-review-required"
"id-3-6-1-4-2-photometry-a-n-9-measurement-fixed-selected-copy","3-6-4-2-1 Photometry-n-9-measurement-selected-remeasure","canvas-id-3-6-1-4-2-photometry-a-n-9-measurement-fixed-selected-copy-text-1781798043427","Удалить","删除","machine-review-required"
"id-3-6-4-2-1-photometry-n-9-measurement-selected-remeasure-copy","3-6-4-2-2 Photometry-n-9-measurement-selected-delete","canvas-id-3-6-4-2-1-photometry-n-9-measurement-selected-remeasure-copy-text-1","Фотометрия \","光度测定\","machine-review-required"
"id-3-6-4-2-1-photometry-n-9-measurement-selected-remeasure-copy","3-6-4-2-2 Photometry-n-9-measurement-selected-delete","canvas-id-3-6-4-2-1-photometry-n-9-measurement-selected-remeasure-copy-text-3","12:05","12:05","machine-review-required"
"id-3-6-4-2-1-photometry-n-9-measurement-selected-remeasure-copy","3-6-4-2-2 Photometry-n-9-measurement-selected-delete","canvas-id-3-6-4-2-1-photometry-n-9-measurement-selected-remeasure-copy-text-4","n=9","n=9","machine-review-required"
"id-3-6-4-2-1-photometry-n-9-measurement-selected-remeasure-copy","3-6-4-2-2 Photometry-n-9-measurement-selected-delete","canvas-id-3-6-4-2-1-photometry-n-9-measurement-selected-remeasure-copy-text-5","i=6","我=6","machine-review-required"
"id-3-6-4-2-1-photometry-n-9-measurement-selected-remeasure-copy","3-6-4-2-2 Photometry-n-9-measurement-selected-delete","canvas-id-3-6-4-2-1-photometry-n-9-measurement-selected-remeasure-copy-text-6","A=0.3254","A=0.3254","machine-review-required"
"id-3-6-4-2-1-photometry-n-9-measurement-selected-remeasure-copy","3-6-4-2-2 Photometry-n-9-measurement-selected-delete","canvas-id-3-6-4-2-1-photometry-n-9-measurement-selected-remeasure-copy-text-7","Действие","行动","machine-review-required"
"id-3-6-4-2-1-photometry-n-9-measurement-selected-remeasure-copy","3-6-4-2-2 Photometry-n-9-measurement-selected-delete","canvas-id-3-6-4-2-1-photometry-n-9-measurement-selected-remeasure-copy-text-12","Перемерить","重试","machine-review-required"
"id-3-6-4-2-1-photometry-n-9-measurement-selected-remeasure-copy","3-6-4-2-2 Photometry-n-9-measurement-selected-delete","canvas-id-3-6-4-2-1-photometry-n-9-measurement-selected-remeasure-copy-text-13","Удалить","删除","machine-review-required"
"id-3-6-4-2-2-photometry-n-9-measurement-selected-delete-copy","3-6-4-3-1 Photometry-n-9-measurement-selected-delete_all-no","canvas-id-3-6-4-2-2-photometry-n-9-measurement-selected-delete-copy-text-1","Фотометрия \","光度测定\","machine-review-required"
"id-3-6-4-2-2-photometry-n-9-measurement-selected-delete-copy","3-6-4-3-1 Photometry-n-9-measurement-selected-delete_all-no","canvas-id-3-6-4-2-2-photometry-n-9-measurement-selected-delete-copy-text-3","12:05","12:05","machine-review-required"
"id-3-6-4-2-2-photometry-n-9-measurement-selected-delete-copy","3-6-4-3-1 Photometry-n-9-measurement-selected-delete_all-no","canvas-id-3-6-4-2-2-photometry-n-9-measurement-selected-delete-copy-text-4","n=9","n=9","machine-review-required"
"id-3-6-4-2-2-photometry-n-9-measurement-selected-delete-copy","3-6-4-3-1 Photometry-n-9-measurement-selected-delete_all-no","canvas-id-3-6-4-2-2-photometry-n-9-measurement-selected-delete-copy-text-7","Удалить все записи ?","删除所有条目？","machine-review-required"
"id-3-6-4-2-2-photometry-n-9-measurement-selected-delete-copy","3-6-4-3-1 Photometry-n-9-measurement-selected-delete_all-no","canvas-id-3-6-4-2-2-photometry-n-9-measurement-selected-delete-copy-text-12","Нет","不","machine-review-required"
"id-3-6-4-2-2-photometry-n-9-measurement-selected-delete-copy","3-6-4-3-1 Photometry-n-9-measurement-selected-delete_all-no","canvas-id-3-6-4-2-2-photometry-n-9-measurement-selected-delete-copy-text-13","Да","是的","machine-review-required"
"id-3-6-4-2-2-photometry-n-9-measurement-selected-delete-copy-copy","3-6-4-3-2 Photometry-n-9-measurement-selected-delete_all-yes","canvas-id-3-6-4-2-2-photometry-n-9-measurement-selected-delete-copy-copy-text-1","Фотометрия \","光度测定\","machine-review-required"
"id-3-6-4-2-2-photometry-n-9-measurement-selected-delete-copy-copy","3-6-4-3-2 Photometry-n-9-measurement-selected-delete_all-yes","canvas-id-3-6-4-2-2-photometry-n-9-measurement-selected-delete-copy-copy-text-3","12:05","12:05","machine-review-required"
"id-3-6-4-2-2-photometry-n-9-measurement-selected-delete-copy-copy","3-6-4-3-2 Photometry-n-9-measurement-selected-delete_all-yes","canvas-id-3-6-4-2-2-photometry-n-9-measurement-selected-delete-copy-copy-text-4","n=9","n=9","machine-review-required"
"id-3-6-4-2-2-photometry-n-9-measurement-selected-delete-copy-copy","3-6-4-3-2 Photometry-n-9-measurement-selected-delete_all-yes","canvas-id-3-6-4-2-2-photometry-n-9-measurement-selected-delete-copy-copy-text-5","Удалить все записи ?","删除所有条目？","machine-review-required"
"id-3-6-4-2-2-photometry-n-9-measurement-selected-delete-copy-copy","3-6-4-3-2 Photometry-n-9-measurement-selected-delete_all-yes","canvas-id-3-6-4-2-2-photometry-n-9-measurement-selected-delete-copy-copy-text-9","Нет","不","machine-review-required"
"id-3-6-4-2-2-photometry-n-9-measurement-selected-delete-copy-copy","3-6-4-3-2 Photometry-n-9-measurement-selected-delete_all-yes","canvas-id-3-6-4-2-2-photometry-n-9-measurement-selected-delete-copy-copy-text-10","Да","是的","machine-review-required"
"id-3-6-2-1-photometry-t-n-1-measurement-not-fixed-copy-copy","3-6-3-4 Photometry-E-n-3-measurement-fixed","canvas-id-3-6-2-1-photometry-t-n-1-measurement-not-fixed-copy-copy-text-1","Фотометрия \","光度测定\","machine-review-required"
"id-3-6-2-1-photometry-t-n-1-measurement-not-fixed-copy-copy","3-6-3-4 Photometry-E-n-3-measurement-fixed","canvas-id-3-6-2-1-photometry-t-n-1-measurement-not-fixed-copy-copy-text-3","12:05","12:05","machine-review-required"
"id-3-6-2-1-photometry-t-n-1-measurement-not-fixed-copy-copy","3-6-3-4 Photometry-E-n-3-measurement-fixed","canvas-id-3-6-2-1-photometry-t-n-1-measurement-not-fixed-copy-copy-text-5","№","○","machine-review-required"
"id-3-6-2-1-photometry-t-n-1-measurement-not-fixed-copy-copy","3-6-3-4 Photometry-E-n-3-measurement-fixed","canvas-id-3-6-2-1-photometry-t-n-1-measurement-not-fixed-copy-copy-text-6","n=3","n=3","machine-review-required"
"id-3-6-2-1-photometry-t-n-1-measurement-not-fixed-copy-copy","3-6-3-4 Photometry-E-n-3-measurement-fixed","canvas-id-3-6-2-1-photometry-t-n-1-measurement-not-fixed-copy-copy-text-7","E","乙","machine-review-required"
"id-3-6-2-1-photometry-t-n-1-measurement-not-fixed-copy-copy","3-6-3-4 Photometry-E-n-3-measurement-fixed","canvas-id-3-6-2-1-photometry-t-n-1-measurement-not-fixed-copy-copy-text-8","λ=1054.3 нм","λ=1054.3纳米","machine-review-required"
"id-3-6-2-1-photometry-t-n-1-measurement-not-fixed-copy-copy","3-6-3-4 Photometry-E-n-3-measurement-fixed","canvas-id-3-6-2-1-photometry-t-n-1-measurement-not-fixed-copy-copy-text-12","E:","乙：","machine-review-required"
"id-3-6-2-1-photometry-t-n-1-measurement-not-fixed-copy-copy","3-6-3-4 Photometry-E-n-3-measurement-fixed","canvas-id-3-6-2-1-photometry-t-n-1-measurement-not-fixed-copy-copy-text-13","38342","38342","machine-review-required"
"id-3-6-2-1-photometry-t-n-1-measurement-not-fixed-copy-copy","3-6-3-4 Photometry-E-n-3-measurement-fixed","canvas-id-3-6-2-1-photometry-t-n-1-measurement-not-fixed-copy-copy-text-1781798921573","Усиление: 3","增益：3","machine-review-required"
"id-3-6-2-1-photometry-t-n-1-measurement-not-fixed-copy-copy","3-6-3-4 Photometry-E-n-3-measurement-fixed","canvas-id-3-6-2-1-photometry-t-n-1-measurement-not-fixed-copy-copy-text-1781799246412","Eср","埃克","machine-review-required"
"id-3-6-2-1-photometry-t-n-1-measurement-not-fixed-copy-copy","3-6-3-4 Photometry-E-n-3-measurement-fixed","canvas-id-3-6-2-1-photometry-t-n-1-measurement-not-fixed-copy-copy-text-1781799266952","dE","dE","machine-review-required"
"id-3-6-2-1-photometry-t-n-1-measurement-not-fixed-copy-copy","3-6-3-4 Photometry-E-n-3-measurement-fixed","canvas-id-3-6-2-1-photometry-t-n-1-measurement-not-fixed-copy-copy-text-1781799504620","1","1","machine-review-required"
"id-3-6-2-1-photometry-t-n-1-measurement-not-fixed-copy-copy","3-6-3-4 Photometry-E-n-3-measurement-fixed","canvas-id-3-6-2-1-photometry-t-n-1-measurement-not-fixed-copy-copy-text-1781799516532","2","2","machine-review-required"
"id-3-6-2-1-photometry-t-n-1-measurement-not-fixed-copy-copy","3-6-3-4 Photometry-E-n-3-measurement-fixed","canvas-id-3-6-2-1-photometry-t-n-1-measurement-not-fixed-copy-copy-text-1781799530451","3","3","machine-review-required"
"id-3-6-2-1-photometry-t-n-1-measurement-not-fixed-copy-copy","3-6-3-4 Photometry-E-n-3-measurement-fixed","canvas-id-3-6-2-1-photometry-t-n-1-measurement-not-fixed-copy-copy-text-1781799551708","38325","38325","machine-review-required"
"id-3-6-2-1-photometry-t-n-1-measurement-not-fixed-copy-copy","3-6-3-4 Photometry-E-n-3-measurement-fixed","canvas-id-3-6-2-1-photometry-t-n-1-measurement-not-fixed-copy-copy-text-1781799582011","38336","38336","machine-review-required"
"id-3-6-2-1-photometry-t-n-1-measurement-not-fixed-copy-copy","3-6-3-4 Photometry-E-n-3-measurement-fixed","canvas-id-3-6-2-1-photometry-t-n-1-measurement-not-fixed-copy-copy-text-1781799611364","38340","38340","machine-review-required"
"id-3-6-2-1-photometry-t-n-1-measurement-not-fixed-copy-copy","3-6-3-4 Photometry-E-n-3-measurement-fixed","canvas-id-3-6-2-1-photometry-t-n-1-measurement-not-fixed-copy-copy-text-1781799682308","38000","38000","machine-review-required"
"id-3-6-2-1-photometry-t-n-1-measurement-not-fixed-copy-copy","3-6-3-4 Photometry-E-n-3-measurement-fixed","canvas-id-3-6-2-1-photometry-t-n-1-measurement-not-fixed-copy-copy-text-1781800021384","32","32","machine-review-required"
"id-3-6-3-1-photometry-e-n-1-measurement-not-fixed-copy","3-6-3-3 Photometry-E-n-2-measurement-fixed","canvas-id-3-6-3-1-photometry-e-n-1-measurement-not-fixed-copy-text-1","Фотометрия \","光度测定\","machine-review-required"
"id-3-6-3-1-photometry-e-n-1-measurement-not-fixed-copy","3-6-3-3 Photometry-E-n-2-measurement-fixed","canvas-id-3-6-3-1-photometry-e-n-1-measurement-not-fixed-copy-text-3","12:05","12:05","machine-review-required"
"id-3-6-3-1-photometry-e-n-1-measurement-not-fixed-copy","3-6-3-3 Photometry-E-n-2-measurement-fixed","canvas-id-3-6-3-1-photometry-e-n-1-measurement-not-fixed-copy-text-5","№","○","machine-review-required"
"id-3-6-3-1-photometry-e-n-1-measurement-not-fixed-copy","3-6-3-3 Photometry-E-n-2-measurement-fixed","canvas-id-3-6-3-1-photometry-e-n-1-measurement-not-fixed-copy-text-6","n=3","n=3","machine-review-required"
"id-3-6-3-1-photometry-e-n-1-measurement-not-fixed-copy","3-6-3-3 Photometry-E-n-2-measurement-fixed","canvas-id-3-6-3-1-photometry-e-n-1-measurement-not-fixed-copy-text-7","E","乙","machine-review-required"
"id-3-6-3-1-photometry-e-n-1-measurement-not-fixed-copy","3-6-3-3 Photometry-E-n-2-measurement-fixed","canvas-id-3-6-3-1-photometry-e-n-1-measurement-not-fixed-copy-text-8","λ=1054.3 нм","λ=1054.3纳米","machine-review-required"
"id-3-6-3-1-photometry-e-n-1-measurement-not-fixed-copy","3-6-3-3 Photometry-E-n-2-measurement-fixed","canvas-id-3-6-3-1-photometry-e-n-1-measurement-not-fixed-copy-text-12","E:","乙：","machine-review-required"
"id-3-6-3-1-photometry-e-n-1-measurement-not-fixed-copy","3-6-3-3 Photometry-E-n-2-measurement-fixed","canvas-id-3-6-3-1-photometry-e-n-1-measurement-not-fixed-copy-text-13","38342","38342","machine-review-required"
"id-3-6-3-1-photometry-e-n-1-measurement-not-fixed-copy","3-6-3-3 Photometry-E-n-2-measurement-fixed","canvas-id-3-6-3-1-photometry-e-n-1-measurement-not-fixed-copy-text-18","Усиление: 3","增益：3","machine-review-required"
"id-3-6-3-1-photometry-e-n-1-measurement-not-fixed-copy","3-6-3-3 Photometry-E-n-2-measurement-fixed","canvas-id-3-6-3-1-photometry-e-n-1-measurement-not-fixed-copy-text-20","Eср","埃克","machine-review-required"
"id-3-6-3-1-photometry-e-n-1-measurement-not-fixed-copy","3-6-3-3 Photometry-E-n-2-measurement-fixed","canvas-id-3-6-3-1-photometry-e-n-1-measurement-not-fixed-copy-text-21","dE","dE","machine-review-required"
"id-3-6-3-1-photometry-e-n-1-measurement-not-fixed-copy","3-6-3-3 Photometry-E-n-2-measurement-fixed","canvas-id-3-6-3-1-photometry-e-n-1-measurement-not-fixed-copy-text-22","1","1","machine-review-required"
"id-3-6-3-1-photometry-e-n-1-measurement-not-fixed-copy","3-6-3-3 Photometry-E-n-2-measurement-fixed","canvas-id-3-6-3-1-photometry-e-n-1-measurement-not-fixed-copy-text-23","2","2","machine-review-required"
"id-3-6-3-1-photometry-e-n-1-measurement-not-fixed-copy","3-6-3-3 Photometry-E-n-2-measurement-fixed","canvas-id-3-6-3-1-photometry-e-n-1-measurement-not-fixed-copy-text-25","38325","38325","machine-review-required"
"id-3-6-3-1-photometry-e-n-1-measurement-not-fixed-copy","3-6-3-3 Photometry-E-n-2-measurement-fixed","canvas-id-3-6-3-1-photometry-e-n-1-measurement-not-fixed-copy-text-26","38336","38336","machine-review-required"
"id-3-6-3-1-photometry-e-n-1-measurement-not-fixed-copy","3-6-3-3 Photometry-E-n-2-measurement-fixed","canvas-id-3-6-3-1-photometry-e-n-1-measurement-not-fixed-copy-text-28","38330","38330","machine-review-required"
"id-3-6-3-1-photometry-e-n-1-measurement-not-fixed-copy","3-6-3-3 Photometry-E-n-2-measurement-fixed","canvas-id-3-6-3-1-photometry-e-n-1-measurement-not-fixed-copy-text-29","70","70","machine-review-required"
"3-6-3-3-photometry-e-n-2-measurement-not-fixed-copy-copy","3-6-3-2 Photometry-E-n-1-measurement-fixed","canvas-3-6-3-3-photometry-e-n-2-measurement-not-fixed-copy-copy-text-1","Фотометрия \","光度测定\","machine-review-required"
"3-6-3-3-photometry-e-n-2-measurement-not-fixed-copy-copy","3-6-3-2 Photometry-E-n-1-measurement-fixed","canvas-3-6-3-3-photometry-e-n-2-measurement-not-fixed-copy-copy-text-3","12:05","12:05","machine-review-required"
"3-6-3-3-photometry-e-n-2-measurement-not-fixed-copy-copy","3-6-3-2 Photometry-E-n-1-measurement-fixed","canvas-3-6-3-3-photometry-e-n-2-measurement-not-fixed-copy-copy-text-5","№","○","machine-review-required"
"3-6-3-3-photometry-e-n-2-measurement-not-fixed-copy-copy","3-6-3-2 Photometry-E-n-1-measurement-fixed","canvas-3-6-3-3-photometry-e-n-2-measurement-not-fixed-copy-copy-text-6","n=3","n=3","machine-review-required"
"3-6-3-3-photometry-e-n-2-measurement-not-fixed-copy-copy","3-6-3-2 Photometry-E-n-1-measurement-fixed","canvas-3-6-3-3-photometry-e-n-2-measurement-not-fixed-copy-copy-text-7","E","乙","machine-review-required"
"3-6-3-3-photometry-e-n-2-measurement-not-fixed-copy-copy","3-6-3-2 Photometry-E-n-1-measurement-fixed","canvas-3-6-3-3-photometry-e-n-2-measurement-not-fixed-copy-copy-text-8","λ=1054.3 нм","λ=1054.3纳米","machine-review-required"
"3-6-3-3-photometry-e-n-2-measurement-not-fixed-copy-copy","3-6-3-2 Photometry-E-n-1-measurement-fixed","canvas-3-6-3-3-photometry-e-n-2-measurement-not-fixed-copy-copy-text-12","E:","乙：","machine-review-required"
"3-6-3-3-photometry-e-n-2-measurement-not-fixed-copy-copy","3-6-3-2 Photometry-E-n-1-measurement-fixed","canvas-3-6-3-3-photometry-e-n-2-measurement-not-fixed-copy-copy-text-13","38342","38342","machine-review-required"
"3-6-3-3-photometry-e-n-2-measurement-not-fixed-copy-copy","3-6-3-2 Photometry-E-n-1-measurement-fixed","canvas-3-6-3-3-photometry-e-n-2-measurement-not-fixed-copy-copy-text-18","Усиление: 3","增益：3","machine-review-required"
"3-6-3-3-photometry-e-n-2-measurement-not-fixed-copy-copy","3-6-3-2 Photometry-E-n-1-measurement-fixed","canvas-3-6-3-3-photometry-e-n-2-measurement-not-fixed-copy-copy-text-20","Eср","埃克","machine-review-required"
"3-6-3-3-photometry-e-n-2-measurement-not-fixed-copy-copy","3-6-3-2 Photometry-E-n-1-measurement-fixed","canvas-3-6-3-3-photometry-e-n-2-measurement-not-fixed-copy-copy-text-21","dE","dE","machine-review-required"
"3-6-3-3-photometry-e-n-2-measurement-not-fixed-copy-copy","3-6-3-2 Photometry-E-n-1-measurement-fixed","canvas-3-6-3-3-photometry-e-n-2-measurement-not-fixed-copy-copy-text-22","1","1","machine-review-required"
"3-6-3-3-photometry-e-n-2-measurement-not-fixed-copy-copy","3-6-3-2 Photometry-E-n-1-measurement-fixed","canvas-3-6-3-3-photometry-e-n-2-measurement-not-fixed-copy-copy-text-24","38325","38325","machine-review-required"
"3-6-2-3-photometry-a-n-2-measurement-fixed-copy-copy","3-6-2-4 Photometry-T-n-3-measurement-fixed","canvas-3-6-2-3-photometry-a-n-2-measurement-fixed-copy-copy-text-1","Фотометрия \","光度测定\","machine-review-required"
"3-6-2-3-photometry-a-n-2-measurement-fixed-copy-copy","3-6-2-4 Photometry-T-n-3-measurement-fixed","canvas-3-6-2-3-photometry-a-n-2-measurement-fixed-copy-copy-text-3","12:05","12:05","machine-review-required"
"3-6-2-3-photometry-a-n-2-measurement-fixed-copy-copy","3-6-2-4 Photometry-T-n-3-measurement-fixed","canvas-3-6-2-3-photometry-a-n-2-measurement-fixed-copy-copy-text-5","№","○","machine-review-required"
"3-6-2-3-photometry-a-n-2-measurement-fixed-copy-copy","3-6-2-4 Photometry-T-n-3-measurement-fixed","canvas-3-6-2-3-photometry-a-n-2-measurement-fixed-copy-copy-text-6","n=3","n=3","machine-review-required"
"3-6-2-3-photometry-a-n-2-measurement-fixed-copy-copy","3-6-2-4 Photometry-T-n-3-measurement-fixed","canvas-3-6-2-3-photometry-a-n-2-measurement-fixed-copy-copy-text-7","T, %","温度，%","machine-review-required"
"3-6-2-3-photometry-a-n-2-measurement-fixed-copy-copy","3-6-2-4 Photometry-T-n-3-measurement-fixed","canvas-3-6-2-3-photometry-a-n-2-measurement-fixed-copy-copy-text-8","1","1","machine-review-required"
"3-6-2-3-photometry-a-n-2-measurement-fixed-copy-copy","3-6-2-4 Photometry-T-n-3-measurement-fixed","canvas-3-6-2-3-photometry-a-n-2-measurement-fixed-copy-copy-text-9","2","2","machine-review-required"
"3-6-2-3-photometry-a-n-2-measurement-fixed-copy-copy","3-6-2-4 Photometry-T-n-3-measurement-fixed","canvas-3-6-2-3-photometry-a-n-2-measurement-fixed-copy-copy-text-10","λ=1054.3 нм","λ=1054.3纳米","machine-review-required"
"3-6-2-3-photometry-a-n-2-measurement-fixed-copy-copy","3-6-2-4 Photometry-T-n-3-measurement-fixed","canvas-3-6-2-3-photometry-a-n-2-measurement-fixed-copy-copy-text-11","93.35","93.35","machine-review-required"
"3-6-2-3-photometry-a-n-2-measurement-fixed-copy-copy","3-6-2-4 Photometry-T-n-3-measurement-fixed","canvas-3-6-2-3-photometry-a-n-2-measurement-fixed-copy-copy-text-12","93.38","93.38","machine-review-required"
"3-6-2-3-photometry-a-n-2-measurement-fixed-copy-copy","3-6-2-4 Photometry-T-n-3-measurement-fixed","canvas-3-6-2-3-photometry-a-n-2-measurement-fixed-copy-copy-text-16","T","时间","machine-review-required"
"3-6-2-3-photometry-a-n-2-measurement-fixed-copy-copy","3-6-2-4 Photometry-T-n-3-measurement-fixed","canvas-3-6-2-3-photometry-a-n-2-measurement-fixed-copy-copy-text-17","93.38 %","93.38%","machine-review-required"
"3-6-2-3-photometry-a-n-2-measurement-fixed-copy-copy","3-6-2-4 Photometry-T-n-3-measurement-fixed","canvas-3-6-2-3-photometry-a-n-2-measurement-fixed-copy-copy-text-18","Tср","总氮","machine-review-required"
"3-6-2-3-photometry-a-n-2-measurement-fixed-copy-copy","3-6-2-4 Photometry-T-n-3-measurement-fixed","canvas-3-6-2-3-photometry-a-n-2-measurement-fixed-copy-copy-text-19","93.36 %","93.36%","machine-review-required"
"3-6-2-3-photometry-a-n-2-measurement-fixed-copy-copy","3-6-2-4 Photometry-T-n-3-measurement-fixed","canvas-3-6-2-3-photometry-a-n-2-measurement-fixed-copy-copy-text-20","dT","dT","machine-review-required"
"3-6-2-3-photometry-a-n-2-measurement-fixed-copy-copy","3-6-2-4 Photometry-T-n-3-measurement-fixed","canvas-3-6-2-3-photometry-a-n-2-measurement-fixed-copy-copy-text-21","0.02 %","0.02%","machine-review-required"
"3-6-2-3-photometry-a-n-2-measurement-fixed-copy-copy","3-6-2-4 Photometry-T-n-3-measurement-fixed","canvas-3-6-2-3-photometry-a-n-2-measurement-fixed-copy-copy-text-1781801179653","3","3","machine-review-required"
"3-6-2-3-photometry-a-n-2-measurement-fixed-copy-copy","3-6-2-4 Photometry-T-n-3-measurement-fixed","canvas-3-6-2-3-photometry-a-n-2-measurement-fixed-copy-copy-text-1781801204101","93.36","93.36","machine-review-required"
"3-6-4-3-2-photometry-n-9-measurement-selected-delete-all-yes-copy","3-6-5-1-1 Photometry-save results-no","canvas-3-6-4-3-2-photometry-n-9-measurement-selected-delete-all-yes-copy-text-1","Фотометрия \","光度测定\","machine-review-required"
"3-6-4-3-2-photometry-n-9-measurement-selected-delete-all-yes-copy","3-6-5-1-1 Photometry-save results-no","canvas-3-6-4-3-2-photometry-n-9-measurement-selected-delete-all-yes-copy-text-3","12:05","12:05","machine-review-required"
"3-6-4-3-2-photometry-n-9-measurement-selected-delete-all-yes-copy","3-6-5-1-1 Photometry-save results-no","canvas-3-6-4-3-2-photometry-n-9-measurement-selected-delete-all-yes-copy-text-4","n=9","n=9","machine-review-required"
"3-6-4-3-2-photometry-n-9-measurement-selected-delete-all-yes-copy","3-6-5-1-1 Photometry-save results-no","canvas-3-6-4-3-2-photometry-n-9-measurement-selected-delete-all-yes-copy-text-5","Сохранить результаты ?","保存结果？","machine-review-required"
"3-6-4-3-2-photometry-n-9-measurement-selected-delete-all-yes-copy","3-6-5-1-1 Photometry-save results-no","canvas-3-6-4-3-2-photometry-n-9-measurement-selected-delete-all-yes-copy-text-9","Нет","不","machine-review-required"
"3-6-4-3-2-photometry-n-9-measurement-selected-delete-all-yes-copy","3-6-5-1-1 Photometry-save results-no","canvas-3-6-4-3-2-photometry-n-9-measurement-selected-delete-all-yes-copy-text-10","Да","是的","machine-review-required"
"3-6-5-1-1-photometry-save-results-no-copy","3-6-5-1-2 Photometry-save results-yes","canvas-3-6-5-1-1-photometry-save-results-no-copy-text-1","Фотометрия \","光度测定\","machine-review-required"
"3-6-5-1-1-photometry-save-results-no-copy","3-6-5-1-2 Photometry-save results-yes","canvas-3-6-5-1-1-photometry-save-results-no-copy-text-3","12:05","12:05","machine-review-required"
"3-6-5-1-1-photometry-save-results-no-copy","3-6-5-1-2 Photometry-save results-yes","canvas-3-6-5-1-1-photometry-save-results-no-copy-text-4","n=9","n=9","machine-review-required"
"3-6-5-1-1-photometry-save-results-no-copy","3-6-5-1-2 Photometry-save results-yes","canvas-3-6-5-1-1-photometry-save-results-no-copy-text-5","Сохранить результаты ?","保存结果？","machine-review-required"
"3-6-5-1-1-photometry-save-results-no-copy","3-6-5-1-2 Photometry-save results-yes","canvas-3-6-5-1-1-photometry-save-results-no-copy-text-9","Нет","不","machine-review-required"
"3-6-5-1-1-photometry-save-results-no-copy","3-6-5-1-2 Photometry-save results-yes","canvas-3-6-5-1-1-photometry-save-results-no-copy-text-10","Да","是的","machine-review-required"
"3-6-5-1-2-photometry-save-results-yes-copy","3-6-5-2-1 Photometry-storage location-storage","canvas-3-6-5-1-2-photometry-save-results-yes-copy-text-1","Фотометрия \","光度测定\","machine-review-required"
"3-6-5-1-2-photometry-save-results-yes-copy","3-6-5-2-1 Photometry-storage location-storage","canvas-3-6-5-1-2-photometry-save-results-yes-copy-text-3","12:05","12:05","machine-review-required"
"3-6-5-1-2-photometry-save-results-yes-copy","3-6-5-2-1 Photometry-storage location-storage","canvas-3-6-5-1-2-photometry-save-results-yes-copy-text-4","n=9","n=9","machine-review-required"
"3-6-5-1-2-photometry-save-results-yes-copy","3-6-5-2-1 Photometry-storage location-storage","canvas-3-6-5-1-2-photometry-save-results-yes-copy-text-5","Сохранить","节省","machine-review-required"
"3-6-5-1-2-photometry-save-results-yes-copy","3-6-5-2-1 Photometry-storage location-storage","canvas-3-6-5-1-2-photometry-save-results-yes-copy-text-9","Внутренняя память","内存","machine-review-required"
"3-6-5-1-2-photometry-save-results-yes-copy","3-6-5-2-1 Photometry-storage location-storage","canvas-3-6-5-1-2-photometry-save-results-yes-copy-text-10","USB-накопитель","USB 闪存驱动器","machine-review-required"
"3-6-5-2-1-photometry-storage-location-storage-copy","3-6-5-2-2 Photometry-storage location-usb","canvas-3-6-5-2-1-photometry-storage-location-storage-copy-text-1","Фотометрия \","光度测定\","machine-review-required"
"3-6-5-2-1-photometry-storage-location-storage-copy","3-6-5-2-2 Photometry-storage location-usb","canvas-3-6-5-2-1-photometry-storage-location-storage-copy-text-3","12:05","12:05","machine-review-required"
"3-6-5-2-1-photometry-storage-location-storage-copy","3-6-5-2-2 Photometry-storage location-usb","canvas-3-6-5-2-1-photometry-storage-location-storage-copy-text-4","n=9","n=9","machine-review-required"
"3-6-5-2-1-photometry-storage-location-storage-copy","3-6-5-2-2 Photometry-storage location-usb","canvas-3-6-5-2-1-photometry-storage-location-storage-copy-text-5","Сохранить","节省","machine-review-required"
"3-6-5-2-1-photometry-storage-location-storage-copy","3-6-5-2-2 Photometry-storage location-usb","canvas-3-6-5-2-1-photometry-storage-location-storage-copy-text-9","Внутренняя память","内存","machine-review-required"
"3-6-5-2-1-photometry-storage-location-storage-copy","3-6-5-2-2 Photometry-storage location-usb","canvas-3-6-5-2-1-photometry-storage-location-storage-copy-text-10","USB-накопитель","USB 闪存驱动器","machine-review-required"
"3-6-5-2-2-photometry-storage-location-usb-copy","3-6-5-3-2 Photometry-named_file","canvas-3-6-5-2-2-photometry-storage-location-usb-copy-text-1","Фотометрия \","光度测定\","machine-review-required"
"3-6-5-2-2-photometry-storage-location-usb-copy","3-6-5-3-2 Photometry-named_file","canvas-3-6-5-2-2-photometry-storage-location-usb-copy-text-3","12:05","12:05","machine-review-required"
"3-6-5-2-2-photometry-storage-location-usb-copy","3-6-5-3-2 Photometry-named_file","canvas-3-6-5-2-2-photometry-storage-location-usb-copy-text-4","n=9","n=9","machine-review-required"
"3-6-5-2-2-photometry-storage-location-usb-copy","3-6-5-3-2 Photometry-named_file","canvas-3-6-5-2-2-photometry-storage-location-usb-copy-text-5","Введите название файла","输入文件名","machine-review-required"
"3-6-5-2-2-photometry-storage-location-usb-copy","3-6-5-3-2 Photometry-named_file","canvas-3-6-5-2-2-photometry-storage-location-usb-copy-text-1781871436340","Mn-Cr","锰铬","machine-review-required"
"3-6-5-3-1-photometry-naming-file-copy","3-6-5-3-1 Photometry-naming_file","canvas-3-6-5-3-1-photometry-naming-file-copy-text-1","Фотометрия \","光度测定\","machine-review-required"
"3-6-5-3-1-photometry-naming-file-copy","3-6-5-3-1 Photometry-naming_file","canvas-3-6-5-3-1-photometry-naming-file-copy-text-3","12:05","12:05","machine-review-required"
"3-6-5-3-1-photometry-naming-file-copy","3-6-5-3-1 Photometry-naming_file","canvas-3-6-5-3-1-photometry-naming-file-copy-text-4","n=9","n=9","machine-review-required"
"3-6-5-3-1-photometry-naming-file-copy","3-6-5-3-1 Photometry-naming_file","canvas-3-6-5-3-1-photometry-naming-file-copy-text-5","Введите название файла","输入文件名","machine-review-required"
"3-6-5-3-1-photometry-naming-file-copy","3-6-5-3-1 Photometry-naming_file","canvas-3-6-5-3-1-photometry-naming-file-copy-text-7","_____","_____","machine-review-required"
"3-6-5-3-1-photometry-naming-file-copy-copy","3-6-5-4-1 Photometry-print-yes","canvas-3-6-5-3-1-photometry-naming-file-copy-copy-text-1","Фотометрия \","光度测定\","machine-review-required"
"3-6-5-3-1-photometry-naming-file-copy-copy","3-6-5-4-1 Photometry-print-yes","canvas-3-6-5-3-1-photometry-naming-file-copy-copy-text-3","12:05","12:05","machine-review-required"
"3-6-5-3-1-photometry-naming-file-copy-copy","3-6-5-4-1 Photometry-print-yes","canvas-3-6-5-3-1-photometry-naming-file-copy-copy-text-4","n=9","n=9","machine-review-required"
"3-6-5-3-1-photometry-naming-file-copy-copy","3-6-5-4-1 Photometry-print-yes","canvas-3-6-5-3-1-photometry-naming-file-copy-copy-text-5","Распечатать?","打印？","machine-review-required"
"3-6-5-3-1-photometry-naming-file-copy-copy","3-6-5-4-1 Photometry-print-yes","canvas-3-6-5-3-1-photometry-naming-file-copy-copy-text-1781871718872","Да","是的","machine-review-required"
"3-6-5-3-1-photometry-naming-file-copy-copy","3-6-5-4-1 Photometry-print-yes","canvas-3-6-5-3-1-photometry-naming-file-copy-copy-text-1781871750383","Нет","不","machine-review-required"
"3-6-5-4-1-photometry-print-yes-copy","3-6-5-4-2 Photometry-print-no","canvas-3-6-5-4-1-photometry-print-yes-copy-text-1","Фотометрия \","光度测定\","machine-review-required"
"3-6-5-4-1-photometry-print-yes-copy","3-6-5-4-2 Photometry-print-no","canvas-3-6-5-4-1-photometry-print-yes-copy-text-3","12:05","12:05","machine-review-required"
"3-6-5-4-1-photometry-print-yes-copy","3-6-5-4-2 Photometry-print-no","canvas-3-6-5-4-1-photometry-print-yes-copy-text-4","n=9","n=9","machine-review-required"
"3-6-5-4-1-photometry-print-yes-copy","3-6-5-4-2 Photometry-print-no","canvas-3-6-5-4-1-photometry-print-yes-copy-text-5","Распечатать?","打印？","machine-review-required"
"3-6-5-4-1-photometry-print-yes-copy","3-6-5-4-2 Photometry-print-no","canvas-3-6-5-4-1-photometry-print-yes-copy-text-9","Да","是的","machine-review-required"
"3-6-5-4-1-photometry-print-yes-copy","3-6-5-4-2 Photometry-print-no","canvas-3-6-5-4-1-photometry-print-yes-copy-text-10","Нет","不","machine-review-required"
"4-1-quantitative-submode-curves-copy","4-2 Quantitative-submode-coefficients","canvas-4-1-quantitative-submode-curves-copy-text-1","Колич. анализ","数量分析","machine-review-required"
"4-1-quantitative-submode-curves-copy","4-2 Quantitative-submode-coefficients","canvas-4-1-quantitative-submode-curves-copy-text-3","17:05","17:05","machine-review-required"
"4-1-quantitative-submode-curves-copy","4-2 Quantitative-submode-coefficients","canvas-4-1-quantitative-submode-curves-copy-text-4","Выберете подрежим","选择子模式","machine-review-required"
"4-1-quantitative-submode-curves-copy","4-2 Quantitative-submode-coefficients","canvas-4-1-quantitative-submode-curves-copy-text-9","Градуир. кривая","毕业。曲线","machine-review-required"
"4-1-quantitative-submode-curves-copy","4-2 Quantitative-submode-coefficients","canvas-4-1-quantitative-submode-curves-copy-text-10","Коэффициенты","赔率","machine-review-required"
"4-2-quantitative-submode-coefficients-copy","4-1-1-1 Quantitative-submode-curves-new-wl","canvas-4-2-quantitative-submode-coefficients-copy-text-1","Колич. анализ","数量分析","machine-review-required"
"4-2-quantitative-submode-coefficients-copy","4-1-1-1 Quantitative-submode-curves-new-wl","canvas-4-2-quantitative-submode-coefficients-copy-text-3","17:05","17:05","machine-review-required"
"4-2-quantitative-submode-coefficients-copy","4-1-1-1 Quantitative-submode-curves-new-wl","canvas-4-2-quantitative-submode-coefficients-copy-text-4","Новая градуировка","新毕业","machine-review-required"
"4-2-quantitative-submode-coefficients-copy","4-1-1-1 Quantitative-submode-curves-new-wl","canvas-4-2-quantitative-submode-coefficients-copy-text-8","Длина волны","波长","machine-review-required"
"4-2-quantitative-submode-coefficients-copy","4-1-1-1 Quantitative-submode-curves-new-wl","canvas-4-2-quantitative-submode-coefficients-copy-text-1782112936673","Кювета","比色皿","machine-review-required"
"4-2-quantitative-submode-coefficients-copy","4-1-1-1 Quantitative-submode-curves-new-wl","canvas-4-2-quantitative-submode-coefficients-copy-text-1782115131097","Стандартные образцы","标准样品","machine-review-required"
"4-2-quantitative-submode-coefficients-copy","4-1-1-1 Quantitative-submode-curves-new-wl","canvas-4-2-quantitative-submode-coefficients-copy-text-1782115275422","Измеряемая величина","测量数量","machine-review-required"
"4-2-quantitative-submode-coefficients-copy","4-1-1-1 Quantitative-submode-curves-new-wl","canvas-4-2-quantitative-submode-coefficients-copy-text-1782140609505","n=1","n=1","machine-review-required"
"4-2-quantitative-submode-coefficients-copy-2","4-1-1 Quantitative-submode-curves-new","canvas-4-2-quantitative-submode-coefficients-copy-2-text-1","Колич. анализ","数量分析","machine-review-required"
"4-2-quantitative-submode-coefficients-copy-2","4-1-1 Quantitative-submode-curves-new","canvas-4-2-quantitative-submode-coefficients-copy-2-text-3","17:05","17:05","machine-review-required"
"4-2-quantitative-submode-coefficients-copy-2","4-1-1 Quantitative-submode-curves-new","canvas-4-2-quantitative-submode-coefficients-copy-2-text-4","Подрежим: градуировка","子模式：毕业","machine-review-required"
"4-2-quantitative-submode-coefficients-copy-2","4-1-1 Quantitative-submode-curves-new","canvas-4-2-quantitative-submode-coefficients-copy-2-text-8","Новая градуировка","新毕业","machine-review-required"
"4-2-quantitative-submode-coefficients-copy-2","4-1-1 Quantitative-submode-curves-new","canvas-4-2-quantitative-submode-coefficients-copy-2-text-9","Загрузить градуировку","下载校准","machine-review-required"
"4-1-1-quantitative-submode-curves-new-copy","4-1-2 Quantitative-submode-curves-load","canvas-4-1-1-quantitative-submode-curves-new-copy-text-1","Колич. анализ","数量分析","machine-review-required"
"4-1-1-quantitative-submode-curves-new-copy","4-1-2 Quantitative-submode-curves-load","canvas-4-1-1-quantitative-submode-curves-new-copy-text-3","17:05","17:05","machine-review-required"
"4-1-1-quantitative-submode-curves-new-copy","4-1-2 Quantitative-submode-curves-load","canvas-4-1-1-quantitative-submode-curves-new-copy-text-4","Подрежим: градуировка","子模式：毕业","machine-review-required"
"4-1-1-quantitative-submode-curves-new-copy","4-1-2 Quantitative-submode-curves-load","canvas-4-1-1-quantitative-submode-curves-new-copy-text-8","Новая градуировка","新毕业","machine-review-required"
"4-1-1-quantitative-submode-curves-new-copy","4-1-2 Quantitative-submode-curves-load","canvas-4-1-1-quantitative-submode-curves-new-copy-text-9","Загрузить градуировку","下载校准","machine-review-required"
"4-1-1-1-quantitative-submode-curves-new-wl-copy","4-1-1-2 Quantitative-submode-curves-new-cuvette","canvas-4-1-1-1-quantitative-submode-curves-new-wl-copy-text-1","Колич. анализ","数量分析","machine-review-required"
"4-1-1-1-quantitative-submode-curves-new-wl-copy","4-1-1-2 Quantitative-submode-curves-new-cuvette","canvas-4-1-1-1-quantitative-submode-curves-new-wl-copy-text-3","17:05","17:05","machine-review-required"
"4-1-1-1-quantitative-submode-curves-new-wl-copy","4-1-1-2 Quantitative-submode-curves-new-cuvette","canvas-4-1-1-1-quantitative-submode-curves-new-wl-copy-text-4","Новая градуировка","新毕业","machine-review-required"
"4-1-1-1-quantitative-submode-curves-new-wl-copy","4-1-1-2 Quantitative-submode-curves-new-cuvette","canvas-4-1-1-1-quantitative-submode-curves-new-wl-copy-text-8","Длина волны","波长","machine-review-required"
"4-1-1-1-quantitative-submode-curves-new-wl-copy","4-1-1-2 Quantitative-submode-curves-new-cuvette","canvas-4-1-1-1-quantitative-submode-curves-new-wl-copy-text-11","Кювета","比色皿","machine-review-required"
"4-1-1-1-quantitative-submode-curves-new-wl-copy","4-1-1-2 Quantitative-submode-curves-new-cuvette","canvas-4-1-1-1-quantitative-submode-curves-new-wl-copy-text-12","Стандартные образцы","标准样品","machine-review-required"
"4-1-1-1-quantitative-submode-curves-new-wl-copy","4-1-1-2 Quantitative-submode-curves-new-cuvette","canvas-4-1-1-1-quantitative-submode-curves-new-wl-copy-text-13","Измеряемая величина","测量数量","machine-review-required"
"4-1-1-1-quantitative-submode-curves-new-wl-copy","4-1-1-2 Quantitative-submode-curves-new-cuvette","canvas-4-1-1-1-quantitative-submode-curves-new-wl-copy-text-1782140690697","n=1","n=1","machine-review-required"
"4-1-1-2-quantitative-submode-curves-new-cuvette-copy","4-1-1-3 Quantitative-submode-curves-new-value","canvas-4-1-1-2-quantitative-submode-curves-new-cuvette-copy-text-1","Колич. анализ","数量分析","machine-review-required"
"4-1-1-2-quantitative-submode-curves-new-cuvette-copy","4-1-1-3 Quantitative-submode-curves-new-value","canvas-4-1-1-2-quantitative-submode-curves-new-cuvette-copy-text-3","17:05","17:05","machine-review-required"
"4-1-1-2-quantitative-submode-curves-new-cuvette-copy","4-1-1-3 Quantitative-submode-curves-new-value","canvas-4-1-1-2-quantitative-submode-curves-new-cuvette-copy-text-4","Новая градуировка","新毕业","machine-review-required"
"4-1-1-2-quantitative-submode-curves-new-cuvette-copy","4-1-1-3 Quantitative-submode-curves-new-value","canvas-4-1-1-2-quantitative-submode-curves-new-cuvette-copy-text-8","Длина волны","波长","machine-review-required"
"4-1-1-2-quantitative-submode-curves-new-cuvette-copy","4-1-1-3 Quantitative-submode-curves-new-value","canvas-4-1-1-2-quantitative-submode-curves-new-cuvette-copy-text-11","Кювета","比色皿","machine-review-required"
"4-1-1-2-quantitative-submode-curves-new-cuvette-copy","4-1-1-3 Quantitative-submode-curves-new-value","canvas-4-1-1-2-quantitative-submode-curves-new-cuvette-copy-text-12","Стандартные образцы","标准样品","machine-review-required"
"4-1-1-2-quantitative-submode-curves-new-cuvette-copy","4-1-1-3 Quantitative-submode-curves-new-value","canvas-4-1-1-2-quantitative-submode-curves-new-cuvette-copy-text-13","Измеряемая величина","测量数量","machine-review-required"
"4-1-1-2-quantitative-submode-curves-new-cuvette-copy","4-1-1-3 Quantitative-submode-curves-new-value","canvas-4-1-1-2-quantitative-submode-curves-new-cuvette-copy-text-1782140769712","n=1","n=1","machine-review-required"
"4-1-1-3-quantitative-submode-curves-new-value-copy","4-1-1-4 Quantitative-submode-curves-new-standard","canvas-4-1-1-3-quantitative-submode-curves-new-value-copy-text-1","Колич. анализ","数量分析","machine-review-required"
"4-1-1-3-quantitative-submode-curves-new-value-copy","4-1-1-4 Quantitative-submode-curves-new-standard","canvas-4-1-1-3-quantitative-submode-curves-new-value-copy-text-3","17:05","17:05","machine-review-required"
"4-1-1-3-quantitative-submode-curves-new-value-copy","4-1-1-4 Quantitative-submode-curves-new-standard","canvas-4-1-1-3-quantitative-submode-curves-new-value-copy-text-4","Новая градуировка","新毕业","machine-review-required"
"4-1-1-3-quantitative-submode-curves-new-value-copy","4-1-1-4 Quantitative-submode-curves-new-standard","canvas-4-1-1-3-quantitative-submode-curves-new-value-copy-text-8","Длина волны","波长","machine-review-required"
"4-1-1-3-quantitative-submode-curves-new-value-copy","4-1-1-4 Quantitative-submode-curves-new-standard","canvas-4-1-1-3-quantitative-submode-curves-new-value-copy-text-11","Кювета","比色皿","machine-review-required"
"4-1-1-3-quantitative-submode-curves-new-value-copy","4-1-1-4 Quantitative-submode-curves-new-standard","canvas-4-1-1-3-quantitative-submode-curves-new-value-copy-text-12","Стандартные образцы","标准样品","machine-review-required"
"4-1-1-3-quantitative-submode-curves-new-value-copy","4-1-1-4 Quantitative-submode-curves-new-standard","canvas-4-1-1-3-quantitative-submode-curves-new-value-copy-text-13","Измеряемая величина","测量数量","machine-review-required"
"4-1-1-3-quantitative-submode-curves-new-value-copy","4-1-1-4 Quantitative-submode-curves-new-standard","canvas-4-1-1-3-quantitative-submode-curves-new-value-copy-text-1782140841061","n=1","n=1","machine-review-required"
"4-1-1-4-quantitative-submode-curves-new-standard-copy","4-1-1-5 Quantitative-submode-curves-new-standard-calc_graphic","canvas-4-1-1-4-quantitative-submode-curves-new-standard-copy-text-1","Колич. анализ","数量分析","machine-review-required"
"4-1-1-4-quantitative-submode-curves-new-standard-copy","4-1-1-5 Quantitative-submode-curves-new-standard-calc_graphic","canvas-4-1-1-4-quantitative-submode-curves-new-standard-copy-text-3","17:05","17:05","machine-review-required"
"4-1-1-4-quantitative-submode-curves-new-standard-copy","4-1-1-5 Quantitative-submode-curves-new-standard-calc_graphic","canvas-4-1-1-4-quantitative-submode-curves-new-standard-copy-text-4","Новая градуировка","新毕业","machine-review-required"
"4-1-1-4-quantitative-submode-curves-new-standard-copy","4-1-1-5 Quantitative-submode-curves-new-standard-calc_graphic","canvas-4-1-1-4-quantitative-submode-curves-new-standard-copy-text-8","Кювета","比色皿","machine-review-required"
"4-1-1-4-quantitative-submode-curves-new-standard-copy","4-1-1-5 Quantitative-submode-curves-new-standard-calc_graphic","canvas-4-1-1-4-quantitative-submode-curves-new-standard-copy-text-11","Измеряемая величина","测量数量","machine-review-required"
"4-1-1-4-quantitative-submode-curves-new-standard-copy","4-1-1-5 Quantitative-submode-curves-new-standard-calc_graphic","canvas-4-1-1-4-quantitative-submode-curves-new-standard-copy-text-12","Расчёт и отображение","计算与显示","machine-review-required"
"4-1-1-4-quantitative-submode-curves-new-standard-copy","4-1-1-5 Quantitative-submode-curves-new-standard-calc_graphic","canvas-4-1-1-4-quantitative-submode-curves-new-standard-copy-text-13","Стандартные образцы","标准样品","machine-review-required"
"4-1-1-4-quantitative-submode-curves-new-standard-copy","4-1-1-5 Quantitative-submode-curves-new-standard-calc_graphic","canvas-4-1-1-4-quantitative-submode-curves-new-standard-copy-text-1782143990728","n=3","n=3","machine-review-required"
"1-9-diagnostic-warming-copy","1-9-2 Waiting","canvas-1-9-diagnostic-warming-copy-text-1782125557550","Подождите...","等待...","machine-review-required"
"4-1-1-1-quantitative-submode-curves-new-wl-copy-2","4-1-1-1-1 Quantitative-submode-curves-new-inputing","canvas-4-1-1-1-quantitative-submode-curves-new-wl-copy-2-text-1","Колич. анализ","数量分析","machine-review-required"
"4-1-1-1-quantitative-submode-curves-new-wl-copy-2","4-1-1-1-1 Quantitative-submode-curves-new-inputing","canvas-4-1-1-1-quantitative-submode-curves-new-wl-copy-2-text-3","17:05","17:05","machine-review-required"
"4-1-1-1-quantitative-submode-curves-new-wl-copy-2","4-1-1-1-1 Quantitative-submode-curves-new-inputing","canvas-4-1-1-1-quantitative-submode-curves-new-wl-copy-2-text-4","Новая градуировка","新毕业","machine-review-required"
"4-1-1-1-quantitative-submode-curves-new-wl-copy-2","4-1-1-1-1 Quantitative-submode-curves-new-inputing","canvas-4-1-1-1-quantitative-submode-curves-new-wl-copy-2-text-1782134435114","n=1","n=1","machine-review-required"
"4-1-1-1-quantitative-submode-curves-new-wl-copy-2","4-1-1-1-1 Quantitative-submode-curves-new-inputing","canvas-4-1-1-1-quantitative-submode-curves-new-wl-copy-2-text-1782134471518","Текущее λ - 645.3 нм","当前 λ - 645.3 nm","machine-review-required"
"4-1-1-1-quantitative-submode-curves-new-wl-copy-2","4-1-1-1-1 Quantitative-submode-curves-new-inputing","canvas-4-1-1-1-quantitative-submode-curves-new-wl-copy-2-text-1782134582469","Введите λ (нм):","输入 λ（纳米）：","machine-review-required"
"4-1-1-1-quantitative-submode-curves-new-wl-copy-2","4-1-1-1-1 Quantitative-submode-curves-new-inputing","canvas-4-1-1-1-quantitative-submode-curves-new-wl-copy-2-text-1782134651873","______","______","machine-review-required"
"4-1-1-1-1-quantitative-submode-curves-new-inputing-copy","4-1-1-1-2 Quantitative-submode-curves-new-inputed","canvas-4-1-1-1-1-quantitative-submode-curves-new-inputing-copy-text-1","Колич. анализ","数量分析","machine-review-required"
"4-1-1-1-1-quantitative-submode-curves-new-inputing-copy","4-1-1-1-2 Quantitative-submode-curves-new-inputed","canvas-4-1-1-1-1-quantitative-submode-curves-new-inputing-copy-text-3","17:05","17:05","machine-review-required"
"4-1-1-1-1-quantitative-submode-curves-new-inputing-copy","4-1-1-1-2 Quantitative-submode-curves-new-inputed","canvas-4-1-1-1-1-quantitative-submode-curves-new-inputing-copy-text-4","Новая градуировка","新毕业","machine-review-required"
"4-1-1-1-1-quantitative-submode-curves-new-inputing-copy","4-1-1-1-2 Quantitative-submode-curves-new-inputed","canvas-4-1-1-1-1-quantitative-submode-curves-new-inputing-copy-text-6","n=1","n=1","machine-review-required"
"4-1-1-1-1-quantitative-submode-curves-new-inputing-copy","4-1-1-1-2 Quantitative-submode-curves-new-inputed","canvas-4-1-1-1-1-quantitative-submode-curves-new-inputing-copy-text-7","Текущее λ - 645.3 нм","当前 λ - 645.3 nm","machine-review-required"
"4-1-1-1-1-quantitative-submode-curves-new-inputing-copy","4-1-1-1-2 Quantitative-submode-curves-new-inputed","canvas-4-1-1-1-1-quantitative-submode-curves-new-inputing-copy-text-8","Введите λ (нм):","输入 λ（纳米）：","machine-review-required"
"4-1-1-1-1-quantitative-submode-curves-new-inputing-copy","4-1-1-1-2 Quantitative-submode-curves-new-inputed","canvas-4-1-1-1-1-quantitative-submode-curves-new-inputing-copy-text-9","0985.3","0985.3","machine-review-required"
"4-1-1-2-quantitative-submode-curves-new-cuvette-copy-2","4-1-1-2-1 Quantitative-submode-curves-new-cuvette-inputing","canvas-4-1-1-2-quantitative-submode-curves-new-cuvette-copy-2-text-1","Колич. анализ","数量分析","machine-review-required"
"4-1-1-2-quantitative-submode-curves-new-cuvette-copy-2","4-1-1-2-1 Quantitative-submode-curves-new-cuvette-inputing","canvas-4-1-1-2-quantitative-submode-curves-new-cuvette-copy-2-text-3","17:05","17:05","machine-review-required"
"4-1-1-2-quantitative-submode-curves-new-cuvette-copy-2","4-1-1-2-1 Quantitative-submode-curves-new-cuvette-inputing","canvas-4-1-1-2-quantitative-submode-curves-new-cuvette-copy-2-text-4","Новая градуировка","新毕业","machine-review-required"
"4-1-1-2-quantitative-submode-curves-new-cuvette-copy-2","4-1-1-2-1 Quantitative-submode-curves-new-cuvette-inputing","canvas-4-1-1-2-quantitative-submode-curves-new-cuvette-copy-2-text-1782134950738","Введите длину","输入长度","machine-review-required"
"4-1-1-2-quantitative-submode-curves-new-cuvette-copy-2","4-1-1-2-1 Quantitative-submode-curves-new-cuvette-inputing","canvas-4-1-1-2-quantitative-submode-curves-new-cuvette-copy-2-text-1782135050157","кюветы, мм","比色皿，毫米","machine-review-required"
"4-1-1-2-quantitative-submode-curves-new-cuvette-copy-2","4-1-1-2-1 Quantitative-submode-curves-new-cuvette-inputing","canvas-4-1-1-2-quantitative-submode-curves-new-cuvette-copy-2-text-1782135069550","___","___","machine-review-required"
"4-1-1-2-quantitative-submode-curves-new-cuvette-copy-2","4-1-1-2-1 Quantitative-submode-curves-new-cuvette-inputing","canvas-4-1-1-2-quantitative-submode-curves-new-cuvette-copy-2-text-1782140716153","n=1","n=1","machine-review-required"
"4-1-1-2-1-quantitative-submode-curves-new-cuvette-inputing-copy","4-1-1-2-2 Quantitative-submode-curves-new-cuvette-inputed","canvas-4-1-1-2-1-quantitative-submode-curves-new-cuvette-inputing-copy-text-1","Колич. анализ","数量分析","machine-review-required"
"4-1-1-2-1-quantitative-submode-curves-new-cuvette-inputing-copy","4-1-1-2-2 Quantitative-submode-curves-new-cuvette-inputed","canvas-4-1-1-2-1-quantitative-submode-curves-new-cuvette-inputing-copy-text-3","17:05","17:05","machine-review-required"
"4-1-1-2-1-quantitative-submode-curves-new-cuvette-inputing-copy","4-1-1-2-2 Quantitative-submode-curves-new-cuvette-inputed","canvas-4-1-1-2-1-quantitative-submode-curves-new-cuvette-inputing-copy-text-4","Новая градуировка","新毕业","machine-review-required"
"4-1-1-2-1-quantitative-submode-curves-new-cuvette-inputing-copy","4-1-1-2-2 Quantitative-submode-curves-new-cuvette-inputed","canvas-4-1-1-2-1-quantitative-submode-curves-new-cuvette-inputing-copy-text-6","Введите длину","输入长度","machine-review-required"
"4-1-1-2-1-quantitative-submode-curves-new-cuvette-inputing-copy","4-1-1-2-2 Quantitative-submode-curves-new-cuvette-inputed","canvas-4-1-1-2-1-quantitative-submode-curves-new-cuvette-inputing-copy-text-7","кюветы, мм","比色皿，毫米","machine-review-required"
"4-1-1-2-1-quantitative-submode-curves-new-cuvette-inputing-copy","4-1-1-2-2 Quantitative-submode-curves-new-cuvette-inputed","canvas-4-1-1-2-1-quantitative-submode-curves-new-cuvette-inputing-copy-text-8","100","100","machine-review-required"
"4-1-1-2-1-quantitative-submode-curves-new-cuvette-inputing-copy","4-1-1-2-2 Quantitative-submode-curves-new-cuvette-inputed","canvas-4-1-1-2-1-quantitative-submode-curves-new-cuvette-inputing-copy-text-1782140746809","n=1","n=1","machine-review-required"
"4-1-1-3-quantitative-submode-curves-new-value-copy-2","4-1-1-3-2 Quantitative-submode-curves-new-value-T","canvas-4-1-1-3-quantitative-submode-curves-new-value-copy-2-text-1","Колич. анализ","数量分析","machine-review-required"
"4-1-1-3-quantitative-submode-curves-new-value-copy-2","4-1-1-3-2 Quantitative-submode-curves-new-value-T","canvas-4-1-1-3-quantitative-submode-curves-new-value-copy-2-text-3","17:05","17:05","machine-review-required"
"4-1-1-3-quantitative-submode-curves-new-value-copy-2","4-1-1-3-2 Quantitative-submode-curves-new-value-T","canvas-4-1-1-3-quantitative-submode-curves-new-value-copy-2-text-4","Новая градуировка","新毕业","machine-review-required"
"4-1-1-3-quantitative-submode-curves-new-value-copy-2","4-1-1-3-2 Quantitative-submode-curves-new-value-T","canvas-4-1-1-3-quantitative-submode-curves-new-value-copy-2-text-8","Измеряемая величина","测量数量","machine-review-required"
"4-1-1-3-quantitative-submode-curves-new-value-copy-2","4-1-1-3-2 Quantitative-submode-curves-new-value-T","canvas-4-1-1-3-quantitative-submode-curves-new-value-copy-2-text-11","A","一个","machine-review-required"
"4-1-1-3-quantitative-submode-curves-new-value-copy-2","4-1-1-3-2 Quantitative-submode-curves-new-value-T","canvas-4-1-1-3-quantitative-submode-curves-new-value-copy-2-text-13","%T","%T","machine-review-required"
"4-1-1-3-quantitative-submode-curves-new-value-copy-2","4-1-1-3-2 Quantitative-submode-curves-new-value-T","canvas-4-1-1-3-quantitative-submode-curves-new-value-copy-2-text-1782140792481","n=1","n=1","machine-review-required"
"4-1-1-3-quantitative-submode-curves-new-value-copy-copy","4-1-1-3-1 Quantitative-submode-curves-new-value-A","canvas-4-1-1-3-quantitative-submode-curves-new-value-copy-copy-text-1","Колич. анализ","数量分析","machine-review-required"
"4-1-1-3-quantitative-submode-curves-new-value-copy-copy","4-1-1-3-1 Quantitative-submode-curves-new-value-A","canvas-4-1-1-3-quantitative-submode-curves-new-value-copy-copy-text-3","17:05","17:05","machine-review-required"
"4-1-1-3-quantitative-submode-curves-new-value-copy-copy","4-1-1-3-1 Quantitative-submode-curves-new-value-A","canvas-4-1-1-3-quantitative-submode-curves-new-value-copy-copy-text-4","Новая градуировка","新毕业","machine-review-required"
"4-1-1-3-quantitative-submode-curves-new-value-copy-copy","4-1-1-3-1 Quantitative-submode-curves-new-value-A","canvas-4-1-1-3-quantitative-submode-curves-new-value-copy-copy-text-7","Измеряемая величина","测量数量","machine-review-required"
"4-1-1-3-quantitative-submode-curves-new-value-copy-copy","4-1-1-3-1 Quantitative-submode-curves-new-value-A","canvas-4-1-1-3-quantitative-submode-curves-new-value-copy-copy-text-9","A","一个","machine-review-required"
"4-1-1-3-quantitative-submode-curves-new-value-copy-copy","4-1-1-3-1 Quantitative-submode-curves-new-value-A","canvas-4-1-1-3-quantitative-submode-curves-new-value-copy-copy-text-10","%T","%T","machine-review-required"
"4-1-1-3-quantitative-submode-curves-new-value-copy-copy","4-1-1-3-1 Quantitative-submode-curves-new-value-A","canvas-4-1-1-3-quantitative-submode-curves-new-value-copy-copy-text-1782140811737","n=1","n=1","machine-review-required"
"4-1-1-4-quantitative-submode-curves-new-standard-copy-2","4-1-1-4-1 Quantitative-submode-curves-new-standard-num_quantity","canvas-4-1-1-4-quantitative-submode-curves-new-standard-copy-2-text-1","Колич. анализ","数量分析","machine-review-required"
"4-1-1-4-quantitative-submode-curves-new-standard-copy-2","4-1-1-4-1 Quantitative-submode-curves-new-standard-num_quantity","canvas-4-1-1-4-quantitative-submode-curves-new-standard-copy-2-text-3","17:05","17:05","machine-review-required"
"4-1-1-4-quantitative-submode-curves-new-standard-copy-2","4-1-1-4-1 Quantitative-submode-curves-new-standard-num_quantity","canvas-4-1-1-4-quantitative-submode-curves-new-standard-copy-2-text-4","Новая градуировка","新毕业","machine-review-required"
"4-1-1-4-quantitative-submode-curves-new-standard-copy-2","4-1-1-4-1 Quantitative-submode-curves-new-standard-num_quantity","canvas-4-1-1-4-quantitative-submode-curves-new-standard-copy-2-text-8","Число стандартов","标准数量","machine-review-required"
"4-1-1-4-quantitative-submode-curves-new-standard-copy-2","4-1-1-4-1 Quantitative-submode-curves-new-standard-num_quantity","canvas-4-1-1-4-quantitative-submode-curves-new-standard-copy-2-text-11","Число паралл. измерений","平行测量数量","machine-review-required"
"4-1-1-4-quantitative-submode-curves-new-standard-copy-2","4-1-1-4-1 Quantitative-submode-curves-new-standard-num_quantity","canvas-4-1-1-4-quantitative-submode-curves-new-standard-copy-2-text-13","Единица концентрации","浓度单位","machine-review-required"
"4-1-1-4-quantitative-submode-curves-new-standard-copy-2","4-1-1-4-1 Quantitative-submode-curves-new-standard-num_quantity","canvas-4-1-1-4-quantitative-submode-curves-new-standard-copy-2-text-1782137463285","Стандартные образцы","标准样品","machine-review-required"
"4-1-1-4-quantitative-submode-curves-new-standard-copy-2","4-1-1-4-1 Quantitative-submode-curves-new-standard-num_quantity","canvas-4-1-1-4-quantitative-submode-curves-new-standard-copy-2-text-1782140862752","n=1","n=1","machine-review-required"
"4-1-1-4-1-quantitative-submode-curves-new-standard-quantity-copy","4-1-1-4-2 Quantitative-submode-curves-new-standard-num_parall","canvas-4-1-1-4-1-quantitative-submode-curves-new-standard-quantity-copy-text-1","Колич. анализ","数量分析","machine-review-required"
"4-1-1-4-1-quantitative-submode-curves-new-standard-quantity-copy","4-1-1-4-2 Quantitative-submode-curves-new-standard-num_parall","canvas-4-1-1-4-1-quantitative-submode-curves-new-standard-quantity-copy-text-3","17:05","17:05","machine-review-required"
"4-1-1-4-1-quantitative-submode-curves-new-standard-quantity-copy","4-1-1-4-2 Quantitative-submode-curves-new-standard-num_parall","canvas-4-1-1-4-1-quantitative-submode-curves-new-standard-quantity-copy-text-4","Новая градуировка","新毕业","machine-review-required"
"4-1-1-4-1-quantitative-submode-curves-new-standard-quantity-copy","4-1-1-4-2 Quantitative-submode-curves-new-standard-num_parall","canvas-4-1-1-4-1-quantitative-submode-curves-new-standard-quantity-copy-text-7","Число стандартов","标准数量","machine-review-required"
"4-1-1-4-1-quantitative-submode-curves-new-standard-quantity-copy","4-1-1-4-2 Quantitative-submode-curves-new-standard-num_parall","canvas-4-1-1-4-1-quantitative-submode-curves-new-standard-quantity-copy-text-9","Число паралл. измерений","平行测量数量","machine-review-required"
"4-1-1-4-1-quantitative-submode-curves-new-standard-quantity-copy","4-1-1-4-2 Quantitative-submode-curves-new-standard-num_parall","canvas-4-1-1-4-1-quantitative-submode-curves-new-standard-quantity-copy-text-10","Единица концентрации","浓度单位","machine-review-required"
"4-1-1-4-1-quantitative-submode-curves-new-standard-quantity-copy","4-1-1-4-2 Quantitative-submode-curves-new-standard-num_parall","canvas-4-1-1-4-1-quantitative-submode-curves-new-standard-quantity-copy-text-12","Стандартные образцы","标准样品","machine-review-required"
"4-1-1-4-1-quantitative-submode-curves-new-standard-quantity-copy","4-1-1-4-2 Quantitative-submode-curves-new-standard-num_parall","canvas-4-1-1-4-1-quantitative-submode-curves-new-standard-quantity-copy-text-1782140954429","n=1","n=1","machine-review-required"
"4-1-1-4-2-quantitative-submode-curves-new-standard-num-parall-copy","4-1-1-4-3 Quantitative-submode-curves-new-standard-unit","canvas-4-1-1-4-2-quantitative-submode-curves-new-standard-num-parall-copy-text-1","Колич. анализ","数量分析","machine-review-required"
"4-1-1-4-2-quantitative-submode-curves-new-standard-num-parall-copy","4-1-1-4-3 Quantitative-submode-curves-new-standard-unit","canvas-4-1-1-4-2-quantitative-submode-curves-new-standard-num-parall-copy-text-3","17:05","17:05","machine-review-required"
"4-1-1-4-2-quantitative-submode-curves-new-standard-num-parall-copy","4-1-1-4-3 Quantitative-submode-curves-new-standard-unit","canvas-4-1-1-4-2-quantitative-submode-curves-new-standard-num-parall-copy-text-4","Новая градуировка","新毕业","machine-review-required"
"4-1-1-4-2-quantitative-submode-curves-new-standard-num-parall-copy","4-1-1-4-3 Quantitative-submode-curves-new-standard-unit","canvas-4-1-1-4-2-quantitative-submode-curves-new-standard-num-parall-copy-text-7","Число стандартов","标准数量","machine-review-required"
"4-1-1-4-2-quantitative-submode-curves-new-standard-num-parall-copy","4-1-1-4-3 Quantitative-submode-curves-new-standard-unit","canvas-4-1-1-4-2-quantitative-submode-curves-new-standard-num-parall-copy-text-9","Число паралл. измерений","平行测量数量","machine-review-required"
"4-1-1-4-2-quantitative-submode-curves-new-standard-num-parall-copy","4-1-1-4-3 Quantitative-submode-curves-new-standard-unit","canvas-4-1-1-4-2-quantitative-submode-curves-new-standard-num-parall-copy-text-10","Единица концентрации","浓度单位","machine-review-required"
"4-1-1-4-2-quantitative-submode-curves-new-standard-num-parall-copy","4-1-1-4-3 Quantitative-submode-curves-new-standard-unit","canvas-4-1-1-4-2-quantitative-submode-curves-new-standard-num-parall-copy-text-12","Стандартные образцы","标准样品","machine-review-required"
"4-1-1-4-2-quantitative-submode-curves-new-standard-num-parall-copy","4-1-1-4-3 Quantitative-submode-curves-new-standard-unit","canvas-4-1-1-4-2-quantitative-submode-curves-new-standard-num-parall-copy-text-1782141198069","n=3","n=3","machine-review-required"
"4-1-1-4-3-quantitative-submode-curves-new-standard-unit-copy","4-1-1-4-4 Quantitative-submode-curves-new-standard-dilution","canvas-4-1-1-4-3-quantitative-submode-curves-new-standard-unit-copy-text-1","Колич. анализ","数量分析","machine-review-required"
"4-1-1-4-3-quantitative-submode-curves-new-standard-unit-copy","4-1-1-4-4 Quantitative-submode-curves-new-standard-dilution","canvas-4-1-1-4-3-quantitative-submode-curves-new-standard-unit-copy-text-3","17:05","17:05","machine-review-required"
"4-1-1-4-3-quantitative-submode-curves-new-standard-unit-copy","4-1-1-4-4 Quantitative-submode-curves-new-standard-dilution","canvas-4-1-1-4-3-quantitative-submode-curves-new-standard-unit-copy-text-4","Новая градуировка","新毕业","machine-review-required"
"4-1-1-4-3-quantitative-submode-curves-new-standard-unit-copy","4-1-1-4-4 Quantitative-submode-curves-new-standard-dilution","canvas-4-1-1-4-3-quantitative-submode-curves-new-standard-unit-copy-text-9","Число паралл. измерений","平行测量数量","machine-review-required"
"4-1-1-4-3-quantitative-submode-curves-new-standard-unit-copy","4-1-1-4-4 Quantitative-submode-curves-new-standard-dilution","canvas-4-1-1-4-3-quantitative-submode-curves-new-standard-unit-copy-text-10","Единица концентрации","浓度单位","machine-review-required"
"4-1-1-4-3-quantitative-submode-curves-new-standard-unit-copy","4-1-1-4-4 Quantitative-submode-curves-new-standard-dilution","canvas-4-1-1-4-3-quantitative-submode-curves-new-standard-unit-copy-text-12","Стандартные образцы","标准样品","machine-review-required"
"4-1-1-4-3-quantitative-submode-curves-new-standard-unit-copy","4-1-1-4-4 Quantitative-submode-curves-new-standard-dilution","canvas-4-1-1-4-3-quantitative-submode-curves-new-standard-unit-copy-text-1782137829696","Разбавление","稀释","machine-review-required"
"4-1-1-4-3-quantitative-submode-curves-new-standard-unit-copy","4-1-1-4-4 Quantitative-submode-curves-new-standard-dilution","canvas-4-1-1-4-3-quantitative-submode-curves-new-standard-unit-copy-text-1782143961532","n=3","n=3","machine-review-required"
"4-1-1-5-quantitative-submode-curves-new-standard-calc-graphic-copy","4-1-1-5-1 Quantitative-submode-curves-new-standard-calc_graphic-type_regression","canvas-4-1-1-5-quantitative-submode-curves-new-standard-calc-graphic-copy-text-1","Колич. анализ","数量分析","machine-review-required"
"4-1-1-5-quantitative-submode-curves-new-standard-calc-graphic-copy","4-1-1-5-1 Quantitative-submode-curves-new-standard-calc_graphic-type_regression","canvas-4-1-1-5-quantitative-submode-curves-new-standard-calc-graphic-copy-text-3","17:05","17:05","machine-review-required"
"4-1-1-5-quantitative-submode-curves-new-standard-calc-graphic-copy","4-1-1-5-1 Quantitative-submode-curves-new-standard-calc_graphic-type_regression","canvas-4-1-1-5-quantitative-submode-curves-new-standard-calc-graphic-copy-text-4","Новая градуировка","新毕业","machine-review-required"
"4-1-1-5-quantitative-submode-curves-new-standard-calc-graphic-copy","4-1-1-5-1 Quantitative-submode-curves-new-standard-calc_graphic-type_regression","canvas-4-1-1-5-quantitative-submode-curves-new-standard-calc-graphic-copy-text-11","Тип регрессии","回归类型","machine-review-required"
"4-1-1-5-quantitative-submode-curves-new-standard-calc-graphic-copy","4-1-1-5-1 Quantitative-submode-curves-new-standard-calc_graphic-type_regression","canvas-4-1-1-5-quantitative-submode-curves-new-standard-calc-graphic-copy-text-12","Расчёт и отображение","计算与显示","machine-review-required"
"4-1-1-5-quantitative-submode-curves-new-standard-calc-graphic-copy","4-1-1-5-1 Quantitative-submode-curves-new-standard-calc_graphic-type_regression","canvas-4-1-1-5-quantitative-submode-curves-new-standard-calc-graphic-copy-text-13","Функция регрессии","回归函数","machine-review-required"
"4-1-1-5-quantitative-submode-curves-new-standard-calc-graphic-copy","4-1-1-5-1 Quantitative-submode-curves-new-standard-calc_graphic-type_regression","canvas-4-1-1-5-quantitative-submode-curves-new-standard-calc-graphic-copy-text-1782144036772","n=3","n=3","machine-review-required"
"4-1-1-5-quantitative-submode-curves-new-standard-calc-graphic-copy","4-1-1-5-1 Quantitative-submode-curves-new-standard-calc_graphic-type_regression","canvas-4-1-1-5-quantitative-submode-curves-new-standard-calc-graphic-copy-text-1782286847147","Разбавление","稀释","machine-review-required"
"4-1-1-5-1-quantitative-submode-curves-new-standard-calc-graphic-copy-copy","4-1-1-5-2-1 Quantitative-submode-curves-new-standard-calc_graphic_function regression-A=f(C)","canvas-4-1-1-5-1-quantitative-submode-curves-new-standard-calc-graphic-copy-copy-text-1","Колич. анализ","数量分析","machine-review-required"
"4-1-1-5-1-quantitative-submode-curves-new-standard-calc-graphic-copy-copy","4-1-1-5-2-1 Quantitative-submode-curves-new-standard-calc_graphic_function regression-A=f(C)","canvas-4-1-1-5-1-quantitative-submode-curves-new-standard-calc-graphic-copy-copy-text-3","17:05","17:05","machine-review-required"
"4-1-1-5-1-quantitative-submode-curves-new-standard-calc-graphic-copy-copy","4-1-1-5-2-1 Quantitative-submode-curves-new-standard-calc_graphic_function regression-A=f(C)","canvas-4-1-1-5-1-quantitative-submode-curves-new-standard-calc-graphic-copy-copy-text-4","Новая градуировка","新毕业","machine-review-required"
"4-1-1-5-1-quantitative-submode-curves-new-standard-calc-graphic-copy-copy","4-1-1-5-2-1 Quantitative-submode-curves-new-standard-calc_graphic_function regression-A=f(C)","canvas-4-1-1-5-1-quantitative-submode-curves-new-standard-calc-graphic-copy-copy-text-8","A = f(C)","A = f(C)","machine-review-required"
"4-1-1-5-1-quantitative-submode-curves-new-standard-calc-graphic-copy-copy","4-1-1-5-2-1 Quantitative-submode-curves-new-standard-calc_graphic_function regression-A=f(C)","canvas-4-1-1-5-1-quantitative-submode-curves-new-standard-calc-graphic-copy-copy-text-9","Функция регрессии","回归函数","machine-review-required"
"4-1-1-5-1-quantitative-submode-curves-new-standard-calc-graphic-copy-copy","4-1-1-5-2-1 Quantitative-submode-curves-new-standard-calc_graphic_function regression-A=f(C)","canvas-4-1-1-5-1-quantitative-submode-curves-new-standard-calc-graphic-copy-copy-text-10","C =f(A)","C=f(A)","machine-review-required"
"4-1-1-5-1-quantitative-submode-curves-new-standard-calc-graphic-copy-copy","4-1-1-5-2-1 Quantitative-submode-curves-new-standard-calc_graphic_function regression-A=f(C)","canvas-4-1-1-5-1-quantitative-submode-curves-new-standard-calc-graphic-copy-copy-text-1782144136767","n=3","n=3","machine-review-required"
"4-1-1-5-1-quantitative-submode-curves-new-standard-calc-graphic-type-regression-copy","4-1-1-5-1-1 Quantitative-submode-curves-new-standard-calc_graphic-type_regression-linear","canvas-4-1-1-5-1-quantitative-submode-curves-new-standard-calc-graphic-type-regression-copy-text-1","Колич. анализ","数量分析","machine-review-required"
"4-1-1-5-1-quantitative-submode-curves-new-standard-calc-graphic-type-regression-copy","4-1-1-5-1-1 Quantitative-submode-curves-new-standard-calc_graphic-type_regression-linear","canvas-4-1-1-5-1-quantitative-submode-curves-new-standard-calc-graphic-type-regression-copy-text-3","17:05","17:05","machine-review-required"
"4-1-1-5-1-quantitative-submode-curves-new-standard-calc-graphic-type-regression-copy","4-1-1-5-1-1 Quantitative-submode-curves-new-standard-calc_graphic-type_regression-linear","canvas-4-1-1-5-1-quantitative-submode-curves-new-standard-calc-graphic-type-regression-copy-text-4","Новая градуировка","新毕业","machine-review-required"
"4-1-1-5-1-quantitative-submode-curves-new-standard-calc-graphic-type-regression-copy","4-1-1-5-1-1 Quantitative-submode-curves-new-standard-calc_graphic-type_regression-linear","canvas-4-1-1-5-1-quantitative-submode-curves-new-standard-calc-graphic-type-regression-copy-text-8","Линейная","线性","machine-review-required"
"4-1-1-5-1-quantitative-submode-curves-new-standard-calc-graphic-type-regression-copy","4-1-1-5-1-1 Quantitative-submode-curves-new-standard-calc_graphic-type_regression-linear","canvas-4-1-1-5-1-quantitative-submode-curves-new-standard-calc-graphic-type-regression-copy-text-9","Тип регрессии","回归类型","machine-review-required"
"4-1-1-5-1-quantitative-submode-curves-new-standard-calc-graphic-type-regression-copy","4-1-1-5-1-1 Quantitative-submode-curves-new-standard-calc_graphic-type_regression-linear","canvas-4-1-1-5-1-quantitative-submode-curves-new-standard-calc-graphic-type-regression-copy-text-10","Линейная через ноль","线性过零","machine-review-required"
"4-1-1-5-1-quantitative-submode-curves-new-standard-calc-graphic-type-regression-copy","4-1-1-5-1-1 Quantitative-submode-curves-new-standard-calc_graphic-type_regression-linear","canvas-4-1-1-5-1-quantitative-submode-curves-new-standard-calc-graphic-type-regression-copy-text-1782144097356","n=3","n=3","machine-review-required"
"4-1-1-5-1-1-quantitative-submode-curves-new-standard-calc-graphic-type-regression-linear-copy","4-1-1-5-1-2 Quantitative-submode-curves-new-standard-calc_graphic-type_regression-linear_0","canvas-4-1-1-5-1-1-quantitative-submode-curves-new-standard-calc-graphic-type-regression-linear-copy-text-1","Колич. анализ","数量分析","machine-review-required"
"4-1-1-5-1-1-quantitative-submode-curves-new-standard-calc-graphic-type-regression-linear-copy","4-1-1-5-1-2 Quantitative-submode-curves-new-standard-calc_graphic-type_regression-linear_0","canvas-4-1-1-5-1-1-quantitative-submode-curves-new-standard-calc-graphic-type-regression-linear-copy-text-3","17:05","17:05","machine-review-required"
"4-1-1-5-1-1-quantitative-submode-curves-new-standard-calc-graphic-type-regression-linear-copy","4-1-1-5-1-2 Quantitative-submode-curves-new-standard-calc_graphic-type_regression-linear_0","canvas-4-1-1-5-1-1-quantitative-submode-curves-new-standard-calc-graphic-type-regression-linear-copy-text-4","Новая градуировка","新毕业","machine-review-required"
"4-1-1-5-1-1-quantitative-submode-curves-new-standard-calc-graphic-type-regression-linear-copy","4-1-1-5-1-2 Quantitative-submode-curves-new-standard-calc_graphic-type_regression-linear_0","canvas-4-1-1-5-1-1-quantitative-submode-curves-new-standard-calc-graphic-type-regression-linear-copy-text-8","Линейная","线性","machine-review-required"
"4-1-1-5-1-1-quantitative-submode-curves-new-standard-calc-graphic-type-regression-linear-copy","4-1-1-5-1-2 Quantitative-submode-curves-new-standard-calc_graphic-type_regression-linear_0","canvas-4-1-1-5-1-1-quantitative-submode-curves-new-standard-calc-graphic-type-regression-linear-copy-text-9","Тип регрессии","回归类型","machine-review-required"
"4-1-1-5-1-1-quantitative-submode-curves-new-standard-calc-graphic-type-regression-linear-copy","4-1-1-5-1-2 Quantitative-submode-curves-new-standard-calc_graphic-type_regression-linear_0","canvas-4-1-1-5-1-1-quantitative-submode-curves-new-standard-calc-graphic-type-regression-linear-copy-text-10","Линейная через ноль","线性过零","machine-review-required"
"4-1-1-5-1-1-quantitative-submode-curves-new-standard-calc-graphic-type-regression-linear-copy","4-1-1-5-1-2 Quantitative-submode-curves-new-standard-calc_graphic-type_regression-linear_0","canvas-4-1-1-5-1-1-quantitative-submode-curves-new-standard-calc-graphic-type-regression-linear-copy-text-1782144112467","n=3","n=3","machine-review-required"
"4-1-1-5-1-quantitative-submode-curves-new-standard-calc-graphic-type-regression-copy-2","4-1-1-5-2 Quantitative-submode-curves-new-standard-calc_graphic-fuction_regression","canvas-4-1-1-5-1-quantitative-submode-curves-new-standard-calc-graphic-type-regression-copy-2-text-1","Колич. анализ","数量分析","machine-review-required"
"4-1-1-5-1-quantitative-submode-curves-new-standard-calc-graphic-type-regression-copy-2","4-1-1-5-2 Quantitative-submode-curves-new-standard-calc_graphic-fuction_regression","canvas-4-1-1-5-1-quantitative-submode-curves-new-standard-calc-graphic-type-regression-copy-2-text-3","17:05","17:05","machine-review-required"
"4-1-1-5-1-quantitative-submode-curves-new-standard-calc-graphic-type-regression-copy-2","4-1-1-5-2 Quantitative-submode-curves-new-standard-calc_graphic-fuction_regression","canvas-4-1-1-5-1-quantitative-submode-curves-new-standard-calc-graphic-type-regression-copy-2-text-4","Новая градуировка","新毕业","machine-review-required"
"4-1-1-5-1-quantitative-submode-curves-new-standard-calc-graphic-type-regression-copy-2","4-1-1-5-2 Quantitative-submode-curves-new-standard-calc_graphic-fuction_regression","canvas-4-1-1-5-1-quantitative-submode-curves-new-standard-calc-graphic-type-regression-copy-2-text-8","Тип регрессии","回归类型","machine-review-required"
"4-1-1-5-1-quantitative-submode-curves-new-standard-calc-graphic-type-regression-copy-2","4-1-1-5-2 Quantitative-submode-curves-new-standard-calc_graphic-fuction_regression","canvas-4-1-1-5-1-quantitative-submode-curves-new-standard-calc-graphic-type-regression-copy-2-text-9","Расчёт и отображение","计算与显示","machine-review-required"
"4-1-1-5-1-quantitative-submode-curves-new-standard-calc-graphic-type-regression-copy-2","4-1-1-5-2 Quantitative-submode-curves-new-standard-calc_graphic-fuction_regression","canvas-4-1-1-5-1-quantitative-submode-curves-new-standard-calc-graphic-type-regression-copy-2-text-10","Функция регрессии","回归函数","machine-review-required"
"4-1-1-5-1-quantitative-submode-curves-new-standard-calc-graphic-type-regression-copy-2","4-1-1-5-2 Quantitative-submode-curves-new-standard-calc_graphic-fuction_regression","canvas-4-1-1-5-1-quantitative-submode-curves-new-standard-calc-graphic-type-regression-copy-2-text-1782144080987","n=3","n=3","machine-review-required"
"4-1-1-5-1-quantitative-submode-curves-new-standard-calc-graphic-type-regression-copy-2","4-1-1-5-2 Quantitative-submode-curves-new-standard-calc_graphic-fuction_regression","canvas-4-1-1-5-1-quantitative-submode-curves-new-standard-calc-graphic-type-regression-copy-2-text-1782286881936","Разбавление","稀释","machine-review-required"
"4-1-1-5-2-quantitative-submode-curves-new-standard-calc-graphic-function-regression-copy","4-1-1-5-2-2 Quantitative-submode-curves-new-standard-calc_graphic_function regression C=f(A)","canvas-4-1-1-5-2-quantitative-submode-curves-new-standard-calc-graphic-function-regression-copy-text-1","Колич. анализ","数量分析","machine-review-required"
"4-1-1-5-2-quantitative-submode-curves-new-standard-calc-graphic-function-regression-copy","4-1-1-5-2-2 Quantitative-submode-curves-new-standard-calc_graphic_function regression C=f(A)","canvas-4-1-1-5-2-quantitative-submode-curves-new-standard-calc-graphic-function-regression-copy-text-3","17:05","17:05","machine-review-required"
"4-1-1-5-2-quantitative-submode-curves-new-standard-calc-graphic-function-regression-copy","4-1-1-5-2-2 Quantitative-submode-curves-new-standard-calc_graphic_function regression C=f(A)","canvas-4-1-1-5-2-quantitative-submode-curves-new-standard-calc-graphic-function-regression-copy-text-4","Новая градуировка","新毕业","machine-review-required"
"4-1-1-5-2-quantitative-submode-curves-new-standard-calc-graphic-function-regression-copy","4-1-1-5-2-2 Quantitative-submode-curves-new-standard-calc_graphic_function regression C=f(A)","canvas-4-1-1-5-2-quantitative-submode-curves-new-standard-calc-graphic-function-regression-copy-text-8","A = f(C)","A = f(C)","machine-review-required"
"4-1-1-5-2-quantitative-submode-curves-new-standard-calc-graphic-function-regression-copy","4-1-1-5-2-2 Quantitative-submode-curves-new-standard-calc_graphic_function regression C=f(A)","canvas-4-1-1-5-2-quantitative-submode-curves-new-standard-calc-graphic-function-regression-copy-text-9","Функция регрессии","回归函数","machine-review-required"
"4-1-1-5-2-quantitative-submode-curves-new-standard-calc-graphic-function-regression-copy","4-1-1-5-2-2 Quantitative-submode-curves-new-standard-calc_graphic_function regression C=f(A)","canvas-4-1-1-5-2-quantitative-submode-curves-new-standard-calc-graphic-function-regression-copy-text-10","C =f(A)","C=f(A)","machine-review-required"
"4-1-1-5-2-quantitative-submode-curves-new-standard-calc-graphic-function-regression-copy","4-1-1-5-2-2 Quantitative-submode-curves-new-standard-calc_graphic_function regression C=f(A)","canvas-4-1-1-5-2-quantitative-submode-curves-new-standard-calc-graphic-function-regression-copy-text-1782144158459","n=3","n=3","machine-review-required"
"4-1-1-5-2-2-quantitative-submode-curves-new-standard-calc-graphic-function-regression-c-f-a-copy","4-1-1-5-2-3 Quantitative-submode-curves-new-standard-calc_graphic_function regression %T=f(C)","canvas-4-1-1-5-2-2-quantitative-submode-curves-new-standard-calc-graphic-function-regression-c-f-a-copy-text-1","Колич. анализ","数量分析","machine-review-required"
"4-1-1-5-2-2-quantitative-submode-curves-new-standard-calc-graphic-function-regression-c-f-a-copy","4-1-1-5-2-3 Quantitative-submode-curves-new-standard-calc_graphic_function regression %T=f(C)","canvas-4-1-1-5-2-2-quantitative-submode-curves-new-standard-calc-graphic-function-regression-c-f-a-copy-text-3","17:05","17:05","machine-review-required"
"4-1-1-5-2-2-quantitative-submode-curves-new-standard-calc-graphic-function-regression-c-f-a-copy","4-1-1-5-2-3 Quantitative-submode-curves-new-standard-calc_graphic_function regression %T=f(C)","canvas-4-1-1-5-2-2-quantitative-submode-curves-new-standard-calc-graphic-function-regression-c-f-a-copy-text-4","Новая градуировка","新毕业","machine-review-required"
"4-1-1-5-2-2-quantitative-submode-curves-new-standard-calc-graphic-function-regression-c-f-a-copy","4-1-1-5-2-3 Quantitative-submode-curves-new-standard-calc_graphic_function regression %T=f(C)","canvas-4-1-1-5-2-2-quantitative-submode-curves-new-standard-calc-graphic-function-regression-c-f-a-copy-text-8","%T = f(C)","%T = f(C)","machine-review-required"
"4-1-1-5-2-2-quantitative-submode-curves-new-standard-calc-graphic-function-regression-c-f-a-copy","4-1-1-5-2-3 Quantitative-submode-curves-new-standard-calc_graphic_function regression %T=f(C)","canvas-4-1-1-5-2-2-quantitative-submode-curves-new-standard-calc-graphic-function-regression-c-f-a-copy-text-9","Функция регрессии","回归函数","machine-review-required"
"4-1-1-5-2-2-quantitative-submode-curves-new-standard-calc-graphic-function-regression-c-f-a-copy","4-1-1-5-2-3 Quantitative-submode-curves-new-standard-calc_graphic_function regression %T=f(C)","canvas-4-1-1-5-2-2-quantitative-submode-curves-new-standard-calc-graphic-function-regression-c-f-a-copy-text-10","C =f(%T)","C=f(%T)","machine-review-required"
"4-1-1-5-2-2-quantitative-submode-curves-new-standard-calc-graphic-function-regression-c-f-a-copy","4-1-1-5-2-3 Quantitative-submode-curves-new-standard-calc_graphic_function regression %T=f(C)","canvas-4-1-1-5-2-2-quantitative-submode-curves-new-standard-calc-graphic-function-regression-c-f-a-copy-text-1782144191531","n=3","n=3","machine-review-required"
"4-1-1-5-2-3-quantitative-submode-curves-new-standard-calc-graphic-function-regression-c-f-t-copy","4-1-1-5-2-4 Quantitative-submode-curves-new-standard-calc_graphic_function regression C=f(%T)","canvas-4-1-1-5-2-3-quantitative-submode-curves-new-standard-calc-graphic-function-regression-c-f-t-copy-text-1","Колич. анализ","数量分析","machine-review-required"
"4-1-1-5-2-3-quantitative-submode-curves-new-standard-calc-graphic-function-regression-c-f-t-copy","4-1-1-5-2-4 Quantitative-submode-curves-new-standard-calc_graphic_function regression C=f(%T)","canvas-4-1-1-5-2-3-quantitative-submode-curves-new-standard-calc-graphic-function-regression-c-f-t-copy-text-3","17:05","17:05","machine-review-required"
"4-1-1-5-2-3-quantitative-submode-curves-new-standard-calc-graphic-function-regression-c-f-t-copy","4-1-1-5-2-4 Quantitative-submode-curves-new-standard-calc_graphic_function regression C=f(%T)","canvas-4-1-1-5-2-3-quantitative-submode-curves-new-standard-calc-graphic-function-regression-c-f-t-copy-text-4","Новая градуировка","新毕业","machine-review-required"
"4-1-1-5-2-3-quantitative-submode-curves-new-standard-calc-graphic-function-regression-c-f-t-copy","4-1-1-5-2-4 Quantitative-submode-curves-new-standard-calc_graphic_function regression C=f(%T)","canvas-4-1-1-5-2-3-quantitative-submode-curves-new-standard-calc-graphic-function-regression-c-f-t-copy-text-8","%T = f(C)","%T = f(C)","machine-review-required"
"4-1-1-5-2-3-quantitative-submode-curves-new-standard-calc-graphic-function-regression-c-f-t-copy","4-1-1-5-2-4 Quantitative-submode-curves-new-standard-calc_graphic_function regression C=f(%T)","canvas-4-1-1-5-2-3-quantitative-submode-curves-new-standard-calc-graphic-function-regression-c-f-t-copy-text-9","Функция регрессии","回归函数","machine-review-required"
"4-1-1-5-2-3-quantitative-submode-curves-new-standard-calc-graphic-function-regression-c-f-t-copy","4-1-1-5-2-4 Quantitative-submode-curves-new-standard-calc_graphic_function regression C=f(%T)","canvas-4-1-1-5-2-3-quantitative-submode-curves-new-standard-calc-graphic-function-regression-c-f-t-copy-text-10","C =f(%T)","C=f(%T)","machine-review-required"
"4-1-1-5-2-3-quantitative-submode-curves-new-standard-calc-graphic-function-regression-c-f-t-copy","4-1-1-5-2-4 Quantitative-submode-curves-new-standard-calc_graphic_function regression C=f(%T)","canvas-4-1-1-5-2-3-quantitative-submode-curves-new-standard-calc-graphic-function-regression-c-f-t-copy-text-1782144232315","n=3","n=3","machine-review-required"
"4-1-1-4-1-1-quantitative-submode-curves-new-standard-num-quantity-inputting-copy","4-1-1-4-1-2 Quantitative-submode-curves-new-standard-num_quantity-inputed","canvas-4-1-1-4-1-1-quantitative-submode-curves-new-standard-num-quantity-inputting-copy-text-1","Колич. анализ","数量分析","machine-review-required"
"4-1-1-4-1-1-quantitative-submode-curves-new-standard-num-quantity-inputting-copy","4-1-1-4-1-2 Quantitative-submode-curves-new-standard-num_quantity-inputed","canvas-4-1-1-4-1-1-quantitative-submode-curves-new-standard-num-quantity-inputting-copy-text-3","17:05","17:05","machine-review-required"
"4-1-1-4-1-1-quantitative-submode-curves-new-standard-num-quantity-inputting-copy","4-1-1-4-1-2 Quantitative-submode-curves-new-standard-num_quantity-inputed","canvas-4-1-1-4-1-1-quantitative-submode-curves-new-standard-num-quantity-inputting-copy-text-4","Новая градуировка","新毕业","machine-review-required"
"4-1-1-4-1-1-quantitative-submode-curves-new-standard-num-quantity-inputting-copy","4-1-1-4-1-2 Quantitative-submode-curves-new-standard-num_quantity-inputed","canvas-4-1-1-4-1-1-quantitative-submode-curves-new-standard-num-quantity-inputting-copy-text-6","Введите число","输入号码","machine-review-required"
"4-1-1-4-1-1-quantitative-submode-curves-new-standard-num-quantity-inputting-copy","4-1-1-4-1-2 Quantitative-submode-curves-new-standard-num_quantity-inputed","canvas-4-1-1-4-1-1-quantitative-submode-curves-new-standard-num-quantity-inputting-copy-text-7","стандартных образцов","标准样品","machine-review-required"
"4-1-1-4-1-1-quantitative-submode-curves-new-standard-num-quantity-inputting-copy","4-1-1-4-1-2 Quantitative-submode-curves-new-standard-num_quantity-inputed","canvas-4-1-1-4-1-1-quantitative-submode-curves-new-standard-num-quantity-inputting-copy-text-8","-","-","machine-review-required"
"4-1-1-4-1-1-quantitative-submode-curves-new-standard-num-quantity-inputting-copy","4-1-1-4-1-2 Quantitative-submode-curves-new-standard-num_quantity-inputed","canvas-4-1-1-4-1-1-quantitative-submode-curves-new-standard-num-quantity-inputting-copy-text-9","4","4","machine-review-required"
"4-1-1-4-1-1-quantitative-submode-curves-new-standard-num-quantity-inputting-copy","4-1-1-4-1-2 Quantitative-submode-curves-new-standard-num_quantity-inputed","canvas-4-1-1-4-1-1-quantitative-submode-curves-new-standard-num-quantity-inputting-copy-text-1782140173389","(m)","(米)","machine-review-required"
"4-1-1-4-1-1-quantitative-submode-curves-new-standard-num-quantity-inputting-copy","4-1-1-4-1-2 Quantitative-submode-curves-new-standard-num_quantity-inputed","canvas-4-1-1-4-1-1-quantitative-submode-curves-new-standard-num-quantity-inputting-copy-text-1782140885721","n=1","n=1","machine-review-required"
"4-1-1-4-1-2-quantitative-submode-curves-new-standard-num-quantity-inputed-copy","4-1-1-4-1-1 Quantitative-submode-curves-new-standard-num_quantity-inputting","canvas-4-1-1-4-1-2-quantitative-submode-curves-new-standard-num-quantity-inputed-copy-text-1","Колич. анализ","数量分析","machine-review-required"
"4-1-1-4-1-2-quantitative-submode-curves-new-standard-num-quantity-inputed-copy","4-1-1-4-1-1 Quantitative-submode-curves-new-standard-num_quantity-inputting","canvas-4-1-1-4-1-2-quantitative-submode-curves-new-standard-num-quantity-inputed-copy-text-3","17:05","17:05","machine-review-required"
"4-1-1-4-1-2-quantitative-submode-curves-new-standard-num-quantity-inputed-copy","4-1-1-4-1-1 Quantitative-submode-curves-new-standard-num_quantity-inputting","canvas-4-1-1-4-1-2-quantitative-submode-curves-new-standard-num-quantity-inputed-copy-text-4","Новая градуировка","新毕业","machine-review-required"
"4-1-1-4-1-2-quantitative-submode-curves-new-standard-num-quantity-inputed-copy","4-1-1-4-1-1 Quantitative-submode-curves-new-standard-num_quantity-inputting","canvas-4-1-1-4-1-2-quantitative-submode-curves-new-standard-num-quantity-inputed-copy-text-6","Введите число","输入号码","machine-review-required"
"4-1-1-4-1-2-quantitative-submode-curves-new-standard-num-quantity-inputed-copy","4-1-1-4-1-1 Quantitative-submode-curves-new-standard-num_quantity-inputting","canvas-4-1-1-4-1-2-quantitative-submode-curves-new-standard-num-quantity-inputed-copy-text-7","стандартных образцов","标准样品","machine-review-required"
"4-1-1-4-1-2-quantitative-submode-curves-new-standard-num-quantity-inputed-copy","4-1-1-4-1-1 Quantitative-submode-curves-new-standard-num_quantity-inputting","canvas-4-1-1-4-1-2-quantitative-submode-curves-new-standard-num-quantity-inputed-copy-text-8","-","-","machine-review-required"
"4-1-1-4-1-2-quantitative-submode-curves-new-standard-num-quantity-inputed-copy","4-1-1-4-1-1 Quantitative-submode-curves-new-standard-num_quantity-inputting","canvas-4-1-1-4-1-2-quantitative-submode-curves-new-standard-num-quantity-inputed-copy-text-9","_","_","machine-review-required"
"4-1-1-4-1-2-quantitative-submode-curves-new-standard-num-quantity-inputed-copy","4-1-1-4-1-1 Quantitative-submode-curves-new-standard-num_quantity-inputting","canvas-4-1-1-4-1-2-quantitative-submode-curves-new-standard-num-quantity-inputed-copy-text-10","(m)","(米)","machine-review-required"
"4-1-1-4-1-2-quantitative-submode-curves-new-standard-num-quantity-inputed-copy","4-1-1-4-1-1 Quantitative-submode-curves-new-standard-num_quantity-inputting","canvas-4-1-1-4-1-2-quantitative-submode-curves-new-standard-num-quantity-inputed-copy-text-1782140933577","n=1","n=1","machine-review-required"
"4-1-1-4-2-quantitative-submode-curves-new-standard-num-parall-copy-2","4-1-1-4-2-1 Quantitative-submode-curves-new-standard-num_parall-inputing","canvas-4-1-1-4-2-quantitative-submode-curves-new-standard-num-parall-copy-2-text-1","Колич. анализ","数量分析","machine-review-required"
"4-1-1-4-2-quantitative-submode-curves-new-standard-num-parall-copy-2","4-1-1-4-2-1 Quantitative-submode-curves-new-standard-num_parall-inputing","canvas-4-1-1-4-2-quantitative-submode-curves-new-standard-num-parall-copy-2-text-3","17:05","17:05","machine-review-required"
"4-1-1-4-2-quantitative-submode-curves-new-standard-num-parall-copy-2","4-1-1-4-2-1 Quantitative-submode-curves-new-standard-num_parall-inputing","canvas-4-1-1-4-2-quantitative-submode-curves-new-standard-num-parall-copy-2-text-4","Параллельные измерения","并行测量","machine-review-required"
"4-1-1-4-2-quantitative-submode-curves-new-standard-num-parall-copy-2","4-1-1-4-2-1 Quantitative-submode-curves-new-standard-num_parall-inputing","canvas-4-1-1-4-2-quantitative-submode-curves-new-standard-num-parall-copy-2-text-1782140453308","Введите число","输入号码","machine-review-required"
"4-1-1-4-2-quantitative-submode-curves-new-standard-num-parall-copy-2","4-1-1-4-2-1 Quantitative-submode-curves-new-standard-num_parall-inputing","canvas-4-1-1-4-2-quantitative-submode-curves-new-standard-num-parall-copy-2-text-1782140475509","паралл. измерений (n)","平行尺寸 (n)","machine-review-required"
"4-1-1-4-2-quantitative-submode-curves-new-standard-num-parall-copy-2","4-1-1-4-2-1 Quantitative-submode-curves-new-standard-num_parall-inputing","canvas-4-1-1-4-2-quantitative-submode-curves-new-standard-num-parall-copy-2-text-1782140524212","-","-","machine-review-required"
"4-1-1-4-2-quantitative-submode-curves-new-standard-num-parall-copy-2","4-1-1-4-2-1 Quantitative-submode-curves-new-standard-num_parall-inputing","canvas-4-1-1-4-2-quantitative-submode-curves-new-standard-num-parall-copy-2-text-1782140541077","_","_","machine-review-required"
"4-1-1-4-2-quantitative-submode-curves-new-standard-num-parall-copy-2","4-1-1-4-2-1 Quantitative-submode-curves-new-standard-num_parall-inputing","canvas-4-1-1-4-2-quantitative-submode-curves-new-standard-num-parall-copy-2-text-1782141008045","n=1","n=1","machine-review-required"
"4-1-1-4-2-1-quantitative-submode-curves-new-standard-num-parall-inputing-copy","4-1-1-4-2-2 Quantitative-submode-curves-new-standard-num_parall-inputed","canvas-4-1-1-4-2-1-quantitative-submode-curves-new-standard-num-parall-inputing-copy-text-1","Колич. анализ","数量分析","machine-review-required"
"4-1-1-4-2-1-quantitative-submode-curves-new-standard-num-parall-inputing-copy","4-1-1-4-2-2 Quantitative-submode-curves-new-standard-num_parall-inputed","canvas-4-1-1-4-2-1-quantitative-submode-curves-new-standard-num-parall-inputing-copy-text-3","17:05","17:05","machine-review-required"
"4-1-1-4-2-1-quantitative-submode-curves-new-standard-num-parall-inputing-copy","4-1-1-4-2-2 Quantitative-submode-curves-new-standard-num_parall-inputed","canvas-4-1-1-4-2-1-quantitative-submode-curves-new-standard-num-parall-inputing-copy-text-4","Параллельные измерения","并行测量","machine-review-required"
"4-1-1-4-2-1-quantitative-submode-curves-new-standard-num-parall-inputing-copy","4-1-1-4-2-2 Quantitative-submode-curves-new-standard-num_parall-inputed","canvas-4-1-1-4-2-1-quantitative-submode-curves-new-standard-num-parall-inputing-copy-text-6","Введите число","输入号码","machine-review-required"
"4-1-1-4-2-1-quantitative-submode-curves-new-standard-num-parall-inputing-copy","4-1-1-4-2-2 Quantitative-submode-curves-new-standard-num_parall-inputed","canvas-4-1-1-4-2-1-quantitative-submode-curves-new-standard-num-parall-inputing-copy-text-7","паралл. измерений (n)","平行尺寸 (n)","machine-review-required"
"4-1-1-4-2-1-quantitative-submode-curves-new-standard-num-parall-inputing-copy","4-1-1-4-2-2 Quantitative-submode-curves-new-standard-num_parall-inputed","canvas-4-1-1-4-2-1-quantitative-submode-curves-new-standard-num-parall-inputing-copy-text-8","-","-","machine-review-required"
"4-1-1-4-2-1-quantitative-submode-curves-new-standard-num-parall-inputing-copy","4-1-1-4-2-2 Quantitative-submode-curves-new-standard-num_parall-inputed","canvas-4-1-1-4-2-1-quantitative-submode-curves-new-standard-num-parall-inputing-copy-text-9","3","3","machine-review-required"
"4-1-1-4-2-1-quantitative-submode-curves-new-standard-num-parall-inputing-copy","4-1-1-4-2-2 Quantitative-submode-curves-new-standard-num_parall-inputed","canvas-4-1-1-4-2-1-quantitative-submode-curves-new-standard-num-parall-inputing-copy-text-10","n=1","n=1","machine-review-required"
"4-1-1-4-3-quantitative-submode-curves-new-standard-unit-copy-2","4-1-1-4-3-1 Quantitative-submode-curves-new-standard-unit-моль/л","canvas-4-1-1-4-3-quantitative-submode-curves-new-standard-unit-copy-2-text-1","Колич. анализ","数量分析","machine-review-required"
"4-1-1-4-3-quantitative-submode-curves-new-standard-unit-copy-2","4-1-1-4-3-1 Quantitative-submode-curves-new-standard-unit-моль/л","canvas-4-1-1-4-3-quantitative-submode-curves-new-standard-unit-copy-2-text-3","17:05","17:05","machine-review-required"
"4-1-1-4-3-quantitative-submode-curves-new-standard-unit-copy-2","4-1-1-4-3-1 Quantitative-submode-curves-new-standard-unit-моль/л","canvas-4-1-1-4-3-quantitative-submode-curves-new-standard-unit-copy-2-text-4","Новая градуировка","新毕业","machine-review-required"
"4-1-1-4-3-quantitative-submode-curves-new-standard-unit-copy-2","4-1-1-4-3-1 Quantitative-submode-curves-new-standard-unit-моль/л","canvas-4-1-1-4-3-quantitative-submode-curves-new-standard-unit-copy-2-text-10","Единица концентрации","浓度单位","machine-review-required"
"4-1-1-4-3-quantitative-submode-curves-new-standard-unit-copy-2","4-1-1-4-3-1 Quantitative-submode-curves-new-standard-unit-моль/л","canvas-4-1-1-4-3-quantitative-submode-curves-new-standard-unit-copy-2-text-16","n=3","n=3","machine-review-required"
"4-1-1-4-3-quantitative-submode-curves-new-standard-unit-copy-2","4-1-1-4-3-1 Quantitative-submode-curves-new-standard-unit-моль/л","canvas-4-1-1-4-3-quantitative-submode-curves-new-standard-unit-copy-2-text-1782141565361","моль/л","摩尔/升","machine-review-required"
"4-1-1-4-3-quantitative-submode-curves-new-standard-unit-copy-2","4-1-1-4-3-1 Quantitative-submode-curves-new-standard-unit-моль/л","canvas-4-1-1-4-3-quantitative-submode-curves-new-standard-unit-copy-2-text-1782141587242","мкг/л","微克/升","machine-review-required"
"4-1-1-4-3-quantitative-submode-curves-new-standard-unit-copy-2","4-1-1-4-3-1 Quantitative-submode-curves-new-standard-unit-моль/л","canvas-4-1-1-4-3-quantitative-submode-curves-new-standard-unit-copy-2-text-1782141613017","%","%","machine-review-required"
"4-1-1-4-3-quantitative-submode-curves-new-standard-unit-copy-2","4-1-1-4-3-1 Quantitative-submode-curves-new-standard-unit-моль/л","canvas-4-1-1-4-3-quantitative-submode-curves-new-standard-unit-copy-2-text-1782141769753","мг/л","毫克/升","machine-review-required"
"4-1-1-4-3-quantitative-submode-curves-new-standard-unit-copy-2","4-1-1-4-3-1 Quantitative-submode-curves-new-standard-unit-моль/л","canvas-4-1-1-4-3-quantitative-submode-curves-new-standard-unit-copy-2-text-1782141797160","мл/л","毫升/升","machine-review-required"
"4-1-1-4-3-quantitative-submode-curves-new-standard-unit-copy-2","4-1-1-4-3-1 Quantitative-submode-curves-new-standard-unit-моль/л","canvas-4-1-1-4-3-quantitative-submode-curves-new-standard-unit-copy-2-text-1782141813140","мг/мл","毫克/毫升","machine-review-required"
"4-1-1-4-3-quantitative-submode-curves-new-standard-unit-copy-2","4-1-1-4-3-1 Quantitative-submode-curves-new-standard-unit-моль/л","canvas-4-1-1-4-3-quantitative-submode-curves-new-standard-unit-copy-2-text-1782141928054","г","G","machine-review-required"
"4-1-1-4-3-quantitative-submode-curves-new-standard-unit-copy-2","4-1-1-4-3-1 Quantitative-submode-curves-new-standard-unit-моль/л","canvas-4-1-1-4-3-quantitative-submode-curves-new-standard-unit-copy-2-text-1782141943989","TCU","TCCU","machine-review-required"
"4-1-1-4-3-quantitative-submode-curves-new-standard-unit-copy-2","4-1-1-4-3-1 Quantitative-submode-curves-new-standard-unit-моль/л","canvas-4-1-1-4-3-quantitative-submode-curves-new-standard-unit-copy-2-text-1782141961781","УЕ","UE","machine-review-required"
"4-1-1-4-3-1-quantitative-submode-curves-new-standard-unit-copy","4-1-1-4-3-2 Quantitative-submode-curves-new-standard-unit-%","canvas-4-1-1-4-3-1-quantitative-submode-curves-new-standard-unit-copy-text-1","Колич. анализ","数量分析","machine-review-required"
"4-1-1-4-3-1-quantitative-submode-curves-new-standard-unit-copy","4-1-1-4-3-2 Quantitative-submode-curves-new-standard-unit-%","canvas-4-1-1-4-3-1-quantitative-submode-curves-new-standard-unit-copy-text-3","17:05","17:05","machine-review-required"
"4-1-1-4-3-1-quantitative-submode-curves-new-standard-unit-copy","4-1-1-4-3-2 Quantitative-submode-curves-new-standard-unit-%","canvas-4-1-1-4-3-1-quantitative-submode-curves-new-standard-unit-copy-text-4","Новая градуировка","新毕业","machine-review-required"
"4-1-1-4-3-1-quantitative-submode-curves-new-standard-unit-copy","4-1-1-4-3-2 Quantitative-submode-curves-new-standard-unit-%","canvas-4-1-1-4-3-1-quantitative-submode-curves-new-standard-unit-copy-text-8","Единица концентрации","浓度单位","machine-review-required"
"4-1-1-4-3-1-quantitative-submode-curves-new-standard-unit-copy","4-1-1-4-3-2 Quantitative-submode-curves-new-standard-unit-%","canvas-4-1-1-4-3-1-quantitative-submode-curves-new-standard-unit-copy-text-10","n=3","n=3","machine-review-required"
"4-1-1-4-3-1-quantitative-submode-curves-new-standard-unit-copy","4-1-1-4-3-2 Quantitative-submode-curves-new-standard-unit-%","canvas-4-1-1-4-3-1-quantitative-submode-curves-new-standard-unit-copy-text-11","моль/л","摩尔/升","machine-review-required"
"4-1-1-4-3-1-quantitative-submode-curves-new-standard-unit-copy","4-1-1-4-3-2 Quantitative-submode-curves-new-standard-unit-%","canvas-4-1-1-4-3-1-quantitative-submode-curves-new-standard-unit-copy-text-12","мкг/л","微克/升","machine-review-required"
"4-1-1-4-3-1-quantitative-submode-curves-new-standard-unit-copy","4-1-1-4-3-2 Quantitative-submode-curves-new-standard-unit-%","canvas-4-1-1-4-3-1-quantitative-submode-curves-new-standard-unit-copy-text-13","%","%","machine-review-required"
"4-1-1-4-3-1-quantitative-submode-curves-new-standard-unit-copy","4-1-1-4-3-2 Quantitative-submode-curves-new-standard-unit-%","canvas-4-1-1-4-3-1-quantitative-submode-curves-new-standard-unit-copy-text-20","мг/л","毫克/升","machine-review-required"
"4-1-1-4-3-1-quantitative-submode-curves-new-standard-unit-copy","4-1-1-4-3-2 Quantitative-submode-curves-new-standard-unit-%","canvas-4-1-1-4-3-1-quantitative-submode-curves-new-standard-unit-copy-text-21","мл/л","毫升/升","machine-review-required"
"4-1-1-4-3-1-quantitative-submode-curves-new-standard-unit-copy","4-1-1-4-3-2 Quantitative-submode-curves-new-standard-unit-%","canvas-4-1-1-4-3-1-quantitative-submode-curves-new-standard-unit-copy-text-22","мг/мл","毫克/毫升","machine-review-required"
"4-1-1-4-3-1-quantitative-submode-curves-new-standard-unit-copy","4-1-1-4-3-2 Quantitative-submode-curves-new-standard-unit-%","canvas-4-1-1-4-3-1-quantitative-submode-curves-new-standard-unit-copy-text-23","г","G","machine-review-required"
"4-1-1-4-3-1-quantitative-submode-curves-new-standard-unit-copy","4-1-1-4-3-2 Quantitative-submode-curves-new-standard-unit-%","canvas-4-1-1-4-3-1-quantitative-submode-curves-new-standard-unit-copy-text-24","TCU","TCCU","machine-review-required"
"4-1-1-4-3-1-quantitative-submode-curves-new-standard-unit-copy","4-1-1-4-3-2 Quantitative-submode-curves-new-standard-unit-%","canvas-4-1-1-4-3-1-quantitative-submode-curves-new-standard-unit-copy-text-25","УЕ","UE","machine-review-required"
"4-1-1-4-3-2-quantitative-submode-curves-new-standard-unit-copy","4-1-1-4-3-3 Quantitative-submode-curves-new-standard-unit-мкг/л","canvas-4-1-1-4-3-2-quantitative-submode-curves-new-standard-unit-copy-text-1","Колич. анализ","数量分析","machine-review-required"
"4-1-1-4-3-2-quantitative-submode-curves-new-standard-unit-copy","4-1-1-4-3-3 Quantitative-submode-curves-new-standard-unit-мкг/л","canvas-4-1-1-4-3-2-quantitative-submode-curves-new-standard-unit-copy-text-3","17:05","17:05","machine-review-required"
"4-1-1-4-3-2-quantitative-submode-curves-new-standard-unit-copy","4-1-1-4-3-3 Quantitative-submode-curves-new-standard-unit-мкг/л","canvas-4-1-1-4-3-2-quantitative-submode-curves-new-standard-unit-copy-text-4","Новая градуировка","新毕业","machine-review-required"
"4-1-1-4-3-2-quantitative-submode-curves-new-standard-unit-copy","4-1-1-4-3-3 Quantitative-submode-curves-new-standard-unit-мкг/л","canvas-4-1-1-4-3-2-quantitative-submode-curves-new-standard-unit-copy-text-8","Единица концентрации","浓度单位","machine-review-required"
"4-1-1-4-3-2-quantitative-submode-curves-new-standard-unit-copy","4-1-1-4-3-3 Quantitative-submode-curves-new-standard-unit-мкг/л","canvas-4-1-1-4-3-2-quantitative-submode-curves-new-standard-unit-copy-text-10","n=3","n=3","machine-review-required"
"4-1-1-4-3-2-quantitative-submode-curves-new-standard-unit-copy","4-1-1-4-3-3 Quantitative-submode-curves-new-standard-unit-мкг/л","canvas-4-1-1-4-3-2-quantitative-submode-curves-new-standard-unit-copy-text-11","моль/л","摩尔/升","machine-review-required"
"4-1-1-4-3-2-quantitative-submode-curves-new-standard-unit-copy","4-1-1-4-3-3 Quantitative-submode-curves-new-standard-unit-мкг/л","canvas-4-1-1-4-3-2-quantitative-submode-curves-new-standard-unit-copy-text-12","мкг/л","微克/升","machine-review-required"
"4-1-1-4-3-2-quantitative-submode-curves-new-standard-unit-copy","4-1-1-4-3-3 Quantitative-submode-curves-new-standard-unit-мкг/л","canvas-4-1-1-4-3-2-quantitative-submode-curves-new-standard-unit-copy-text-13","%","%","machine-review-required"
"4-1-1-4-3-2-quantitative-submode-curves-new-standard-unit-copy","4-1-1-4-3-3 Quantitative-submode-curves-new-standard-unit-мкг/л","canvas-4-1-1-4-3-2-quantitative-submode-curves-new-standard-unit-copy-text-20","мг/л","毫克/升","machine-review-required"
"4-1-1-4-3-2-quantitative-submode-curves-new-standard-unit-copy","4-1-1-4-3-3 Quantitative-submode-curves-new-standard-unit-мкг/л","canvas-4-1-1-4-3-2-quantitative-submode-curves-new-standard-unit-copy-text-21","мл/л","毫升/升","machine-review-required"
"4-1-1-4-3-2-quantitative-submode-curves-new-standard-unit-copy","4-1-1-4-3-3 Quantitative-submode-curves-new-standard-unit-мкг/л","canvas-4-1-1-4-3-2-quantitative-submode-curves-new-standard-unit-copy-text-22","мг/мл","毫克/毫升","machine-review-required"
"4-1-1-4-3-2-quantitative-submode-curves-new-standard-unit-copy","4-1-1-4-3-3 Quantitative-submode-curves-new-standard-unit-мкг/л","canvas-4-1-1-4-3-2-quantitative-submode-curves-new-standard-unit-copy-text-23","г","G","machine-review-required"
"4-1-1-4-3-2-quantitative-submode-curves-new-standard-unit-copy","4-1-1-4-3-3 Quantitative-submode-curves-new-standard-unit-мкг/л","canvas-4-1-1-4-3-2-quantitative-submode-curves-new-standard-unit-copy-text-24","TCU","TCCU","machine-review-required"
"4-1-1-4-3-2-quantitative-submode-curves-new-standard-unit-copy","4-1-1-4-3-3 Quantitative-submode-curves-new-standard-unit-мкг/л","canvas-4-1-1-4-3-2-quantitative-submode-curves-new-standard-unit-copy-text-25","УЕ","UE","machine-review-required"
"4-1-1-4-3-3-quantitative-submode-curves-new-standard-unit-copy","4-1-1-4-3-4 Quantitative-submode-curves-new-standard-unit-мг/л","canvas-4-1-1-4-3-3-quantitative-submode-curves-new-standard-unit-copy-text-1","Колич. анализ","数量分析","machine-review-required"
"4-1-1-4-3-3-quantitative-submode-curves-new-standard-unit-copy","4-1-1-4-3-4 Quantitative-submode-curves-new-standard-unit-мг/л","canvas-4-1-1-4-3-3-quantitative-submode-curves-new-standard-unit-copy-text-3","17:05","17:05","machine-review-required"
"4-1-1-4-3-3-quantitative-submode-curves-new-standard-unit-copy","4-1-1-4-3-4 Quantitative-submode-curves-new-standard-unit-мг/л","canvas-4-1-1-4-3-3-quantitative-submode-curves-new-standard-unit-copy-text-4","Новая градуировка","新毕业","machine-review-required"
"4-1-1-4-3-3-quantitative-submode-curves-new-standard-unit-copy","4-1-1-4-3-4 Quantitative-submode-curves-new-standard-unit-мг/л","canvas-4-1-1-4-3-3-quantitative-submode-curves-new-standard-unit-copy-text-8","Единица концентрации","浓度单位","machine-review-required"
"4-1-1-4-3-3-quantitative-submode-curves-new-standard-unit-copy","4-1-1-4-3-4 Quantitative-submode-curves-new-standard-unit-мг/л","canvas-4-1-1-4-3-3-quantitative-submode-curves-new-standard-unit-copy-text-10","n=3","n=3","machine-review-required"
"4-1-1-4-3-3-quantitative-submode-curves-new-standard-unit-copy","4-1-1-4-3-4 Quantitative-submode-curves-new-standard-unit-мг/л","canvas-4-1-1-4-3-3-quantitative-submode-curves-new-standard-unit-copy-text-11","моль/л","摩尔/升","machine-review-required"
"4-1-1-4-3-3-quantitative-submode-curves-new-standard-unit-copy","4-1-1-4-3-4 Quantitative-submode-curves-new-standard-unit-мг/л","canvas-4-1-1-4-3-3-quantitative-submode-curves-new-standard-unit-copy-text-12","мкг/л","微克/升","machine-review-required"
"4-1-1-4-3-3-quantitative-submode-curves-new-standard-unit-copy","4-1-1-4-3-4 Quantitative-submode-curves-new-standard-unit-мг/л","canvas-4-1-1-4-3-3-quantitative-submode-curves-new-standard-unit-copy-text-13","%","%","machine-review-required"
"4-1-1-4-3-3-quantitative-submode-curves-new-standard-unit-copy","4-1-1-4-3-4 Quantitative-submode-curves-new-standard-unit-мг/л","canvas-4-1-1-4-3-3-quantitative-submode-curves-new-standard-unit-copy-text-20","мг/л","毫克/升","machine-review-required"
"4-1-1-4-3-3-quantitative-submode-curves-new-standard-unit-copy","4-1-1-4-3-4 Quantitative-submode-curves-new-standard-unit-мг/л","canvas-4-1-1-4-3-3-quantitative-submode-curves-new-standard-unit-copy-text-21","мл/л","毫升/升","machine-review-required"
"4-1-1-4-3-3-quantitative-submode-curves-new-standard-unit-copy","4-1-1-4-3-4 Quantitative-submode-curves-new-standard-unit-мг/л","canvas-4-1-1-4-3-3-quantitative-submode-curves-new-standard-unit-copy-text-22","мг/мл","毫克/毫升","machine-review-required"
"4-1-1-4-3-3-quantitative-submode-curves-new-standard-unit-copy","4-1-1-4-3-4 Quantitative-submode-curves-new-standard-unit-мг/л","canvas-4-1-1-4-3-3-quantitative-submode-curves-new-standard-unit-copy-text-23","г","G","machine-review-required"
"4-1-1-4-3-3-quantitative-submode-curves-new-standard-unit-copy","4-1-1-4-3-4 Quantitative-submode-curves-new-standard-unit-мг/л","canvas-4-1-1-4-3-3-quantitative-submode-curves-new-standard-unit-copy-text-24","TCU","TCCU","machine-review-required"
"4-1-1-4-3-3-quantitative-submode-curves-new-standard-unit-copy","4-1-1-4-3-4 Quantitative-submode-curves-new-standard-unit-мг/л","canvas-4-1-1-4-3-3-quantitative-submode-curves-new-standard-unit-copy-text-25","УЕ","UE","machine-review-required"
"4-1-1-4-3-4-quantitative-submode-curves-new-standard-unit-copy","4-1-1-4-3-5 Quantitative-submode-curves-new-standard-unit-мл/л","canvas-4-1-1-4-3-4-quantitative-submode-curves-new-standard-unit-copy-text-1","Колич. анализ","数量分析","machine-review-required"
"4-1-1-4-3-4-quantitative-submode-curves-new-standard-unit-copy","4-1-1-4-3-5 Quantitative-submode-curves-new-standard-unit-мл/л","canvas-4-1-1-4-3-4-quantitative-submode-curves-new-standard-unit-copy-text-3","17:05","17:05","machine-review-required"
"4-1-1-4-3-4-quantitative-submode-curves-new-standard-unit-copy","4-1-1-4-3-5 Quantitative-submode-curves-new-standard-unit-мл/л","canvas-4-1-1-4-3-4-quantitative-submode-curves-new-standard-unit-copy-text-4","Новая градуировка","新毕业","machine-review-required"
"4-1-1-4-3-4-quantitative-submode-curves-new-standard-unit-copy","4-1-1-4-3-5 Quantitative-submode-curves-new-standard-unit-мл/л","canvas-4-1-1-4-3-4-quantitative-submode-curves-new-standard-unit-copy-text-8","Единица концентрации","浓度单位","machine-review-required"
"4-1-1-4-3-4-quantitative-submode-curves-new-standard-unit-copy","4-1-1-4-3-5 Quantitative-submode-curves-new-standard-unit-мл/л","canvas-4-1-1-4-3-4-quantitative-submode-curves-new-standard-unit-copy-text-10","n=3","n=3","machine-review-required"
"4-1-1-4-3-4-quantitative-submode-curves-new-standard-unit-copy","4-1-1-4-3-5 Quantitative-submode-curves-new-standard-unit-мл/л","canvas-4-1-1-4-3-4-quantitative-submode-curves-new-standard-unit-copy-text-11","моль/л","摩尔/升","machine-review-required"
"4-1-1-4-3-4-quantitative-submode-curves-new-standard-unit-copy","4-1-1-4-3-5 Quantitative-submode-curves-new-standard-unit-мл/л","canvas-4-1-1-4-3-4-quantitative-submode-curves-new-standard-unit-copy-text-12","мкг/л","微克/升","machine-review-required"
"4-1-1-4-3-4-quantitative-submode-curves-new-standard-unit-copy","4-1-1-4-3-5 Quantitative-submode-curves-new-standard-unit-мл/л","canvas-4-1-1-4-3-4-quantitative-submode-curves-new-standard-unit-copy-text-13","%","%","machine-review-required"
"4-1-1-4-3-4-quantitative-submode-curves-new-standard-unit-copy","4-1-1-4-3-5 Quantitative-submode-curves-new-standard-unit-мл/л","canvas-4-1-1-4-3-4-quantitative-submode-curves-new-standard-unit-copy-text-20","мг/л","毫克/升","machine-review-required"
"4-1-1-4-3-4-quantitative-submode-curves-new-standard-unit-copy","4-1-1-4-3-5 Quantitative-submode-curves-new-standard-unit-мл/л","canvas-4-1-1-4-3-4-quantitative-submode-curves-new-standard-unit-copy-text-21","мл/л","毫升/升","machine-review-required"
"4-1-1-4-3-4-quantitative-submode-curves-new-standard-unit-copy","4-1-1-4-3-5 Quantitative-submode-curves-new-standard-unit-мл/л","canvas-4-1-1-4-3-4-quantitative-submode-curves-new-standard-unit-copy-text-22","мг/мл","毫克/毫升","machine-review-required"
"4-1-1-4-3-4-quantitative-submode-curves-new-standard-unit-copy","4-1-1-4-3-5 Quantitative-submode-curves-new-standard-unit-мл/л","canvas-4-1-1-4-3-4-quantitative-submode-curves-new-standard-unit-copy-text-23","г","G","machine-review-required"
"4-1-1-4-3-4-quantitative-submode-curves-new-standard-unit-copy","4-1-1-4-3-5 Quantitative-submode-curves-new-standard-unit-мл/л","canvas-4-1-1-4-3-4-quantitative-submode-curves-new-standard-unit-copy-text-24","TCU","TCCU","machine-review-required"
"4-1-1-4-3-4-quantitative-submode-curves-new-standard-unit-copy","4-1-1-4-3-5 Quantitative-submode-curves-new-standard-unit-мл/л","canvas-4-1-1-4-3-4-quantitative-submode-curves-new-standard-unit-copy-text-25","УЕ","UE","machine-review-required"
"4-1-1-4-3-5-quantitative-submode-curves-new-standard-unit-copy","4-1-1-4-3-6 Quantitative-submode-curves-new-standard-unit-мг/мл","canvas-4-1-1-4-3-5-quantitative-submode-curves-new-standard-unit-copy-text-1","Колич. анализ","数量分析","machine-review-required"
"4-1-1-4-3-5-quantitative-submode-curves-new-standard-unit-copy","4-1-1-4-3-6 Quantitative-submode-curves-new-standard-unit-мг/мл","canvas-4-1-1-4-3-5-quantitative-submode-curves-new-standard-unit-copy-text-3","17:05","17:05","machine-review-required"
"4-1-1-4-3-5-quantitative-submode-curves-new-standard-unit-copy","4-1-1-4-3-6 Quantitative-submode-curves-new-standard-unit-мг/мл","canvas-4-1-1-4-3-5-quantitative-submode-curves-new-standard-unit-copy-text-4","Новая градуировка","新毕业","machine-review-required"
"4-1-1-4-3-5-quantitative-submode-curves-new-standard-unit-copy","4-1-1-4-3-6 Quantitative-submode-curves-new-standard-unit-мг/мл","canvas-4-1-1-4-3-5-quantitative-submode-curves-new-standard-unit-copy-text-8","Единица концентрации","浓度单位","machine-review-required"
"4-1-1-4-3-5-quantitative-submode-curves-new-standard-unit-copy","4-1-1-4-3-6 Quantitative-submode-curves-new-standard-unit-мг/мл","canvas-4-1-1-4-3-5-quantitative-submode-curves-new-standard-unit-copy-text-10","n=3","n=3","machine-review-required"
"4-1-1-4-3-5-quantitative-submode-curves-new-standard-unit-copy","4-1-1-4-3-6 Quantitative-submode-curves-new-standard-unit-мг/мл","canvas-4-1-1-4-3-5-quantitative-submode-curves-new-standard-unit-copy-text-11","моль/л","摩尔/升","machine-review-required"
"4-1-1-4-3-5-quantitative-submode-curves-new-standard-unit-copy","4-1-1-4-3-6 Quantitative-submode-curves-new-standard-unit-мг/мл","canvas-4-1-1-4-3-5-quantitative-submode-curves-new-standard-unit-copy-text-12","мкг/л","微克/升","machine-review-required"
"4-1-1-4-3-5-quantitative-submode-curves-new-standard-unit-copy","4-1-1-4-3-6 Quantitative-submode-curves-new-standard-unit-мг/мл","canvas-4-1-1-4-3-5-quantitative-submode-curves-new-standard-unit-copy-text-13","%","%","machine-review-required"
"4-1-1-4-3-5-quantitative-submode-curves-new-standard-unit-copy","4-1-1-4-3-6 Quantitative-submode-curves-new-standard-unit-мг/мл","canvas-4-1-1-4-3-5-quantitative-submode-curves-new-standard-unit-copy-text-20","мг/л","毫克/升","machine-review-required"
"4-1-1-4-3-5-quantitative-submode-curves-new-standard-unit-copy","4-1-1-4-3-6 Quantitative-submode-curves-new-standard-unit-мг/мл","canvas-4-1-1-4-3-5-quantitative-submode-curves-new-standard-unit-copy-text-21","мл/л","毫升/升","machine-review-required"
"4-1-1-4-3-5-quantitative-submode-curves-new-standard-unit-copy","4-1-1-4-3-6 Quantitative-submode-curves-new-standard-unit-мг/мл","canvas-4-1-1-4-3-5-quantitative-submode-curves-new-standard-unit-copy-text-22","мг/мл","毫克/毫升","machine-review-required"
"4-1-1-4-3-5-quantitative-submode-curves-new-standard-unit-copy","4-1-1-4-3-6 Quantitative-submode-curves-new-standard-unit-мг/мл","canvas-4-1-1-4-3-5-quantitative-submode-curves-new-standard-unit-copy-text-23","г","G","machine-review-required"
"4-1-1-4-3-5-quantitative-submode-curves-new-standard-unit-copy","4-1-1-4-3-6 Quantitative-submode-curves-new-standard-unit-мг/мл","canvas-4-1-1-4-3-5-quantitative-submode-curves-new-standard-unit-copy-text-24","TCU","TCCU","machine-review-required"
"4-1-1-4-3-5-quantitative-submode-curves-new-standard-unit-copy","4-1-1-4-3-6 Quantitative-submode-curves-new-standard-unit-мг/мл","canvas-4-1-1-4-3-5-quantitative-submode-curves-new-standard-unit-copy-text-25","УЕ","UE","machine-review-required"
"4-1-1-4-3-6-quantitative-submode-curves-new-standard-unit-copy","4-1-1-4-3-7 Quantitative-submode-curves-new-standard-unit-г","canvas-4-1-1-4-3-6-quantitative-submode-curves-new-standard-unit-copy-text-1","Колич. анализ","数量分析","machine-review-required"
"4-1-1-4-3-6-quantitative-submode-curves-new-standard-unit-copy","4-1-1-4-3-7 Quantitative-submode-curves-new-standard-unit-г","canvas-4-1-1-4-3-6-quantitative-submode-curves-new-standard-unit-copy-text-3","17:05","17:05","machine-review-required"
"4-1-1-4-3-6-quantitative-submode-curves-new-standard-unit-copy","4-1-1-4-3-7 Quantitative-submode-curves-new-standard-unit-г","canvas-4-1-1-4-3-6-quantitative-submode-curves-new-standard-unit-copy-text-4","Новая градуировка","新毕业","machine-review-required"
"4-1-1-4-3-6-quantitative-submode-curves-new-standard-unit-copy","4-1-1-4-3-7 Quantitative-submode-curves-new-standard-unit-г","canvas-4-1-1-4-3-6-quantitative-submode-curves-new-standard-unit-copy-text-8","Единица концентрации","浓度单位","machine-review-required"
"4-1-1-4-3-6-quantitative-submode-curves-new-standard-unit-copy","4-1-1-4-3-7 Quantitative-submode-curves-new-standard-unit-г","canvas-4-1-1-4-3-6-quantitative-submode-curves-new-standard-unit-copy-text-10","n=3","n=3","machine-review-required"
"4-1-1-4-3-6-quantitative-submode-curves-new-standard-unit-copy","4-1-1-4-3-7 Quantitative-submode-curves-new-standard-unit-г","canvas-4-1-1-4-3-6-quantitative-submode-curves-new-standard-unit-copy-text-11","моль/л","摩尔/升","machine-review-required"
"4-1-1-4-3-6-quantitative-submode-curves-new-standard-unit-copy","4-1-1-4-3-7 Quantitative-submode-curves-new-standard-unit-г","canvas-4-1-1-4-3-6-quantitative-submode-curves-new-standard-unit-copy-text-12","мкг/л","微克/升","machine-review-required"
"4-1-1-4-3-6-quantitative-submode-curves-new-standard-unit-copy","4-1-1-4-3-7 Quantitative-submode-curves-new-standard-unit-г","canvas-4-1-1-4-3-6-quantitative-submode-curves-new-standard-unit-copy-text-13","%","%","machine-review-required"
"4-1-1-4-3-6-quantitative-submode-curves-new-standard-unit-copy","4-1-1-4-3-7 Quantitative-submode-curves-new-standard-unit-г","canvas-4-1-1-4-3-6-quantitative-submode-curves-new-standard-unit-copy-text-20","мг/л","毫克/升","machine-review-required"
"4-1-1-4-3-6-quantitative-submode-curves-new-standard-unit-copy","4-1-1-4-3-7 Quantitative-submode-curves-new-standard-unit-г","canvas-4-1-1-4-3-6-quantitative-submode-curves-new-standard-unit-copy-text-21","мл/л","毫升/升","machine-review-required"
"4-1-1-4-3-6-quantitative-submode-curves-new-standard-unit-copy","4-1-1-4-3-7 Quantitative-submode-curves-new-standard-unit-г","canvas-4-1-1-4-3-6-quantitative-submode-curves-new-standard-unit-copy-text-22","мг/мл","毫克/毫升","machine-review-required"
"4-1-1-4-3-6-quantitative-submode-curves-new-standard-unit-copy","4-1-1-4-3-7 Quantitative-submode-curves-new-standard-unit-г","canvas-4-1-1-4-3-6-quantitative-submode-curves-new-standard-unit-copy-text-23","г","G","machine-review-required"
"4-1-1-4-3-6-quantitative-submode-curves-new-standard-unit-copy","4-1-1-4-3-7 Quantitative-submode-curves-new-standard-unit-г","canvas-4-1-1-4-3-6-quantitative-submode-curves-new-standard-unit-copy-text-24","TCU","TCCU","machine-review-required"
"4-1-1-4-3-6-quantitative-submode-curves-new-standard-unit-copy","4-1-1-4-3-7 Quantitative-submode-curves-new-standard-unit-г","canvas-4-1-1-4-3-6-quantitative-submode-curves-new-standard-unit-copy-text-25","УЕ","UE","machine-review-required"
"4-1-1-4-3-7-quantitative-submode-curves-new-standard-unit-copy","4-1-1-4-3-8 Quantitative-submode-curves-new-standard-unit-TCU","canvas-4-1-1-4-3-7-quantitative-submode-curves-new-standard-unit-copy-text-1","Колич. анализ","数量分析","machine-review-required"
"4-1-1-4-3-7-quantitative-submode-curves-new-standard-unit-copy","4-1-1-4-3-8 Quantitative-submode-curves-new-standard-unit-TCU","canvas-4-1-1-4-3-7-quantitative-submode-curves-new-standard-unit-copy-text-3","17:05","17:05","machine-review-required"
"4-1-1-4-3-7-quantitative-submode-curves-new-standard-unit-copy","4-1-1-4-3-8 Quantitative-submode-curves-new-standard-unit-TCU","canvas-4-1-1-4-3-7-quantitative-submode-curves-new-standard-unit-copy-text-4","Новая градуировка","新毕业","machine-review-required"
"4-1-1-4-3-7-quantitative-submode-curves-new-standard-unit-copy","4-1-1-4-3-8 Quantitative-submode-curves-new-standard-unit-TCU","canvas-4-1-1-4-3-7-quantitative-submode-curves-new-standard-unit-copy-text-8","Единица концентрации","浓度单位","machine-review-required"
"4-1-1-4-3-7-quantitative-submode-curves-new-standard-unit-copy","4-1-1-4-3-8 Quantitative-submode-curves-new-standard-unit-TCU","canvas-4-1-1-4-3-7-quantitative-submode-curves-new-standard-unit-copy-text-10","n=3","n=3","machine-review-required"
"4-1-1-4-3-7-quantitative-submode-curves-new-standard-unit-copy","4-1-1-4-3-8 Quantitative-submode-curves-new-standard-unit-TCU","canvas-4-1-1-4-3-7-quantitative-submode-curves-new-standard-unit-copy-text-11","моль/л","摩尔/升","machine-review-required"
"4-1-1-4-3-7-quantitative-submode-curves-new-standard-unit-copy","4-1-1-4-3-8 Quantitative-submode-curves-new-standard-unit-TCU","canvas-4-1-1-4-3-7-quantitative-submode-curves-new-standard-unit-copy-text-12","мкг/л","微克/升","machine-review-required"
"4-1-1-4-3-7-quantitative-submode-curves-new-standard-unit-copy","4-1-1-4-3-8 Quantitative-submode-curves-new-standard-unit-TCU","canvas-4-1-1-4-3-7-quantitative-submode-curves-new-standard-unit-copy-text-13","%","%","machine-review-required"
"4-1-1-4-3-7-quantitative-submode-curves-new-standard-unit-copy","4-1-1-4-3-8 Quantitative-submode-curves-new-standard-unit-TCU","canvas-4-1-1-4-3-7-quantitative-submode-curves-new-standard-unit-copy-text-20","мг/л","毫克/升","machine-review-required"
"4-1-1-4-3-7-quantitative-submode-curves-new-standard-unit-copy","4-1-1-4-3-8 Quantitative-submode-curves-new-standard-unit-TCU","canvas-4-1-1-4-3-7-quantitative-submode-curves-new-standard-unit-copy-text-21","мл/л","毫升/升","machine-review-required"
"4-1-1-4-3-7-quantitative-submode-curves-new-standard-unit-copy","4-1-1-4-3-8 Quantitative-submode-curves-new-standard-unit-TCU","canvas-4-1-1-4-3-7-quantitative-submode-curves-new-standard-unit-copy-text-22","мг/мл","毫克/毫升","machine-review-required"
"4-1-1-4-3-7-quantitative-submode-curves-new-standard-unit-copy","4-1-1-4-3-8 Quantitative-submode-curves-new-standard-unit-TCU","canvas-4-1-1-4-3-7-quantitative-submode-curves-new-standard-unit-copy-text-23","г","G","machine-review-required"
"4-1-1-4-3-7-quantitative-submode-curves-new-standard-unit-copy","4-1-1-4-3-8 Quantitative-submode-curves-new-standard-unit-TCU","canvas-4-1-1-4-3-7-quantitative-submode-curves-new-standard-unit-copy-text-24","TCU","TCCU","machine-review-required"
"4-1-1-4-3-7-quantitative-submode-curves-new-standard-unit-copy","4-1-1-4-3-8 Quantitative-submode-curves-new-standard-unit-TCU","canvas-4-1-1-4-3-7-quantitative-submode-curves-new-standard-unit-copy-text-25","УЕ","UE","machine-review-required"
"4-1-1-4-3-8-quantitative-submode-curves-new-standard-unit-tcu-copy","4-1-1-4-3-9 Quantitative-submode-curves-new-standard-unit-усл_ед","canvas-4-1-1-4-3-8-quantitative-submode-curves-new-standard-unit-tcu-copy-text-1","Колич. анализ","数量分析","machine-review-required"
"4-1-1-4-3-8-quantitative-submode-curves-new-standard-unit-tcu-copy","4-1-1-4-3-9 Quantitative-submode-curves-new-standard-unit-усл_ед","canvas-4-1-1-4-3-8-quantitative-submode-curves-new-standard-unit-tcu-copy-text-3","17:05","17:05","machine-review-required"
"4-1-1-4-3-8-quantitative-submode-curves-new-standard-unit-tcu-copy","4-1-1-4-3-9 Quantitative-submode-curves-new-standard-unit-усл_ед","canvas-4-1-1-4-3-8-quantitative-submode-curves-new-standard-unit-tcu-copy-text-4","Новая градуировка","新毕业","machine-review-required"
"4-1-1-4-3-8-quantitative-submode-curves-new-standard-unit-tcu-copy","4-1-1-4-3-9 Quantitative-submode-curves-new-standard-unit-усл_ед","canvas-4-1-1-4-3-8-quantitative-submode-curves-new-standard-unit-tcu-copy-text-8","Единица концентрации","浓度单位","machine-review-required"
"4-1-1-4-3-8-quantitative-submode-curves-new-standard-unit-tcu-copy","4-1-1-4-3-9 Quantitative-submode-curves-new-standard-unit-усл_ед","canvas-4-1-1-4-3-8-quantitative-submode-curves-new-standard-unit-tcu-copy-text-10","n=3","n=3","machine-review-required"
"4-1-1-4-3-8-quantitative-submode-curves-new-standard-unit-tcu-copy","4-1-1-4-3-9 Quantitative-submode-curves-new-standard-unit-усл_ед","canvas-4-1-1-4-3-8-quantitative-submode-curves-new-standard-unit-tcu-copy-text-11","моль/л","摩尔/升","machine-review-required"
"4-1-1-4-3-8-quantitative-submode-curves-new-standard-unit-tcu-copy","4-1-1-4-3-9 Quantitative-submode-curves-new-standard-unit-усл_ед","canvas-4-1-1-4-3-8-quantitative-submode-curves-new-standard-unit-tcu-copy-text-12","мкг/л","微克/升","machine-review-required"
"4-1-1-4-3-8-quantitative-submode-curves-new-standard-unit-tcu-copy","4-1-1-4-3-9 Quantitative-submode-curves-new-standard-unit-усл_ед","canvas-4-1-1-4-3-8-quantitative-submode-curves-new-standard-unit-tcu-copy-text-13","%","%","machine-review-required"
"4-1-1-4-3-8-quantitative-submode-curves-new-standard-unit-tcu-copy","4-1-1-4-3-9 Quantitative-submode-curves-new-standard-unit-усл_ед","canvas-4-1-1-4-3-8-quantitative-submode-curves-new-standard-unit-tcu-copy-text-20","мг/л","毫克/升","machine-review-required"
"4-1-1-4-3-8-quantitative-submode-curves-new-standard-unit-tcu-copy","4-1-1-4-3-9 Quantitative-submode-curves-new-standard-unit-усл_ед","canvas-4-1-1-4-3-8-quantitative-submode-curves-new-standard-unit-tcu-copy-text-21","мл/л","毫升/升","machine-review-required"
"4-1-1-4-3-8-quantitative-submode-curves-new-standard-unit-tcu-copy","4-1-1-4-3-9 Quantitative-submode-curves-new-standard-unit-усл_ед","canvas-4-1-1-4-3-8-quantitative-submode-curves-new-standard-unit-tcu-copy-text-22","мг/мл","毫克/毫升","machine-review-required"
"4-1-1-4-3-8-quantitative-submode-curves-new-standard-unit-tcu-copy","4-1-1-4-3-9 Quantitative-submode-curves-new-standard-unit-усл_ед","canvas-4-1-1-4-3-8-quantitative-submode-curves-new-standard-unit-tcu-copy-text-23","г","G","machine-review-required"
"4-1-1-4-3-8-quantitative-submode-curves-new-standard-unit-tcu-copy","4-1-1-4-3-9 Quantitative-submode-curves-new-standard-unit-усл_ед","canvas-4-1-1-4-3-8-quantitative-submode-curves-new-standard-unit-tcu-copy-text-24","TCU","TCCU","machine-review-required"
"4-1-1-4-3-8-quantitative-submode-curves-new-standard-unit-tcu-copy","4-1-1-4-3-9 Quantitative-submode-curves-new-standard-unit-усл_ед","canvas-4-1-1-4-3-8-quantitative-submode-curves-new-standard-unit-tcu-copy-text-25","УЕ","UE","machine-review-required"
"4-1-1-5-quantitative-submode-curves-new-standard-calc-graphic-copy-2","4-1-1-6 Quantitative-submode-curves-new-next","canvas-4-1-1-5-quantitative-submode-curves-new-standard-calc-graphic-copy-2-text-1","Колич. анализ","数量分析","machine-review-required"
"4-1-1-5-quantitative-submode-curves-new-standard-calc-graphic-copy-2","4-1-1-6 Quantitative-submode-curves-new-next","canvas-4-1-1-5-quantitative-submode-curves-new-standard-calc-graphic-copy-2-text-3","17:05","17:05","machine-review-required"
"4-1-1-5-quantitative-submode-curves-new-standard-calc-graphic-copy-2","4-1-1-6 Quantitative-submode-curves-new-next","canvas-4-1-1-5-quantitative-submode-curves-new-standard-calc-graphic-copy-2-text-4","Новая градуировка","新毕业","machine-review-required"
"4-1-1-5-quantitative-submode-curves-new-standard-calc-graphic-copy-2","4-1-1-6 Quantitative-submode-curves-new-next","canvas-4-1-1-5-quantitative-submode-curves-new-standard-calc-graphic-copy-2-text-11","Измеряемая величина","测量数量","machine-review-required"
"4-1-1-5-quantitative-submode-curves-new-standard-calc-graphic-copy-2","4-1-1-6 Quantitative-submode-curves-new-next","canvas-4-1-1-5-quantitative-submode-curves-new-standard-calc-graphic-copy-2-text-12","Расчёт и отображение","计算与显示","machine-review-required"
"4-1-1-5-quantitative-submode-curves-new-standard-calc-graphic-copy-2","4-1-1-6 Quantitative-submode-curves-new-next","canvas-4-1-1-5-quantitative-submode-curves-new-standard-calc-graphic-copy-2-text-13","Стандартные образцы","标准样品","machine-review-required"
"4-1-1-5-quantitative-submode-curves-new-standard-calc-graphic-copy-2","4-1-1-6 Quantitative-submode-curves-new-next","canvas-4-1-1-5-quantitative-submode-curves-new-standard-calc-graphic-copy-2-text-1782143415161","Далее","下一个","machine-review-required"
"4-1-1-5-quantitative-submode-curves-new-standard-calc-graphic-copy-2","4-1-1-6 Quantitative-submode-curves-new-next","canvas-4-1-1-5-quantitative-submode-curves-new-standard-calc-graphic-copy-2-text-1782144018412","n=3","n=3","machine-review-required"
"4-1-1-5-2-4-quantitative-submode-curves-new-standard-calc-graphic-function-regression-c-f-t-copy-copy","4-1-1-6-1-1 Quantitative-submode-curves-new-zeroing","canvas-4-1-1-5-2-4-quantitative-submode-curves-new-standard-calc-graphic-function-regression-c-f-t-copy-copy-text-1","Колич. анализ","数量分析","machine-review-required"
"4-1-1-5-2-4-quantitative-submode-curves-new-standard-calc-graphic-function-regression-c-f-t-copy-copy","4-1-1-6-1-1 Quantitative-submode-curves-new-zeroing","canvas-4-1-1-5-2-4-quantitative-submode-curves-new-standard-calc-graphic-function-regression-c-f-t-copy-copy-text-3","17:05","17:05","machine-review-required"
"4-1-1-5-2-4-quantitative-submode-curves-new-standard-calc-graphic-function-regression-c-f-t-copy-copy","4-1-1-6-1-1 Quantitative-submode-curves-new-zeroing","canvas-4-1-1-5-2-4-quantitative-submode-curves-new-standard-calc-graphic-function-regression-c-f-t-copy-copy-text-4","n=3","n=3","machine-review-required"
"4-1-1-5-2-4-quantitative-submode-curves-new-standard-calc-graphic-function-regression-c-f-t-copy-copy","4-1-1-6-1-1 Quantitative-submode-curves-new-zeroing","canvas-4-1-1-5-2-4-quantitative-submode-curves-new-standard-calc-graphic-function-regression-c-f-t-copy-copy-text-9","Градуировка","毕业","machine-review-required"
"4-1-1-5-2-4-quantitative-submode-curves-new-standard-calc-graphic-function-regression-c-f-t-copy-copy","4-1-1-6-1-1 Quantitative-submode-curves-new-zeroing","canvas-4-1-1-5-2-4-quantitative-submode-curves-new-standard-calc-graphic-function-regression-c-f-t-copy-copy-text-1782203114251","λ=1050.3 нм","λ=1050.3纳米","machine-review-required"
"4-1-1-5-2-4-quantitative-submode-curves-new-standard-calc-graphic-function-regression-c-f-t-copy-copy","4-1-1-6-1-1 Quantitative-submode-curves-new-zeroing","canvas-4-1-1-5-2-4-quantitative-submode-curves-new-standard-calc-graphic-function-regression-c-f-t-copy-copy-text-1782203678964","m-n","m-n","machine-review-required"
"4-1-1-5-2-4-quantitative-submode-curves-new-standard-calc-graphic-function-regression-c-f-t-copy-copy","4-1-1-6-1-1 Quantitative-submode-curves-new-zeroing","canvas-4-1-1-5-2-4-quantitative-submode-curves-new-standard-calc-graphic-function-regression-c-f-t-copy-copy-text-1782203697371","C","C","machine-review-required"
"4-1-1-5-2-4-quantitative-submode-curves-new-standard-calc-graphic-function-regression-c-f-t-copy-copy","4-1-1-6-1-1 Quantitative-submode-curves-new-zeroing","canvas-4-1-1-5-2-4-quantitative-submode-curves-new-standard-calc-graphic-function-regression-c-f-t-copy-copy-text-1782206585715","A","一个","machine-review-required"
"4-1-1-5-2-4-quantitative-submode-curves-new-standard-calc-graphic-function-regression-c-f-t-copy-copy","4-1-1-6-1-1 Quantitative-submode-curves-new-zeroing","canvas-4-1-1-5-2-4-quantitative-submode-curves-new-standard-calc-graphic-function-regression-c-f-t-copy-copy-text-1782207057279","A","一个","machine-review-required"
"4-1-1-5-2-4-quantitative-submode-curves-new-standard-calc-graphic-function-regression-c-f-t-copy-copy","4-1-1-6-1-1 Quantitative-submode-curves-new-zeroing","canvas-4-1-1-5-2-4-quantitative-submode-curves-new-standard-calc-graphic-function-regression-c-f-t-copy-copy-text-1782207086320","ноль","零","machine-review-required"
"4-1-1-5-2-4-quantitative-submode-curves-new-standard-calc-graphic-function-regression-c-f-t-copy-copy","4-1-1-6-1-1 Quantitative-submode-curves-new-zeroing","canvas-4-1-1-5-2-4-quantitative-submode-curves-new-standard-calc-graphic-function-regression-c-f-t-copy-copy-text-1782207255631","m","米","machine-review-required"
"4-1-1-5-2-4-quantitative-submode-curves-new-standard-calc-graphic-function-regression-c-f-t-copy-copy","4-1-1-6-1-1 Quantitative-submode-curves-new-zeroing","canvas-4-1-1-5-2-4-quantitative-submode-curves-new-standard-calc-graphic-function-regression-c-f-t-copy-copy-text-1782207283307","n","n","machine-review-required"
"4-1-1-5-2-4-quantitative-submode-curves-new-standard-calc-graphic-function-regression-c-f-t-copy-copy","4-1-1-6-1-1 Quantitative-submode-curves-new-zeroing","canvas-4-1-1-5-2-4-quantitative-submode-curves-new-standard-calc-graphic-function-regression-c-f-t-copy-copy-text-1782207369795","0/4","0/4","machine-review-required"
"4-1-1-5-2-4-quantitative-submode-curves-new-standard-calc-graphic-function-regression-c-f-t-copy-copy","4-1-1-6-1-1 Quantitative-submode-curves-new-zeroing","canvas-4-1-1-5-2-4-quantitative-submode-curves-new-standard-calc-graphic-function-regression-c-f-t-copy-copy-text-1782207388291","0/3","0/3","machine-review-required"
"4-1-1-4-1-2-quantitative-submode-curves-new-standard-num-quantity-inputed-copy-2","4-1-1-4-1-3  Quantitative-submode-curves-new-standard-С1-inputting","canvas-4-1-1-4-1-2-quantitative-submode-curves-new-standard-num-quantity-inputed-copy-2-text-1","Колич. анализ","数量分析","machine-review-required"
"4-1-1-4-1-2-quantitative-submode-curves-new-standard-num-quantity-inputed-copy-2","4-1-1-4-1-3  Quantitative-submode-curves-new-standard-С1-inputting","canvas-4-1-1-4-1-2-quantitative-submode-curves-new-standard-num-quantity-inputed-copy-2-text-3","17:05","17:05","machine-review-required"
"4-1-1-4-1-2-quantitative-submode-curves-new-standard-num-quantity-inputed-copy-2","4-1-1-4-1-3  Quantitative-submode-curves-new-standard-С1-inputting","canvas-4-1-1-4-1-2-quantitative-submode-curves-new-standard-num-quantity-inputed-copy-2-text-4","Новая градуировка","新毕业","machine-review-required"
"4-1-1-4-1-2-quantitative-submode-curves-new-standard-num-quantity-inputed-copy-2","4-1-1-4-1-3  Quantitative-submode-curves-new-standard-С1-inputting","canvas-4-1-1-4-1-2-quantitative-submode-curves-new-standard-num-quantity-inputed-copy-2-text-11","n=1","n=1","machine-review-required"
"4-1-1-4-1-2-quantitative-submode-curves-new-standard-num-quantity-inputed-copy-2","4-1-1-4-1-3  Quantitative-submode-curves-new-standard-С1-inputting","canvas-4-1-1-4-1-2-quantitative-submode-curves-new-standard-num-quantity-inputed-copy-2-text-1782204004943","m","米","machine-review-required"
"4-1-1-4-1-2-quantitative-submode-curves-new-standard-num-quantity-inputed-copy-2","4-1-1-4-1-3  Quantitative-submode-curves-new-standard-С1-inputting","canvas-4-1-1-4-1-2-quantitative-submode-curves-new-standard-num-quantity-inputed-copy-2-text-1782204040960","C","C","machine-review-required"
"4-1-1-4-1-2-quantitative-submode-curves-new-standard-num-quantity-inputed-copy-2","4-1-1-4-1-3  Quantitative-submode-curves-new-standard-С1-inputting","canvas-4-1-1-4-1-2-quantitative-submode-curves-new-standard-num-quantity-inputed-copy-2-text-1782204148712","1","1","machine-review-required"
"4-1-1-4-1-2-quantitative-submode-curves-new-standard-num-quantity-inputed-copy-2","4-1-1-4-1-3  Quantitative-submode-curves-new-standard-С1-inputting","canvas-4-1-1-4-1-2-quantitative-submode-curves-new-standard-num-quantity-inputed-copy-2-text-1782204156759","2","2","machine-review-required"
"4-1-1-4-1-2-quantitative-submode-curves-new-standard-num-quantity-inputed-copy-2","4-1-1-4-1-3  Quantitative-submode-curves-new-standard-С1-inputting","canvas-4-1-1-4-1-2-quantitative-submode-curves-new-standard-num-quantity-inputed-copy-2-text-1782204181911","3","3","machine-review-required"
"4-1-1-4-1-2-quantitative-submode-curves-new-standard-num-quantity-inputed-copy-2","4-1-1-4-1-3  Quantitative-submode-curves-new-standard-С1-inputting","canvas-4-1-1-4-1-2-quantitative-submode-curves-new-standard-num-quantity-inputed-copy-2-text-1782204563475","значения","价值观","machine-review-required"
"4-1-1-4-1-2-quantitative-submode-curves-new-standard-num-quantity-inputed-copy-2","4-1-1-4-1-3  Quantitative-submode-curves-new-standard-С1-inputting","canvas-4-1-1-4-1-2-quantitative-submode-curves-new-standard-num-quantity-inputed-copy-2-text-1782204573859","концентрации","浓度","machine-review-required"
"4-1-1-4-1-2-quantitative-submode-curves-new-standard-num-quantity-inputed-copy-2","4-1-1-4-1-3  Quantitative-submode-curves-new-standard-С1-inputting","canvas-4-1-1-4-1-2-quantitative-submode-curves-new-standard-num-quantity-inputed-copy-2-text-1782204589447","Введите","进入","machine-review-required"
"4-1-1-4-1-2-quantitative-submode-curves-new-standard-num-quantity-inputed-copy-2","4-1-1-4-1-3  Quantitative-submode-curves-new-standard-С1-inputting","canvas-4-1-1-4-1-2-quantitative-submode-curves-new-standard-num-quantity-inputed-copy-2-text-1782204636771","стандартых","标准","machine-review-required"
"4-1-1-4-1-2-quantitative-submode-curves-new-standard-num-quantity-inputed-copy-2","4-1-1-4-1-3  Quantitative-submode-curves-new-standard-С1-inputting","canvas-4-1-1-4-1-2-quantitative-submode-curves-new-standard-num-quantity-inputed-copy-2-text-1782204664971","образцов","样品","machine-review-required"
"4-1-1-4-1-3-quantitative-submode-curves-new-standard-1-inputting-copy","4-1-1-4-1-4  Quantitative-submode-curves-new-standard-С1-inputed","canvas-4-1-1-4-1-3-quantitative-submode-curves-new-standard-1-inputting-copy-text-1","Колич. анализ","数量分析","machine-review-required"
"4-1-1-4-1-3-quantitative-submode-curves-new-standard-1-inputting-copy","4-1-1-4-1-4  Quantitative-submode-curves-new-standard-С1-inputed","canvas-4-1-1-4-1-3-quantitative-submode-curves-new-standard-1-inputting-copy-text-3","17:05","17:05","machine-review-required"
"4-1-1-4-1-3-quantitative-submode-curves-new-standard-1-inputting-copy","4-1-1-4-1-4  Quantitative-submode-curves-new-standard-С1-inputed","canvas-4-1-1-4-1-3-quantitative-submode-curves-new-standard-1-inputting-copy-text-4","Новая градуировка","新毕业","machine-review-required"
"4-1-1-4-1-3-quantitative-submode-curves-new-standard-1-inputting-copy","4-1-1-4-1-4  Quantitative-submode-curves-new-standard-С1-inputed","canvas-4-1-1-4-1-3-quantitative-submode-curves-new-standard-1-inputting-copy-text-6","n=1","n=1","machine-review-required"
"4-1-1-4-1-3-quantitative-submode-curves-new-standard-1-inputting-copy","4-1-1-4-1-4  Quantitative-submode-curves-new-standard-С1-inputed","canvas-4-1-1-4-1-3-quantitative-submode-curves-new-standard-1-inputting-copy-text-7","m","米","machine-review-required"
"4-1-1-4-1-3-quantitative-submode-curves-new-standard-1-inputting-copy","4-1-1-4-1-4  Quantitative-submode-curves-new-standard-С1-inputed","canvas-4-1-1-4-1-3-quantitative-submode-curves-new-standard-1-inputting-copy-text-8","C","C","machine-review-required"
"4-1-1-4-1-3-quantitative-submode-curves-new-standard-1-inputting-copy","4-1-1-4-1-4  Quantitative-submode-curves-new-standard-С1-inputed","canvas-4-1-1-4-1-3-quantitative-submode-curves-new-standard-1-inputting-copy-text-9","1","1","machine-review-required"
"4-1-1-4-1-3-quantitative-submode-curves-new-standard-1-inputting-copy","4-1-1-4-1-4  Quantitative-submode-curves-new-standard-С1-inputed","canvas-4-1-1-4-1-3-quantitative-submode-curves-new-standard-1-inputting-copy-text-10","2","2","machine-review-required"
"4-1-1-4-1-3-quantitative-submode-curves-new-standard-1-inputting-copy","4-1-1-4-1-4  Quantitative-submode-curves-new-standard-С1-inputed","canvas-4-1-1-4-1-3-quantitative-submode-curves-new-standard-1-inputting-copy-text-11","3","3","machine-review-required"
"4-1-1-4-1-3-quantitative-submode-curves-new-standard-1-inputting-copy","4-1-1-4-1-4  Quantitative-submode-curves-new-standard-С1-inputed","canvas-4-1-1-4-1-3-quantitative-submode-curves-new-standard-1-inputting-copy-text-16","значения","价值观","machine-review-required"
"4-1-1-4-1-3-quantitative-submode-curves-new-standard-1-inputting-copy","4-1-1-4-1-4  Quantitative-submode-curves-new-standard-С1-inputed","canvas-4-1-1-4-1-3-quantitative-submode-curves-new-standard-1-inputting-copy-text-17","концентрации","浓度","machine-review-required"
"4-1-1-4-1-3-quantitative-submode-curves-new-standard-1-inputting-copy","4-1-1-4-1-4  Quantitative-submode-curves-new-standard-С1-inputed","canvas-4-1-1-4-1-3-quantitative-submode-curves-new-standard-1-inputting-copy-text-18","Введите","进入","machine-review-required"
"4-1-1-4-1-3-quantitative-submode-curves-new-standard-1-inputting-copy","4-1-1-4-1-4  Quantitative-submode-curves-new-standard-С1-inputed","canvas-4-1-1-4-1-3-quantitative-submode-curves-new-standard-1-inputting-copy-text-19","стандартых","标准","machine-review-required"
"4-1-1-4-1-3-quantitative-submode-curves-new-standard-1-inputting-copy","4-1-1-4-1-4  Quantitative-submode-curves-new-standard-С1-inputed","canvas-4-1-1-4-1-3-quantitative-submode-curves-new-standard-1-inputting-copy-text-20","образцов","样品","machine-review-required"
"4-1-1-4-1-3-quantitative-submode-curves-new-standard-1-inputting-copy","4-1-1-4-1-4  Quantitative-submode-curves-new-standard-С1-inputed","canvas-4-1-1-4-1-3-quantitative-submode-curves-new-standard-1-inputting-copy-text-1782204922879","0.1000","0.1000","machine-review-required"
"4-1-1-4-1-4-quantitative-submode-curves-new-standard-1-inputed-copy","4-1-1-4-1-5  Quantitative-submode-curves-new-standard-С2-inputed","canvas-4-1-1-4-1-4-quantitative-submode-curves-new-standard-1-inputed-copy-text-1","Колич. анализ","数量分析","machine-review-required"
"4-1-1-4-1-4-quantitative-submode-curves-new-standard-1-inputed-copy","4-1-1-4-1-5  Quantitative-submode-curves-new-standard-С2-inputed","canvas-4-1-1-4-1-4-quantitative-submode-curves-new-standard-1-inputed-copy-text-3","17:05","17:05","machine-review-required"
"4-1-1-4-1-4-quantitative-submode-curves-new-standard-1-inputed-copy","4-1-1-4-1-5  Quantitative-submode-curves-new-standard-С2-inputed","canvas-4-1-1-4-1-4-quantitative-submode-curves-new-standard-1-inputed-copy-text-4","Новая градуировка","新毕业","machine-review-required"
"4-1-1-4-1-4-quantitative-submode-curves-new-standard-1-inputed-copy","4-1-1-4-1-5  Quantitative-submode-curves-new-standard-С2-inputed","canvas-4-1-1-4-1-4-quantitative-submode-curves-new-standard-1-inputed-copy-text-6","n=1","n=1","machine-review-required"
"4-1-1-4-1-4-quantitative-submode-curves-new-standard-1-inputed-copy","4-1-1-4-1-5  Quantitative-submode-curves-new-standard-С2-inputed","canvas-4-1-1-4-1-4-quantitative-submode-curves-new-standard-1-inputed-copy-text-7","m","米","machine-review-required"
"4-1-1-4-1-4-quantitative-submode-curves-new-standard-1-inputed-copy","4-1-1-4-1-5  Quantitative-submode-curves-new-standard-С2-inputed","canvas-4-1-1-4-1-4-quantitative-submode-curves-new-standard-1-inputed-copy-text-8","C","C","machine-review-required"
"4-1-1-4-1-4-quantitative-submode-curves-new-standard-1-inputed-copy","4-1-1-4-1-5  Quantitative-submode-curves-new-standard-С2-inputed","canvas-4-1-1-4-1-4-quantitative-submode-curves-new-standard-1-inputed-copy-text-9","1","1","machine-review-required"
"4-1-1-4-1-4-quantitative-submode-curves-new-standard-1-inputed-copy","4-1-1-4-1-5  Quantitative-submode-curves-new-standard-С2-inputed","canvas-4-1-1-4-1-4-quantitative-submode-curves-new-standard-1-inputed-copy-text-10","2","2","machine-review-required"
"4-1-1-4-1-4-quantitative-submode-curves-new-standard-1-inputed-copy","4-1-1-4-1-5  Quantitative-submode-curves-new-standard-С2-inputed","canvas-4-1-1-4-1-4-quantitative-submode-curves-new-standard-1-inputed-copy-text-11","3","3","machine-review-required"
"4-1-1-4-1-4-quantitative-submode-curves-new-standard-1-inputed-copy","4-1-1-4-1-5  Quantitative-submode-curves-new-standard-С2-inputed","canvas-4-1-1-4-1-4-quantitative-submode-curves-new-standard-1-inputed-copy-text-16","значения","价值观","machine-review-required"
"4-1-1-4-1-4-quantitative-submode-curves-new-standard-1-inputed-copy","4-1-1-4-1-5  Quantitative-submode-curves-new-standard-С2-inputed","canvas-4-1-1-4-1-4-quantitative-submode-curves-new-standard-1-inputed-copy-text-17","концентрации","浓度","machine-review-required"
"4-1-1-4-1-4-quantitative-submode-curves-new-standard-1-inputed-copy","4-1-1-4-1-5  Quantitative-submode-curves-new-standard-С2-inputed","canvas-4-1-1-4-1-4-quantitative-submode-curves-new-standard-1-inputed-copy-text-18","Введите","进入","machine-review-required"
"4-1-1-4-1-4-quantitative-submode-curves-new-standard-1-inputed-copy","4-1-1-4-1-5  Quantitative-submode-curves-new-standard-С2-inputed","canvas-4-1-1-4-1-4-quantitative-submode-curves-new-standard-1-inputed-copy-text-19","стандартых","标准","machine-review-required"
"4-1-1-4-1-4-quantitative-submode-curves-new-standard-1-inputed-copy","4-1-1-4-1-5  Quantitative-submode-curves-new-standard-С2-inputed","canvas-4-1-1-4-1-4-quantitative-submode-curves-new-standard-1-inputed-copy-text-20","образцов","样品","machine-review-required"
"4-1-1-4-1-4-quantitative-submode-curves-new-standard-1-inputed-copy","4-1-1-4-1-5  Quantitative-submode-curves-new-standard-С2-inputed","canvas-4-1-1-4-1-4-quantitative-submode-curves-new-standard-1-inputed-copy-text-23","0.1000","0.1000","machine-review-required"
"4-1-1-4-1-4-quantitative-submode-curves-new-standard-1-inputed-copy","4-1-1-4-1-5  Quantitative-submode-curves-new-standard-С2-inputed","canvas-4-1-1-4-1-4-quantitative-submode-curves-new-standard-1-inputed-copy-text-1782205000223","0.2000","0.2000","machine-review-required"
"4-1-1-4-1-5-quantitative-submode-curves-new-standard-2-inputed-copy","4-1-1-4-1-6  Quantitative-submode-curves-new-standard-C3-inputed","canvas-4-1-1-4-1-5-quantitative-submode-curves-new-standard-2-inputed-copy-text-1","Колич. анализ","数量分析","machine-review-required"
"4-1-1-4-1-5-quantitative-submode-curves-new-standard-2-inputed-copy","4-1-1-4-1-6  Quantitative-submode-curves-new-standard-C3-inputed","canvas-4-1-1-4-1-5-quantitative-submode-curves-new-standard-2-inputed-copy-text-3","17:05","17:05","machine-review-required"
"4-1-1-4-1-5-quantitative-submode-curves-new-standard-2-inputed-copy","4-1-1-4-1-6  Quantitative-submode-curves-new-standard-C3-inputed","canvas-4-1-1-4-1-5-quantitative-submode-curves-new-standard-2-inputed-copy-text-4","Новая градуировка","新毕业","machine-review-required"
"4-1-1-4-1-5-quantitative-submode-curves-new-standard-2-inputed-copy","4-1-1-4-1-6  Quantitative-submode-curves-new-standard-C3-inputed","canvas-4-1-1-4-1-5-quantitative-submode-curves-new-standard-2-inputed-copy-text-6","n=1","n=1","machine-review-required"
"4-1-1-4-1-5-quantitative-submode-curves-new-standard-2-inputed-copy","4-1-1-4-1-6  Quantitative-submode-curves-new-standard-C3-inputed","canvas-4-1-1-4-1-5-quantitative-submode-curves-new-standard-2-inputed-copy-text-7","m","米","machine-review-required"
"4-1-1-4-1-5-quantitative-submode-curves-new-standard-2-inputed-copy","4-1-1-4-1-6  Quantitative-submode-curves-new-standard-C3-inputed","canvas-4-1-1-4-1-5-quantitative-submode-curves-new-standard-2-inputed-copy-text-8","C","C","machine-review-required"
"4-1-1-4-1-5-quantitative-submode-curves-new-standard-2-inputed-copy","4-1-1-4-1-6  Quantitative-submode-curves-new-standard-C3-inputed","canvas-4-1-1-4-1-5-quantitative-submode-curves-new-standard-2-inputed-copy-text-9","1","1","machine-review-required"
"4-1-1-4-1-5-quantitative-submode-curves-new-standard-2-inputed-copy","4-1-1-4-1-6  Quantitative-submode-curves-new-standard-C3-inputed","canvas-4-1-1-4-1-5-quantitative-submode-curves-new-standard-2-inputed-copy-text-10","2","2","machine-review-required"
"4-1-1-4-1-5-quantitative-submode-curves-new-standard-2-inputed-copy","4-1-1-4-1-6  Quantitative-submode-curves-new-standard-C3-inputed","canvas-4-1-1-4-1-5-quantitative-submode-curves-new-standard-2-inputed-copy-text-11","3","3","machine-review-required"
"4-1-1-4-1-5-quantitative-submode-curves-new-standard-2-inputed-copy","4-1-1-4-1-6  Quantitative-submode-curves-new-standard-C3-inputed","canvas-4-1-1-4-1-5-quantitative-submode-curves-new-standard-2-inputed-copy-text-16","значения","价值观","machine-review-required"
"4-1-1-4-1-5-quantitative-submode-curves-new-standard-2-inputed-copy","4-1-1-4-1-6  Quantitative-submode-curves-new-standard-C3-inputed","canvas-4-1-1-4-1-5-quantitative-submode-curves-new-standard-2-inputed-copy-text-17","концентрации","浓度","machine-review-required"
"4-1-1-4-1-5-quantitative-submode-curves-new-standard-2-inputed-copy","4-1-1-4-1-6  Quantitative-submode-curves-new-standard-C3-inputed","canvas-4-1-1-4-1-5-quantitative-submode-curves-new-standard-2-inputed-copy-text-18","Введите","进入","machine-review-required"
"4-1-1-4-1-5-quantitative-submode-curves-new-standard-2-inputed-copy","4-1-1-4-1-6  Quantitative-submode-curves-new-standard-C3-inputed","canvas-4-1-1-4-1-5-quantitative-submode-curves-new-standard-2-inputed-copy-text-19","стандартых","标准","machine-review-required"
"4-1-1-4-1-5-quantitative-submode-curves-new-standard-2-inputed-copy","4-1-1-4-1-6  Quantitative-submode-curves-new-standard-C3-inputed","canvas-4-1-1-4-1-5-quantitative-submode-curves-new-standard-2-inputed-copy-text-20","образцов","样品","machine-review-required"
"4-1-1-4-1-5-quantitative-submode-curves-new-standard-2-inputed-copy","4-1-1-4-1-6  Quantitative-submode-curves-new-standard-C3-inputed","canvas-4-1-1-4-1-5-quantitative-submode-curves-new-standard-2-inputed-copy-text-23","0.1000","0.1000","machine-review-required"
"4-1-1-4-1-5-quantitative-submode-curves-new-standard-2-inputed-copy","4-1-1-4-1-6  Quantitative-submode-curves-new-standard-C3-inputed","canvas-4-1-1-4-1-5-quantitative-submode-curves-new-standard-2-inputed-copy-text-25","0.2000","0.2000","machine-review-required"
"4-1-1-4-1-5-quantitative-submode-curves-new-standard-2-inputed-copy","4-1-1-4-1-6  Quantitative-submode-curves-new-standard-C3-inputed","canvas-4-1-1-4-1-5-quantitative-submode-curves-new-standard-2-inputed-copy-text-1782205329235","0.3000","0.3000","machine-review-required"
"4-1-1-4-1-6-quantitative-submode-curves-new-standard-2-inputed-copy-copy","4-1-1-4-1-7  Quantitative-submode-curves-new-standard-С4-inputed","canvas-4-1-1-4-1-6-quantitative-submode-curves-new-standard-2-inputed-copy-copy-text-1","Колич. анализ","数量分析","machine-review-required"
"4-1-1-4-1-6-quantitative-submode-curves-new-standard-2-inputed-copy-copy","4-1-1-4-1-7  Quantitative-submode-curves-new-standard-С4-inputed","canvas-4-1-1-4-1-6-quantitative-submode-curves-new-standard-2-inputed-copy-copy-text-3","17:05","17:05","machine-review-required"
"4-1-1-4-1-6-quantitative-submode-curves-new-standard-2-inputed-copy-copy","4-1-1-4-1-7  Quantitative-submode-curves-new-standard-С4-inputed","canvas-4-1-1-4-1-6-quantitative-submode-curves-new-standard-2-inputed-copy-copy-text-4","Новая градуировка","新毕业","machine-review-required"
"4-1-1-4-1-6-quantitative-submode-curves-new-standard-2-inputed-copy-copy","4-1-1-4-1-7  Quantitative-submode-curves-new-standard-С4-inputed","canvas-4-1-1-4-1-6-quantitative-submode-curves-new-standard-2-inputed-copy-copy-text-6","n=1","n=1","machine-review-required"
"4-1-1-4-1-6-quantitative-submode-curves-new-standard-2-inputed-copy-copy","4-1-1-4-1-7  Quantitative-submode-curves-new-standard-С4-inputed","canvas-4-1-1-4-1-6-quantitative-submode-curves-new-standard-2-inputed-copy-copy-text-7","m","米","machine-review-required"
"4-1-1-4-1-6-quantitative-submode-curves-new-standard-2-inputed-copy-copy","4-1-1-4-1-7  Quantitative-submode-curves-new-standard-С4-inputed","canvas-4-1-1-4-1-6-quantitative-submode-curves-new-standard-2-inputed-copy-copy-text-8","C","Текст","machine-review-required"
"4-1-1-4-1-6-quantitative-submode-curves-new-standard-2-inputed-copy-copy","4-1-1-4-1-7  Quantitative-submode-curves-new-standard-С4-inputed","canvas-4-1-1-4-1-6-quantitative-submode-curves-new-standard-2-inputed-copy-copy-text-9","4","Текст","machine-review-required"
"4-1-1-4-1-6-quantitative-submode-curves-new-standard-2-inputed-copy-copy","4-1-1-4-1-7  Quantitative-submode-curves-new-standard-С4-inputed","canvas-4-1-1-4-1-6-quantitative-submode-curves-new-standard-2-inputed-copy-copy-text-16","значения","Текст","machine-review-required"
"4-1-1-4-1-6-quantitative-submode-curves-new-standard-2-inputed-copy-copy","4-1-1-4-1-7  Quantitative-submode-curves-new-standard-С4-inputed","canvas-4-1-1-4-1-6-quantitative-submode-curves-new-standard-2-inputed-copy-copy-text-17","концентрации","Текст","machine-review-required"
"4-1-1-4-1-6-quantitative-submode-curves-new-standard-2-inputed-copy-copy","4-1-1-4-1-7  Quantitative-submode-curves-new-standard-С4-inputed","canvas-4-1-1-4-1-6-quantitative-submode-curves-new-standard-2-inputed-copy-copy-text-18","Введите","Текст","machine-review-required"
"4-1-1-4-1-6-quantitative-submode-curves-new-standard-2-inputed-copy-copy","4-1-1-4-1-7  Quantitative-submode-curves-new-standard-С4-inputed","canvas-4-1-1-4-1-6-quantitative-submode-curves-new-standard-2-inputed-copy-copy-text-19","стандартых","Текст","machine-review-required"
"4-1-1-4-1-6-quantitative-submode-curves-new-standard-2-inputed-copy-copy","4-1-1-4-1-7  Quantitative-submode-curves-new-standard-С4-inputed","canvas-4-1-1-4-1-6-quantitative-submode-curves-new-standard-2-inputed-copy-copy-text-20","образцов","Текст","machine-review-required"
"4-1-1-4-1-6-quantitative-submode-curves-new-standard-2-inputed-copy-copy","4-1-1-4-1-7  Quantitative-submode-curves-new-standard-С4-inputed","canvas-4-1-1-4-1-6-quantitative-submode-curves-new-standard-2-inputed-copy-copy-text-23","0.1000","0.1000","machine-review-required"
"4-1-2-1-1quantitative-submode-curves-new-st-1-par-1-meas-copy","4-1-1-6-1-2 Quantitative-submode-curves-new-st_1-par_1-meas","canvas-4-1-2-1-1quantitative-submode-curves-new-st-1-par-1-meas-copy-text-1","Колич. анализ","数量分析","machine-review-required"
"4-1-2-1-1quantitative-submode-curves-new-st-1-par-1-meas-copy","4-1-1-6-1-2 Quantitative-submode-curves-new-st_1-par_1-meas","canvas-4-1-2-1-1quantitative-submode-curves-new-st-1-par-1-meas-copy-text-3","17:05","17:05","machine-review-required"
"4-1-2-1-1quantitative-submode-curves-new-st-1-par-1-meas-copy","4-1-1-6-1-2 Quantitative-submode-curves-new-st_1-par_1-meas","canvas-4-1-2-1-1quantitative-submode-curves-new-st-1-par-1-meas-copy-text-4","n=3","n=3","machine-review-required"
"4-1-2-1-1quantitative-submode-curves-new-st-1-par-1-meas-copy","4-1-1-6-1-2 Quantitative-submode-curves-new-st_1-par_1-meas","canvas-4-1-2-1-1quantitative-submode-curves-new-st-1-par-1-meas-copy-text-6","Градуировка","毕业","machine-review-required"
"4-1-2-1-1quantitative-submode-curves-new-st-1-par-1-meas-copy","4-1-1-6-1-2 Quantitative-submode-curves-new-st_1-par_1-meas","canvas-4-1-2-1-1quantitative-submode-curves-new-st-1-par-1-meas-copy-text-7","λ=1050.3 нм","λ=1050.3纳米","machine-review-required"
"4-1-2-1-1quantitative-submode-curves-new-st-1-par-1-meas-copy","4-1-1-6-1-2 Quantitative-submode-curves-new-st_1-par_1-meas","canvas-4-1-2-1-1quantitative-submode-curves-new-st-1-par-1-meas-copy-text-10","m-n","m-n","machine-review-required"
"4-1-2-1-1quantitative-submode-curves-new-st-1-par-1-meas-copy","4-1-1-6-1-2 Quantitative-submode-curves-new-st_1-par_1-meas","canvas-4-1-2-1-1quantitative-submode-curves-new-st-1-par-1-meas-copy-text-11","C","C","machine-review-required"
"4-1-2-1-1quantitative-submode-curves-new-st-1-par-1-meas-copy","4-1-1-6-1-2 Quantitative-submode-curves-new-st_1-par_1-meas","canvas-4-1-2-1-1quantitative-submode-curves-new-st-1-par-1-meas-copy-text-12","A","一个","machine-review-required"
"4-1-2-1-1quantitative-submode-curves-new-st-1-par-1-meas-copy","4-1-1-6-1-2 Quantitative-submode-curves-new-st_1-par_1-meas","canvas-4-1-2-1-1quantitative-submode-curves-new-st-1-par-1-meas-copy-text-13","1-1","1-1","machine-review-required"
"4-1-2-1-1quantitative-submode-curves-new-st-1-par-1-meas-copy","4-1-1-6-1-2 Quantitative-submode-curves-new-st_1-par_1-meas","canvas-4-1-2-1-1quantitative-submode-curves-new-st-1-par-1-meas-copy-text-14","0.1000","0.1000","machine-review-required"
"4-1-2-1-1quantitative-submode-curves-new-st-1-par-1-meas-copy","4-1-1-6-1-2 Quantitative-submode-curves-new-st_1-par_1-meas","canvas-4-1-2-1-1quantitative-submode-curves-new-st-1-par-1-meas-copy-text-17","0.112","0.112","machine-review-required"
"4-1-2-1-1quantitative-submode-curves-new-st-1-par-1-meas-copy","4-1-1-6-1-2 Quantitative-submode-curves-new-st_1-par_1-meas","canvas-4-1-2-1-1quantitative-submode-curves-new-st-1-par-1-meas-copy-text-19","A","一个","machine-review-required"
"4-1-2-1-1quantitative-submode-curves-new-st-1-par-1-meas-copy","4-1-1-6-1-2 Quantitative-submode-curves-new-st_1-par_1-meas","canvas-4-1-2-1-1quantitative-submode-curves-new-st-1-par-1-meas-copy-text-20","0.112","0.112","machine-review-required"
"4-1-2-1-1quantitative-submode-curves-new-st-1-par-1-meas-copy","4-1-1-6-1-2 Quantitative-submode-curves-new-st_1-par_1-meas","canvas-4-1-2-1-1quantitative-submode-curves-new-st-1-par-1-meas-copy-text-23","m","米","machine-review-required"
"4-1-2-1-1quantitative-submode-curves-new-st-1-par-1-meas-copy","4-1-1-6-1-2 Quantitative-submode-curves-new-st_1-par_1-meas","canvas-4-1-2-1-1quantitative-submode-curves-new-st-1-par-1-meas-copy-text-24","n","n","machine-review-required"
"4-1-2-1-1quantitative-submode-curves-new-st-1-par-1-meas-copy","4-1-1-6-1-2 Quantitative-submode-curves-new-st_1-par_1-meas","canvas-4-1-2-1-1quantitative-submode-curves-new-st-1-par-1-meas-copy-text-27","1/4","1/4","machine-review-required"
"4-1-2-1-1quantitative-submode-curves-new-st-1-par-1-meas-copy","4-1-1-6-1-2 Quantitative-submode-curves-new-st_1-par_1-meas","canvas-4-1-2-1-1quantitative-submode-curves-new-st-1-par-1-meas-copy-text-28","1/3","1/3","machine-review-required"
"4-1-2-1-2-quantitative-submode-curves-new-st-1-par-1-meas-copy","4-1-1-6-1-3 Quantitative-submode-curves-new-st_2-par_1-meas","canvas-4-1-2-1-2-quantitative-submode-curves-new-st-1-par-1-meas-copy-text-1","Колич. анализ","数量分析","machine-review-required"
"4-1-2-1-2-quantitative-submode-curves-new-st-1-par-1-meas-copy","4-1-1-6-1-3 Quantitative-submode-curves-new-st_2-par_1-meas","canvas-4-1-2-1-2-quantitative-submode-curves-new-st-1-par-1-meas-copy-text-3","17:05","17:05","machine-review-required"
"4-1-2-1-2-quantitative-submode-curves-new-st-1-par-1-meas-copy","4-1-1-6-1-3 Quantitative-submode-curves-new-st_2-par_1-meas","canvas-4-1-2-1-2-quantitative-submode-curves-new-st-1-par-1-meas-copy-text-4","n=3","n=3","machine-review-required"
"4-1-2-1-2-quantitative-submode-curves-new-st-1-par-1-meas-copy","4-1-1-6-1-3 Quantitative-submode-curves-new-st_2-par_1-meas","canvas-4-1-2-1-2-quantitative-submode-curves-new-st-1-par-1-meas-copy-text-6","Градуировка","毕业","machine-review-required"
"4-1-2-1-2-quantitative-submode-curves-new-st-1-par-1-meas-copy","4-1-1-6-1-3 Quantitative-submode-curves-new-st_2-par_1-meas","canvas-4-1-2-1-2-quantitative-submode-curves-new-st-1-par-1-meas-copy-text-7","λ=1050.3 нм","λ=1050.3纳米","machine-review-required"
"4-1-2-1-2-quantitative-submode-curves-new-st-1-par-1-meas-copy","4-1-1-6-1-3 Quantitative-submode-curves-new-st_2-par_1-meas","canvas-4-1-2-1-2-quantitative-submode-curves-new-st-1-par-1-meas-copy-text-10","m-n","m-n","machine-review-required"
"4-1-2-1-2-quantitative-submode-curves-new-st-1-par-1-meas-copy","4-1-1-6-1-3 Quantitative-submode-curves-new-st_2-par_1-meas","canvas-4-1-2-1-2-quantitative-submode-curves-new-st-1-par-1-meas-copy-text-11","C","C","machine-review-required"
"4-1-2-1-2-quantitative-submode-curves-new-st-1-par-1-meas-copy","4-1-1-6-1-3 Quantitative-submode-curves-new-st_2-par_1-meas","canvas-4-1-2-1-2-quantitative-submode-curves-new-st-1-par-1-meas-copy-text-12","A","一个","machine-review-required"
"4-1-2-1-2-quantitative-submode-curves-new-st-1-par-1-meas-copy","4-1-1-6-1-3 Quantitative-submode-curves-new-st_2-par_1-meas","canvas-4-1-2-1-2-quantitative-submode-curves-new-st-1-par-1-meas-copy-text-13","1-1","1-1","machine-review-required"
"4-1-2-1-2-quantitative-submode-curves-new-st-1-par-1-meas-copy","4-1-1-6-1-3 Quantitative-submode-curves-new-st_2-par_1-meas","canvas-4-1-2-1-2-quantitative-submode-curves-new-st-1-par-1-meas-copy-text-14","0.1000","0.1000","machine-review-required"
"4-1-2-1-2-quantitative-submode-curves-new-st-1-par-1-meas-copy","4-1-1-6-1-3 Quantitative-submode-curves-new-st_2-par_1-meas","canvas-4-1-2-1-2-quantitative-submode-curves-new-st-1-par-1-meas-copy-text-17","0.112","0.112","machine-review-required"
"4-1-2-1-2-quantitative-submode-curves-new-st-1-par-1-meas-copy","4-1-1-6-1-3 Quantitative-submode-curves-new-st_2-par_1-meas","canvas-4-1-2-1-2-quantitative-submode-curves-new-st-1-par-1-meas-copy-text-19","A","一个","machine-review-required"
"4-1-2-1-2-quantitative-submode-curves-new-st-1-par-1-meas-copy","4-1-1-6-1-3 Quantitative-submode-curves-new-st_2-par_1-meas","canvas-4-1-2-1-2-quantitative-submode-curves-new-st-1-par-1-meas-copy-text-20","0.203","0.203","machine-review-required"
"4-1-2-1-2-quantitative-submode-curves-new-st-1-par-1-meas-copy","4-1-1-6-1-3 Quantitative-submode-curves-new-st_2-par_1-meas","canvas-4-1-2-1-2-quantitative-submode-curves-new-st-1-par-1-meas-copy-text-22","m","米","machine-review-required"
"4-1-2-1-2-quantitative-submode-curves-new-st-1-par-1-meas-copy","4-1-1-6-1-3 Quantitative-submode-curves-new-st_2-par_1-meas","canvas-4-1-2-1-2-quantitative-submode-curves-new-st-1-par-1-meas-copy-text-23","n","n","machine-review-required"
"4-1-2-1-2-quantitative-submode-curves-new-st-1-par-1-meas-copy","4-1-1-6-1-3 Quantitative-submode-curves-new-st_2-par_1-meas","canvas-4-1-2-1-2-quantitative-submode-curves-new-st-1-par-1-meas-copy-text-26","2/4","2/4","machine-review-required"
"4-1-2-1-2-quantitative-submode-curves-new-st-1-par-1-meas-copy","4-1-1-6-1-3 Quantitative-submode-curves-new-st_2-par_1-meas","canvas-4-1-2-1-2-quantitative-submode-curves-new-st-1-par-1-meas-copy-text-27","1/3","1/3","machine-review-required"
"4-1-2-1-2-quantitative-submode-curves-new-st-1-par-1-meas-copy","4-1-1-6-1-3 Quantitative-submode-curves-new-st_2-par_1-meas","canvas-4-1-2-1-2-quantitative-submode-curves-new-st-1-par-1-meas-copy-text-1782210094671","2-1","2-1","machine-review-required"
"4-1-2-1-2-quantitative-submode-curves-new-st-1-par-1-meas-copy","4-1-1-6-1-3 Quantitative-submode-curves-new-st_2-par_1-meas","canvas-4-1-2-1-2-quantitative-submode-curves-new-st-1-par-1-meas-copy-text-1782210173750","0.2000","0.2000","machine-review-required"
"4-1-2-1-2-quantitative-submode-curves-new-st-1-par-1-meas-copy","4-1-1-6-1-3 Quantitative-submode-curves-new-st_2-par_1-meas","canvas-4-1-2-1-2-quantitative-submode-curves-new-st-1-par-1-meas-copy-text-1782210632359","0.202","0.202","machine-review-required"
"4-1-2-1-3-quantitative-submode-curves-new-st-2-par-1-meas-copy","4-1-1-6-1-4 Quantitative-submode-curves-new-st_3-par_1-meas","canvas-4-1-2-1-3-quantitative-submode-curves-new-st-2-par-1-meas-copy-text-1","Колич. анализ","数量分析","machine-review-required"
"4-1-2-1-3-quantitative-submode-curves-new-st-2-par-1-meas-copy","4-1-1-6-1-4 Quantitative-submode-curves-new-st_3-par_1-meas","canvas-4-1-2-1-3-quantitative-submode-curves-new-st-2-par-1-meas-copy-text-3","17:05","17:05","machine-review-required"
"4-1-2-1-3-quantitative-submode-curves-new-st-2-par-1-meas-copy","4-1-1-6-1-4 Quantitative-submode-curves-new-st_3-par_1-meas","canvas-4-1-2-1-3-quantitative-submode-curves-new-st-2-par-1-meas-copy-text-4","n=3","n=3","machine-review-required"
"4-1-2-1-3-quantitative-submode-curves-new-st-2-par-1-meas-copy","4-1-1-6-1-4 Quantitative-submode-curves-new-st_3-par_1-meas","canvas-4-1-2-1-3-quantitative-submode-curves-new-st-2-par-1-meas-copy-text-6","Градуировка","毕业","machine-review-required"
"4-1-2-1-3-quantitative-submode-curves-new-st-2-par-1-meas-copy","4-1-1-6-1-4 Quantitative-submode-curves-new-st_3-par_1-meas","canvas-4-1-2-1-3-quantitative-submode-curves-new-st-2-par-1-meas-copy-text-7","λ=1050.3 нм","λ=1050.3纳米","machine-review-required"
"4-1-2-1-3-quantitative-submode-curves-new-st-2-par-1-meas-copy","4-1-1-6-1-4 Quantitative-submode-curves-new-st_3-par_1-meas","canvas-4-1-2-1-3-quantitative-submode-curves-new-st-2-par-1-meas-copy-text-10","m-n","m-n","machine-review-required"
"4-1-2-1-3-quantitative-submode-curves-new-st-2-par-1-meas-copy","4-1-1-6-1-4 Quantitative-submode-curves-new-st_3-par_1-meas","canvas-4-1-2-1-3-quantitative-submode-curves-new-st-2-par-1-meas-copy-text-11","C","C","machine-review-required"
"4-1-2-1-3-quantitative-submode-curves-new-st-2-par-1-meas-copy","4-1-1-6-1-4 Quantitative-submode-curves-new-st_3-par_1-meas","canvas-4-1-2-1-3-quantitative-submode-curves-new-st-2-par-1-meas-copy-text-12","A","一个","machine-review-required"
"4-1-2-1-3-quantitative-submode-curves-new-st-2-par-1-meas-copy","4-1-1-6-1-4 Quantitative-submode-curves-new-st_3-par_1-meas","canvas-4-1-2-1-3-quantitative-submode-curves-new-st-2-par-1-meas-copy-text-13","1-1","1-1","machine-review-required"
"4-1-2-1-3-quantitative-submode-curves-new-st-2-par-1-meas-copy","4-1-1-6-1-4 Quantitative-submode-curves-new-st_3-par_1-meas","canvas-4-1-2-1-3-quantitative-submode-curves-new-st-2-par-1-meas-copy-text-14","0.1000","0.1000","machine-review-required"
"4-1-2-1-3-quantitative-submode-curves-new-st-2-par-1-meas-copy","4-1-1-6-1-4 Quantitative-submode-curves-new-st_3-par_1-meas","canvas-4-1-2-1-3-quantitative-submode-curves-new-st-2-par-1-meas-copy-text-17","0.112","0.112","machine-review-required"
"4-1-2-1-3-quantitative-submode-curves-new-st-2-par-1-meas-copy","4-1-1-6-1-4 Quantitative-submode-curves-new-st_3-par_1-meas","canvas-4-1-2-1-3-quantitative-submode-curves-new-st-2-par-1-meas-copy-text-19","A","一个","machine-review-required"
"4-1-2-1-3-quantitative-submode-curves-new-st-2-par-1-meas-copy","4-1-1-6-1-4 Quantitative-submode-curves-new-st_3-par_1-meas","canvas-4-1-2-1-3-quantitative-submode-curves-new-st-2-par-1-meas-copy-text-20","0.306","0.306","machine-review-required"
"4-1-2-1-3-quantitative-submode-curves-new-st-2-par-1-meas-copy","4-1-1-6-1-4 Quantitative-submode-curves-new-st_3-par_1-meas","canvas-4-1-2-1-3-quantitative-submode-curves-new-st-2-par-1-meas-copy-text-22","m","米","machine-review-required"
"4-1-2-1-3-quantitative-submode-curves-new-st-2-par-1-meas-copy","4-1-1-6-1-4 Quantitative-submode-curves-new-st_3-par_1-meas","canvas-4-1-2-1-3-quantitative-submode-curves-new-st-2-par-1-meas-copy-text-23","n","n","machine-review-required"
"4-1-2-1-3-quantitative-submode-curves-new-st-2-par-1-meas-copy","4-1-1-6-1-4 Quantitative-submode-curves-new-st_3-par_1-meas","canvas-4-1-2-1-3-quantitative-submode-curves-new-st-2-par-1-meas-copy-text-26","3/4","3/4","machine-review-required"
"4-1-2-1-3-quantitative-submode-curves-new-st-2-par-1-meas-copy","4-1-1-6-1-4 Quantitative-submode-curves-new-st_3-par_1-meas","canvas-4-1-2-1-3-quantitative-submode-curves-new-st-2-par-1-meas-copy-text-27","1/3","1/3","machine-review-required"
"4-1-2-1-3-quantitative-submode-curves-new-st-2-par-1-meas-copy","4-1-1-6-1-4 Quantitative-submode-curves-new-st_3-par_1-meas","canvas-4-1-2-1-3-quantitative-submode-curves-new-st-2-par-1-meas-copy-text-33","2-1","2-1","machine-review-required"
"4-1-2-1-3-quantitative-submode-curves-new-st-2-par-1-meas-copy","4-1-1-6-1-4 Quantitative-submode-curves-new-st_3-par_1-meas","canvas-4-1-2-1-3-quantitative-submode-curves-new-st-2-par-1-meas-copy-text-34","0.2000","0.2000","machine-review-required"
"4-1-2-1-3-quantitative-submode-curves-new-st-2-par-1-meas-copy","4-1-1-6-1-4 Quantitative-submode-curves-new-st_3-par_1-meas","canvas-4-1-2-1-3-quantitative-submode-curves-new-st-2-par-1-meas-copy-text-38","0.202","0.202","machine-review-required"
"4-1-2-1-3-quantitative-submode-curves-new-st-2-par-1-meas-copy","4-1-1-6-1-4 Quantitative-submode-curves-new-st_3-par_1-meas","canvas-4-1-2-1-3-quantitative-submode-curves-new-st-2-par-1-meas-copy-text-41","3-1","3-1","machine-review-required"
"4-1-2-1-3-quantitative-submode-curves-new-st-2-par-1-meas-copy","4-1-1-6-1-4 Quantitative-submode-curves-new-st_3-par_1-meas","canvas-4-1-2-1-3-quantitative-submode-curves-new-st-2-par-1-meas-copy-text-42","0.3000","0.3000","machine-review-required"
"4-1-2-1-3-quantitative-submode-curves-new-st-2-par-1-meas-copy","4-1-1-6-1-4 Quantitative-submode-curves-new-st_3-par_1-meas","canvas-4-1-2-1-3-quantitative-submode-curves-new-st-2-par-1-meas-copy-text-43","0.306","0.306","machine-review-required"
"4-1-2-1-4-quantitative-submode-curves-new-st-3-par-1-meas-copy-copy","4-1-1-6-1-5 Quantitative-submode-curves-new-st_4-par_1-meas","canvas-4-1-2-1-4-quantitative-submode-curves-new-st-3-par-1-meas-copy-copy-text-1","Колич. анализ","数量分析","machine-review-required"
"4-1-2-1-4-quantitative-submode-curves-new-st-3-par-1-meas-copy-copy","4-1-1-6-1-5 Quantitative-submode-curves-new-st_4-par_1-meas","canvas-4-1-2-1-4-quantitative-submode-curves-new-st-3-par-1-meas-copy-copy-text-3","17:05","17:05","machine-review-required"
"4-1-2-1-4-quantitative-submode-curves-new-st-3-par-1-meas-copy-copy","4-1-1-6-1-5 Quantitative-submode-curves-new-st_4-par_1-meas","canvas-4-1-2-1-4-quantitative-submode-curves-new-st-3-par-1-meas-copy-copy-text-4","n=3","n=3","machine-review-required"
"4-1-2-1-4-quantitative-submode-curves-new-st-3-par-1-meas-copy-copy","4-1-1-6-1-5 Quantitative-submode-curves-new-st_4-par_1-meas","canvas-4-1-2-1-4-quantitative-submode-curves-new-st-3-par-1-meas-copy-copy-text-6","Градуировка","毕业","machine-review-required"
"4-1-2-1-4-quantitative-submode-curves-new-st-3-par-1-meas-copy-copy","4-1-1-6-1-5 Quantitative-submode-curves-new-st_4-par_1-meas","canvas-4-1-2-1-4-quantitative-submode-curves-new-st-3-par-1-meas-copy-copy-text-7","λ=1050.3 нм","λ=1050.3纳米","machine-review-required"
"4-1-2-1-4-quantitative-submode-curves-new-st-3-par-1-meas-copy-copy","4-1-1-6-1-5 Quantitative-submode-curves-new-st_4-par_1-meas","canvas-4-1-2-1-4-quantitative-submode-curves-new-st-3-par-1-meas-copy-copy-text-10","m-n","m-n","machine-review-required"
"4-1-2-1-4-quantitative-submode-curves-new-st-3-par-1-meas-copy-copy","4-1-1-6-1-5 Quantitative-submode-curves-new-st_4-par_1-meas","canvas-4-1-2-1-4-quantitative-submode-curves-new-st-3-par-1-meas-copy-copy-text-11","C","C","machine-review-required"
"4-1-2-1-4-quantitative-submode-curves-new-st-3-par-1-meas-copy-copy","4-1-1-6-1-5 Quantitative-submode-curves-new-st_4-par_1-meas","canvas-4-1-2-1-4-quantitative-submode-curves-new-st-3-par-1-meas-copy-copy-text-12","A","一个","machine-review-required"
"4-1-2-1-4-quantitative-submode-curves-new-st-3-par-1-meas-copy-copy","4-1-1-6-1-5 Quantitative-submode-curves-new-st_4-par_1-meas","canvas-4-1-2-1-4-quantitative-submode-curves-new-st-3-par-1-meas-copy-copy-text-13","2-1","2-1","machine-review-required"
"4-1-2-1-4-quantitative-submode-curves-new-st-3-par-1-meas-copy-copy","4-1-1-6-1-5 Quantitative-submode-curves-new-st_4-par_1-meas","canvas-4-1-2-1-4-quantitative-submode-curves-new-st-3-par-1-meas-copy-copy-text-14","0.2000","0.2000","machine-review-required"
"4-1-2-1-4-quantitative-submode-curves-new-st-3-par-1-meas-copy-copy","4-1-1-6-1-5 Quantitative-submode-curves-new-st_4-par_1-meas","canvas-4-1-2-1-4-quantitative-submode-curves-new-st-3-par-1-meas-copy-copy-text-17","0.202","0.202","machine-review-required"
"4-1-2-1-4-quantitative-submode-curves-new-st-3-par-1-meas-copy-copy","4-1-1-6-1-5 Quantitative-submode-curves-new-st_4-par_1-meas","canvas-4-1-2-1-4-quantitative-submode-curves-new-st-3-par-1-meas-copy-copy-text-19","A","一个","machine-review-required"
"4-1-2-1-4-quantitative-submode-curves-new-st-3-par-1-meas-copy-copy","4-1-1-6-1-5 Quantitative-submode-curves-new-st_4-par_1-meas","canvas-4-1-2-1-4-quantitative-submode-curves-new-st-3-par-1-meas-copy-copy-text-20","0.408","0.408","machine-review-required"
"4-1-2-1-4-quantitative-submode-curves-new-st-3-par-1-meas-copy-copy","4-1-1-6-1-5 Quantitative-submode-curves-new-st_4-par_1-meas","canvas-4-1-2-1-4-quantitative-submode-curves-new-st-3-par-1-meas-copy-copy-text-22","m","米","machine-review-required"
"4-1-2-1-4-quantitative-submode-curves-new-st-3-par-1-meas-copy-copy","4-1-1-6-1-5 Quantitative-submode-curves-new-st_4-par_1-meas","canvas-4-1-2-1-4-quantitative-submode-curves-new-st-3-par-1-meas-copy-copy-text-23","n","n","machine-review-required"
"4-1-2-1-4-quantitative-submode-curves-new-st-3-par-1-meas-copy-copy","4-1-1-6-1-5 Quantitative-submode-curves-new-st_4-par_1-meas","canvas-4-1-2-1-4-quantitative-submode-curves-new-st-3-par-1-meas-copy-copy-text-26","4/4","4/4","machine-review-required"
"4-1-2-1-4-quantitative-submode-curves-new-st-3-par-1-meas-copy-copy","4-1-1-6-1-5 Quantitative-submode-curves-new-st_4-par_1-meas","canvas-4-1-2-1-4-quantitative-submode-curves-new-st-3-par-1-meas-copy-copy-text-27","1/3","1/3","machine-review-required"
"4-1-2-1-4-quantitative-submode-curves-new-st-3-par-1-meas-copy-copy","4-1-1-6-1-5 Quantitative-submode-curves-new-st_4-par_1-meas","canvas-4-1-2-1-4-quantitative-submode-curves-new-st-3-par-1-meas-copy-copy-text-33","3-1","3-1","machine-review-required"
"4-1-2-1-4-quantitative-submode-curves-new-st-3-par-1-meas-copy-copy","4-1-1-6-1-5 Quantitative-submode-curves-new-st_4-par_1-meas","canvas-4-1-2-1-4-quantitative-submode-curves-new-st-3-par-1-meas-copy-copy-text-34","0.3000","0.3000","machine-review-required"
"4-1-2-1-4-quantitative-submode-curves-new-st-3-par-1-meas-copy-copy","4-1-1-6-1-5 Quantitative-submode-curves-new-st_4-par_1-meas","canvas-4-1-2-1-4-quantitative-submode-curves-new-st-3-par-1-meas-copy-copy-text-38","0.306","0.306","machine-review-required"
"4-1-2-1-4-quantitative-submode-curves-new-st-3-par-1-meas-copy-copy","4-1-1-6-1-5 Quantitative-submode-curves-new-st_4-par_1-meas","canvas-4-1-2-1-4-quantitative-submode-curves-new-st-3-par-1-meas-copy-copy-text-41","4-1","4-1","machine-review-required"
"4-1-2-1-4-quantitative-submode-curves-new-st-3-par-1-meas-copy-copy","4-1-1-6-1-5 Quantitative-submode-curves-new-st_4-par_1-meas","canvas-4-1-2-1-4-quantitative-submode-curves-new-st-3-par-1-meas-copy-copy-text-42","0.4000","0.4000","machine-review-required"
"4-1-2-1-4-quantitative-submode-curves-new-st-3-par-1-meas-copy-copy","4-1-1-6-1-5 Quantitative-submode-curves-new-st_4-par_1-meas","canvas-4-1-2-1-4-quantitative-submode-curves-new-st-3-par-1-meas-copy-copy-text-43","0.409","0.409","machine-review-required"
"4-1-2-1-5-quantitative-submode-curves-new-st-4-par-1-meas-copy","4-1-1-6-1-6 Quantitative-submode-curves-new-st_1-par_2-meas","canvas-4-1-2-1-5-quantitative-submode-curves-new-st-4-par-1-meas-copy-text-1","Колич. анализ","数量分析","machine-review-required"
"4-1-2-1-5-quantitative-submode-curves-new-st-4-par-1-meas-copy","4-1-1-6-1-6 Quantitative-submode-curves-new-st_1-par_2-meas","canvas-4-1-2-1-5-quantitative-submode-curves-new-st-4-par-1-meas-copy-text-3","17:05","17:05","machine-review-required"
"4-1-2-1-5-quantitative-submode-curves-new-st-4-par-1-meas-copy","4-1-1-6-1-6 Quantitative-submode-curves-new-st_1-par_2-meas","canvas-4-1-2-1-5-quantitative-submode-curves-new-st-4-par-1-meas-copy-text-4","n=3","n=3","machine-review-required"
"4-1-2-1-5-quantitative-submode-curves-new-st-4-par-1-meas-copy","4-1-1-6-1-6 Quantitative-submode-curves-new-st_1-par_2-meas","canvas-4-1-2-1-5-quantitative-submode-curves-new-st-4-par-1-meas-copy-text-6","Градуировка","毕业","machine-review-required"
"4-1-2-1-5-quantitative-submode-curves-new-st-4-par-1-meas-copy","4-1-1-6-1-6 Quantitative-submode-curves-new-st_1-par_2-meas","canvas-4-1-2-1-5-quantitative-submode-curves-new-st-4-par-1-meas-copy-text-7","λ=1050.3 нм","λ=1050.3纳米","machine-review-required"
"4-1-2-1-5-quantitative-submode-curves-new-st-4-par-1-meas-copy","4-1-1-6-1-6 Quantitative-submode-curves-new-st_1-par_2-meas","canvas-4-1-2-1-5-quantitative-submode-curves-new-st-4-par-1-meas-copy-text-10","m-n","m-n","machine-review-required"
"4-1-2-1-5-quantitative-submode-curves-new-st-4-par-1-meas-copy","4-1-1-6-1-6 Quantitative-submode-curves-new-st_1-par_2-meas","canvas-4-1-2-1-5-quantitative-submode-curves-new-st-4-par-1-meas-copy-text-11","C","C","machine-review-required"
"4-1-2-1-5-quantitative-submode-curves-new-st-4-par-1-meas-copy","4-1-1-6-1-6 Quantitative-submode-curves-new-st_1-par_2-meas","canvas-4-1-2-1-5-quantitative-submode-curves-new-st-4-par-1-meas-copy-text-12","A","一个","machine-review-required"
"4-1-2-1-5-quantitative-submode-curves-new-st-4-par-1-meas-copy","4-1-1-6-1-6 Quantitative-submode-curves-new-st_1-par_2-meas","canvas-4-1-2-1-5-quantitative-submode-curves-new-st-4-par-1-meas-copy-text-13","3-1","3-1","machine-review-required"
"4-1-2-1-5-quantitative-submode-curves-new-st-4-par-1-meas-copy","4-1-1-6-1-6 Quantitative-submode-curves-new-st_1-par_2-meas","canvas-4-1-2-1-5-quantitative-submode-curves-new-st-4-par-1-meas-copy-text-19","A","一个","machine-review-required"
"4-1-2-1-5-quantitative-submode-curves-new-st-4-par-1-meas-copy","4-1-1-6-1-6 Quantitative-submode-curves-new-st_1-par_2-meas","canvas-4-1-2-1-5-quantitative-submode-curves-new-st-4-par-1-meas-copy-text-20","0.105","0.105","machine-review-required"
"4-1-2-1-5-quantitative-submode-curves-new-st-4-par-1-meas-copy","4-1-1-6-1-6 Quantitative-submode-curves-new-st_1-par_2-meas","canvas-4-1-2-1-5-quantitative-submode-curves-new-st-4-par-1-meas-copy-text-22","m","米","machine-review-required"
"4-1-2-1-5-quantitative-submode-curves-new-st-4-par-1-meas-copy","4-1-1-6-1-6 Quantitative-submode-curves-new-st_1-par_2-meas","canvas-4-1-2-1-5-quantitative-submode-curves-new-st-4-par-1-meas-copy-text-23","n","n","machine-review-required"
"4-1-2-1-5-quantitative-submode-curves-new-st-4-par-1-meas-copy","4-1-1-6-1-6 Quantitative-submode-curves-new-st_1-par_2-meas","canvas-4-1-2-1-5-quantitative-submode-curves-new-st-4-par-1-meas-copy-text-26","1/4","1/4","machine-review-required"
"4-1-2-1-5-quantitative-submode-curves-new-st-4-par-1-meas-copy","4-1-1-6-1-6 Quantitative-submode-curves-new-st_1-par_2-meas","canvas-4-1-2-1-5-quantitative-submode-curves-new-st-4-par-1-meas-copy-text-27","2/3","2/3","machine-review-required"
"4-1-2-1-5-quantitative-submode-curves-new-st-4-par-1-meas-copy","4-1-1-6-1-6 Quantitative-submode-curves-new-st_1-par_2-meas","canvas-4-1-2-1-5-quantitative-submode-curves-new-st-4-par-1-meas-copy-text-33","4-1","4-1","machine-review-required"
"4-1-2-1-5-quantitative-submode-curves-new-st-4-par-1-meas-copy","4-1-1-6-1-6 Quantitative-submode-curves-new-st_1-par_2-meas","canvas-4-1-2-1-5-quantitative-submode-curves-new-st-4-par-1-meas-copy-text-34","0.3000","0.3000","machine-review-required"
"4-1-2-1-5-quantitative-submode-curves-new-st-4-par-1-meas-copy","4-1-1-6-1-6 Quantitative-submode-curves-new-st_1-par_2-meas","canvas-4-1-2-1-5-quantitative-submode-curves-new-st-4-par-1-meas-copy-text-38","0.306","0.306","machine-review-required"
"4-1-2-1-5-quantitative-submode-curves-new-st-4-par-1-meas-copy","4-1-1-6-1-6 Quantitative-submode-curves-new-st_1-par_2-meas","canvas-4-1-2-1-5-quantitative-submode-curves-new-st-4-par-1-meas-copy-text-41","1-2","1-2","machine-review-required"
"4-1-2-1-5-quantitative-submode-curves-new-st-4-par-1-meas-copy","4-1-1-6-1-6 Quantitative-submode-curves-new-st_1-par_2-meas","canvas-4-1-2-1-5-quantitative-submode-curves-new-st-4-par-1-meas-copy-text-42","0.4000","0.4000","machine-review-required"
"4-1-2-1-5-quantitative-submode-curves-new-st-4-par-1-meas-copy","4-1-1-6-1-6 Quantitative-submode-curves-new-st_1-par_2-meas","canvas-4-1-2-1-5-quantitative-submode-curves-new-st-4-par-1-meas-copy-text-43","0.409","0.409","machine-review-required"
"4-1-2-1-5-quantitative-submode-curves-new-st-4-par-1-meas-copy","4-1-1-6-1-6 Quantitative-submode-curves-new-st_1-par_2-meas","canvas-4-1-2-1-5-quantitative-submode-curves-new-st-4-par-1-meas-copy-text-1782211409055","0.1000","0.1000","machine-review-required"
"4-1-2-1-5-quantitative-submode-curves-new-st-4-par-1-meas-copy","4-1-1-6-1-6 Quantitative-submode-curves-new-st_1-par_2-meas","canvas-4-1-2-1-5-quantitative-submode-curves-new-st-4-par-1-meas-copy-text-1782211429359","0.105","0.105","machine-review-required"
"4-1-2-1-6-quantitative-submode-curves-new-st-1-par-2-meas-copy","4-1-1-6-1-7 Quantitative-submode-curves-new-st_2-par_2-meas","canvas-4-1-2-1-6-quantitative-submode-curves-new-st-1-par-2-meas-copy-text-1","Колич. анализ","数量分析","machine-review-required"
"4-1-2-1-6-quantitative-submode-curves-new-st-1-par-2-meas-copy","4-1-1-6-1-7 Quantitative-submode-curves-new-st_2-par_2-meas","canvas-4-1-2-1-6-quantitative-submode-curves-new-st-1-par-2-meas-copy-text-3","17:05","17:05","machine-review-required"
"4-1-2-1-6-quantitative-submode-curves-new-st-1-par-2-meas-copy","4-1-1-6-1-7 Quantitative-submode-curves-new-st_2-par_2-meas","canvas-4-1-2-1-6-quantitative-submode-curves-new-st-1-par-2-meas-copy-text-4","n=3","n=3","machine-review-required"
"4-1-2-1-6-quantitative-submode-curves-new-st-1-par-2-meas-copy","4-1-1-6-1-7 Quantitative-submode-curves-new-st_2-par_2-meas","canvas-4-1-2-1-6-quantitative-submode-curves-new-st-1-par-2-meas-copy-text-6","Градуировка","毕业","machine-review-required"
"4-1-2-1-6-quantitative-submode-curves-new-st-1-par-2-meas-copy","4-1-1-6-1-7 Quantitative-submode-curves-new-st_2-par_2-meas","canvas-4-1-2-1-6-quantitative-submode-curves-new-st-1-par-2-meas-copy-text-7","λ=1050.3 нм","λ=1050.3纳米","machine-review-required"
"4-1-2-1-6-quantitative-submode-curves-new-st-1-par-2-meas-copy","4-1-1-6-1-7 Quantitative-submode-curves-new-st_2-par_2-meas","canvas-4-1-2-1-6-quantitative-submode-curves-new-st-1-par-2-meas-copy-text-10","m-n","m-n","machine-review-required"
"4-1-2-1-6-quantitative-submode-curves-new-st-1-par-2-meas-copy","4-1-1-6-1-7 Quantitative-submode-curves-new-st_2-par_2-meas","canvas-4-1-2-1-6-quantitative-submode-curves-new-st-1-par-2-meas-copy-text-11","C","C","machine-review-required"
"4-1-2-1-6-quantitative-submode-curves-new-st-1-par-2-meas-copy","4-1-1-6-1-7 Quantitative-submode-curves-new-st_2-par_2-meas","canvas-4-1-2-1-6-quantitative-submode-curves-new-st-1-par-2-meas-copy-text-12","A","一个","machine-review-required"
"4-1-2-1-6-quantitative-submode-curves-new-st-1-par-2-meas-copy","4-1-1-6-1-7 Quantitative-submode-curves-new-st_2-par_2-meas","canvas-4-1-2-1-6-quantitative-submode-curves-new-st-1-par-2-meas-copy-text-13","4-1","4-1","machine-review-required"
"4-1-2-1-6-quantitative-submode-curves-new-st-1-par-2-meas-copy","4-1-1-6-1-7 Quantitative-submode-curves-new-st_2-par_2-meas","canvas-4-1-2-1-6-quantitative-submode-curves-new-st-1-par-2-meas-copy-text-17","A","一个","machine-review-required"
"4-1-2-1-6-quantitative-submode-curves-new-st-1-par-2-meas-copy","4-1-1-6-1-7 Quantitative-submode-curves-new-st_2-par_2-meas","canvas-4-1-2-1-6-quantitative-submode-curves-new-st-1-par-2-meas-copy-text-18","0.408","0.408","machine-review-required"
"4-1-2-1-6-quantitative-submode-curves-new-st-1-par-2-meas-copy","4-1-1-6-1-7 Quantitative-submode-curves-new-st_2-par_2-meas","canvas-4-1-2-1-6-quantitative-submode-curves-new-st-1-par-2-meas-copy-text-20","m","米","machine-review-required"
"4-1-2-1-6-quantitative-submode-curves-new-st-1-par-2-meas-copy","4-1-1-6-1-7 Quantitative-submode-curves-new-st_2-par_2-meas","canvas-4-1-2-1-6-quantitative-submode-curves-new-st-1-par-2-meas-copy-text-21","n","n","machine-review-required"
"4-1-2-1-6-quantitative-submode-curves-new-st-1-par-2-meas-copy","4-1-1-6-1-7 Quantitative-submode-curves-new-st_2-par_2-meas","canvas-4-1-2-1-6-quantitative-submode-curves-new-st-1-par-2-meas-copy-text-24","2/4","2/4","machine-review-required"
"4-1-2-1-6-quantitative-submode-curves-new-st-1-par-2-meas-copy","4-1-1-6-1-7 Quantitative-submode-curves-new-st_2-par_2-meas","canvas-4-1-2-1-6-quantitative-submode-curves-new-st-1-par-2-meas-copy-text-25","2/3","2/3","machine-review-required"
"4-1-2-1-6-quantitative-submode-curves-new-st-1-par-2-meas-copy","4-1-1-6-1-7 Quantitative-submode-curves-new-st_2-par_2-meas","canvas-4-1-2-1-6-quantitative-submode-curves-new-st-1-par-2-meas-copy-text-31","1-2","1-2","machine-review-required"
"4-1-2-1-6-quantitative-submode-curves-new-st-1-par-2-meas-copy","4-1-1-6-1-7 Quantitative-submode-curves-new-st_2-par_2-meas","canvas-4-1-2-1-6-quantitative-submode-curves-new-st-1-par-2-meas-copy-text-32","0.4000","0.4000","machine-review-required"
"4-1-2-1-6-quantitative-submode-curves-new-st-1-par-2-meas-copy","4-1-1-6-1-7 Quantitative-submode-curves-new-st_2-par_2-meas","canvas-4-1-2-1-6-quantitative-submode-curves-new-st-1-par-2-meas-copy-text-36","0.409","0.409","machine-review-required"
"4-1-2-1-6-quantitative-submode-curves-new-st-1-par-2-meas-copy","4-1-1-6-1-7 Quantitative-submode-curves-new-st_2-par_2-meas","canvas-4-1-2-1-6-quantitative-submode-curves-new-st-1-par-2-meas-copy-text-39","2-2","2-2","machine-review-required"
"4-1-2-1-6-quantitative-submode-curves-new-st-1-par-2-meas-copy","4-1-1-6-1-7 Quantitative-submode-curves-new-st_2-par_2-meas","canvas-4-1-2-1-6-quantitative-submode-curves-new-st-1-par-2-meas-copy-text-40","0.1000","0.1000","machine-review-required"
"4-1-2-1-6-quantitative-submode-curves-new-st-1-par-2-meas-copy","4-1-1-6-1-7 Quantitative-submode-curves-new-st_2-par_2-meas","canvas-4-1-2-1-6-quantitative-submode-curves-new-st-1-par-2-meas-copy-text-41","0.105","0.105","machine-review-required"
"4-1-2-1-6-quantitative-submode-curves-new-st-1-par-2-meas-copy","4-1-1-6-1-7 Quantitative-submode-curves-new-st_2-par_2-meas","canvas-4-1-2-1-6-quantitative-submode-curves-new-st-1-par-2-meas-copy-text-42","0.2000","0.2000","machine-review-required"
"4-1-2-1-6-quantitative-submode-curves-new-st-1-par-2-meas-copy","4-1-1-6-1-7 Quantitative-submode-curves-new-st_2-par_2-meas","canvas-4-1-2-1-6-quantitative-submode-curves-new-st-1-par-2-meas-copy-text-43","0.204","0.204","machine-review-required"
"4-1-2-1-7-quantitative-submode-curves-new-st-2-par-2-meas-copy","4-1-1-6-1-8 Quantitative-submode-curves-new-st_3-par_2-meas","canvas-4-1-2-1-7-quantitative-submode-curves-new-st-2-par-2-meas-copy-text-1","Колич. анализ","数量分析","machine-review-required"
"4-1-2-1-7-quantitative-submode-curves-new-st-2-par-2-meas-copy","4-1-1-6-1-8 Quantitative-submode-curves-new-st_3-par_2-meas","canvas-4-1-2-1-7-quantitative-submode-curves-new-st-2-par-2-meas-copy-text-3","17:05","17:05","machine-review-required"
"4-1-2-1-7-quantitative-submode-curves-new-st-2-par-2-meas-copy","4-1-1-6-1-8 Quantitative-submode-curves-new-st_3-par_2-meas","canvas-4-1-2-1-7-quantitative-submode-curves-new-st-2-par-2-meas-copy-text-4","n=3","n=3","machine-review-required"
"4-1-2-1-7-quantitative-submode-curves-new-st-2-par-2-meas-copy","4-1-1-6-1-8 Quantitative-submode-curves-new-st_3-par_2-meas","canvas-4-1-2-1-7-quantitative-submode-curves-new-st-2-par-2-meas-copy-text-6","Градуировка","毕业","machine-review-required"
"4-1-2-1-7-quantitative-submode-curves-new-st-2-par-2-meas-copy","4-1-1-6-1-8 Quantitative-submode-curves-new-st_3-par_2-meas","canvas-4-1-2-1-7-quantitative-submode-curves-new-st-2-par-2-meas-copy-text-7","λ=1050.3 нм","λ=1050.3纳米","machine-review-required"
"4-1-2-1-7-quantitative-submode-curves-new-st-2-par-2-meas-copy","4-1-1-6-1-8 Quantitative-submode-curves-new-st_3-par_2-meas","canvas-4-1-2-1-7-quantitative-submode-curves-new-st-2-par-2-meas-copy-text-10","m-n","m-n","machine-review-required"
"4-1-2-1-7-quantitative-submode-curves-new-st-2-par-2-meas-copy","4-1-1-6-1-8 Quantitative-submode-curves-new-st_3-par_2-meas","canvas-4-1-2-1-7-quantitative-submode-curves-new-st-2-par-2-meas-copy-text-11","C","C","machine-review-required"
"4-1-2-1-7-quantitative-submode-curves-new-st-2-par-2-meas-copy","4-1-1-6-1-8 Quantitative-submode-curves-new-st_3-par_2-meas","canvas-4-1-2-1-7-quantitative-submode-curves-new-st-2-par-2-meas-copy-text-12","A","一个","machine-review-required"
"4-1-2-1-7-quantitative-submode-curves-new-st-2-par-2-meas-copy","4-1-1-6-1-8 Quantitative-submode-curves-new-st_3-par_2-meas","canvas-4-1-2-1-7-quantitative-submode-curves-new-st-2-par-2-meas-copy-text-13","1-2","1-2","machine-review-required"
"4-1-2-1-7-quantitative-submode-curves-new-st-2-par-2-meas-copy","4-1-1-6-1-8 Quantitative-submode-curves-new-st_3-par_2-meas","canvas-4-1-2-1-7-quantitative-submode-curves-new-st-2-par-2-meas-copy-text-17","A","一个","machine-review-required"
"4-1-2-1-7-quantitative-submode-curves-new-st-2-par-2-meas-copy","4-1-1-6-1-8 Quantitative-submode-curves-new-st_3-par_2-meas","canvas-4-1-2-1-7-quantitative-submode-curves-new-st-2-par-2-meas-copy-text-18","0.308","0.308","machine-review-required"
"4-1-2-1-7-quantitative-submode-curves-new-st-2-par-2-meas-copy","4-1-1-6-1-8 Quantitative-submode-curves-new-st_3-par_2-meas","canvas-4-1-2-1-7-quantitative-submode-curves-new-st-2-par-2-meas-copy-text-20","m","米","machine-review-required"
"4-1-2-1-7-quantitative-submode-curves-new-st-2-par-2-meas-copy","4-1-1-6-1-8 Quantitative-submode-curves-new-st_3-par_2-meas","canvas-4-1-2-1-7-quantitative-submode-curves-new-st-2-par-2-meas-copy-text-21","n","n","machine-review-required"
"4-1-2-1-7-quantitative-submode-curves-new-st-2-par-2-meas-copy","4-1-1-6-1-8 Quantitative-submode-curves-new-st_3-par_2-meas","canvas-4-1-2-1-7-quantitative-submode-curves-new-st-2-par-2-meas-copy-text-24","3/4","3/4","machine-review-required"
"4-1-2-1-7-quantitative-submode-curves-new-st-2-par-2-meas-copy","4-1-1-6-1-8 Quantitative-submode-curves-new-st_3-par_2-meas","canvas-4-1-2-1-7-quantitative-submode-curves-new-st-2-par-2-meas-copy-text-25","2/3","2/3","machine-review-required"
"4-1-2-1-7-quantitative-submode-curves-new-st-2-par-2-meas-copy","4-1-1-6-1-8 Quantitative-submode-curves-new-st_3-par_2-meas","canvas-4-1-2-1-7-quantitative-submode-curves-new-st-2-par-2-meas-copy-text-31","2-2","2-2","machine-review-required"
"4-1-2-1-7-quantitative-submode-curves-new-st-2-par-2-meas-copy","4-1-1-6-1-8 Quantitative-submode-curves-new-st_3-par_2-meas","canvas-4-1-2-1-7-quantitative-submode-curves-new-st-2-par-2-meas-copy-text-32","0.1000","0.1000","machine-review-required"
"4-1-2-1-7-quantitative-submode-curves-new-st-2-par-2-meas-copy","4-1-1-6-1-8 Quantitative-submode-curves-new-st_3-par_2-meas","canvas-4-1-2-1-7-quantitative-submode-curves-new-st-2-par-2-meas-copy-text-36","0.105","0.105","machine-review-required"
"4-1-2-1-7-quantitative-submode-curves-new-st-2-par-2-meas-copy","4-1-1-6-1-8 Quantitative-submode-curves-new-st_3-par_2-meas","canvas-4-1-2-1-7-quantitative-submode-curves-new-st-2-par-2-meas-copy-text-39","3-2","3-2","machine-review-required"
"4-1-2-1-7-quantitative-submode-curves-new-st-2-par-2-meas-copy","4-1-1-6-1-8 Quantitative-submode-curves-new-st_3-par_2-meas","canvas-4-1-2-1-7-quantitative-submode-curves-new-st-2-par-2-meas-copy-text-40","0.2000","0.2000","machine-review-required"
"4-1-2-1-7-quantitative-submode-curves-new-st-2-par-2-meas-copy","4-1-1-6-1-8 Quantitative-submode-curves-new-st_3-par_2-meas","canvas-4-1-2-1-7-quantitative-submode-curves-new-st-2-par-2-meas-copy-text-41","0.204","0.204","machine-review-required"
"4-1-2-1-7-quantitative-submode-curves-new-st-2-par-2-meas-copy","4-1-1-6-1-8 Quantitative-submode-curves-new-st_3-par_2-meas","canvas-4-1-2-1-7-quantitative-submode-curves-new-st-2-par-2-meas-copy-text-42","0.3000","0.3000","machine-review-required"
"4-1-2-1-7-quantitative-submode-curves-new-st-2-par-2-meas-copy","4-1-1-6-1-8 Quantitative-submode-curves-new-st_3-par_2-meas","canvas-4-1-2-1-7-quantitative-submode-curves-new-st-2-par-2-meas-copy-text-43","0.308","0.308","machine-review-required"
"4-1-2-1-8-quantitative-submode-curves-new-st-3-par-2-meas-copy","4-1-1-6-1-9 Quantitative-submode-curves-new-st_4-par_2-meas","canvas-4-1-2-1-8-quantitative-submode-curves-new-st-3-par-2-meas-copy-text-1","Колич. анализ","数量分析","machine-review-required"
"4-1-2-1-8-quantitative-submode-curves-new-st-3-par-2-meas-copy","4-1-1-6-1-9 Quantitative-submode-curves-new-st_4-par_2-meas","canvas-4-1-2-1-8-quantitative-submode-curves-new-st-3-par-2-meas-copy-text-3","17:05","17:05","machine-review-required"
"4-1-2-1-8-quantitative-submode-curves-new-st-3-par-2-meas-copy","4-1-1-6-1-9 Quantitative-submode-curves-new-st_4-par_2-meas","canvas-4-1-2-1-8-quantitative-submode-curves-new-st-3-par-2-meas-copy-text-4","n=3","n=3","machine-review-required"
"4-1-2-1-8-quantitative-submode-curves-new-st-3-par-2-meas-copy","4-1-1-6-1-9 Quantitative-submode-curves-new-st_4-par_2-meas","canvas-4-1-2-1-8-quantitative-submode-curves-new-st-3-par-2-meas-copy-text-6","Градуировка","毕业","machine-review-required"
"4-1-2-1-8-quantitative-submode-curves-new-st-3-par-2-meas-copy","4-1-1-6-1-9 Quantitative-submode-curves-new-st_4-par_2-meas","canvas-4-1-2-1-8-quantitative-submode-curves-new-st-3-par-2-meas-copy-text-7","λ=1050.3 нм","λ=1050.3纳米","machine-review-required"
"4-1-2-1-8-quantitative-submode-curves-new-st-3-par-2-meas-copy","4-1-1-6-1-9 Quantitative-submode-curves-new-st_4-par_2-meas","canvas-4-1-2-1-8-quantitative-submode-curves-new-st-3-par-2-meas-copy-text-10","m-n","m-n","machine-review-required"
"4-1-2-1-8-quantitative-submode-curves-new-st-3-par-2-meas-copy","4-1-1-6-1-9 Quantitative-submode-curves-new-st_4-par_2-meas","canvas-4-1-2-1-8-quantitative-submode-curves-new-st-3-par-2-meas-copy-text-11","C","C","machine-review-required"
"4-1-2-1-8-quantitative-submode-curves-new-st-3-par-2-meas-copy","4-1-1-6-1-9 Quantitative-submode-curves-new-st_4-par_2-meas","canvas-4-1-2-1-8-quantitative-submode-curves-new-st-3-par-2-meas-copy-text-12","A","一个","machine-review-required"
"4-1-2-1-8-quantitative-submode-curves-new-st-3-par-2-meas-copy","4-1-1-6-1-9 Quantitative-submode-curves-new-st_4-par_2-meas","canvas-4-1-2-1-8-quantitative-submode-curves-new-st-3-par-2-meas-copy-text-13","2-2","2-2","machine-review-required"
"4-1-2-1-8-quantitative-submode-curves-new-st-3-par-2-meas-copy","4-1-1-6-1-9 Quantitative-submode-curves-new-st_4-par_2-meas","canvas-4-1-2-1-8-quantitative-submode-curves-new-st-3-par-2-meas-copy-text-17","A","一个","machine-review-required"
"4-1-2-1-8-quantitative-submode-curves-new-st-3-par-2-meas-copy","4-1-1-6-1-9 Quantitative-submode-curves-new-st_4-par_2-meas","canvas-4-1-2-1-8-quantitative-submode-curves-new-st-3-par-2-meas-copy-text-18","0.408","0.408","machine-review-required"
"4-1-2-1-8-quantitative-submode-curves-new-st-3-par-2-meas-copy","4-1-1-6-1-9 Quantitative-submode-curves-new-st_4-par_2-meas","canvas-4-1-2-1-8-quantitative-submode-curves-new-st-3-par-2-meas-copy-text-20","m","米","machine-review-required"
"4-1-2-1-8-quantitative-submode-curves-new-st-3-par-2-meas-copy","4-1-1-6-1-9 Quantitative-submode-curves-new-st_4-par_2-meas","canvas-4-1-2-1-8-quantitative-submode-curves-new-st-3-par-2-meas-copy-text-21","n","n","machine-review-required"
"4-1-2-1-8-quantitative-submode-curves-new-st-3-par-2-meas-copy","4-1-1-6-1-9 Quantitative-submode-curves-new-st_4-par_2-meas","canvas-4-1-2-1-8-quantitative-submode-curves-new-st-3-par-2-meas-copy-text-24","4/4","4/4","machine-review-required"
"4-1-2-1-8-quantitative-submode-curves-new-st-3-par-2-meas-copy","4-1-1-6-1-9 Quantitative-submode-curves-new-st_4-par_2-meas","canvas-4-1-2-1-8-quantitative-submode-curves-new-st-3-par-2-meas-copy-text-25","2/3","2/3","machine-review-required"
"4-1-2-1-8-quantitative-submode-curves-new-st-3-par-2-meas-copy","4-1-1-6-1-9 Quantitative-submode-curves-new-st_4-par_2-meas","canvas-4-1-2-1-8-quantitative-submode-curves-new-st-3-par-2-meas-copy-text-31","3-2","3-2","machine-review-required"
"4-1-2-1-8-quantitative-submode-curves-new-st-3-par-2-meas-copy","4-1-1-6-1-9 Quantitative-submode-curves-new-st_4-par_2-meas","canvas-4-1-2-1-8-quantitative-submode-curves-new-st-3-par-2-meas-copy-text-32","0.2000","0.2000","machine-review-required"
"4-1-2-1-8-quantitative-submode-curves-new-st-3-par-2-meas-copy","4-1-1-6-1-9 Quantitative-submode-curves-new-st_4-par_2-meas","canvas-4-1-2-1-8-quantitative-submode-curves-new-st-3-par-2-meas-copy-text-36","0.204","0.204","machine-review-required"
"4-1-2-1-8-quantitative-submode-curves-new-st-3-par-2-meas-copy","4-1-1-6-1-9 Quantitative-submode-curves-new-st_4-par_2-meas","canvas-4-1-2-1-8-quantitative-submode-curves-new-st-3-par-2-meas-copy-text-39","4-2","4-2","machine-review-required"
"4-1-2-1-8-quantitative-submode-curves-new-st-3-par-2-meas-copy","4-1-1-6-1-9 Quantitative-submode-curves-new-st_4-par_2-meas","canvas-4-1-2-1-8-quantitative-submode-curves-new-st-3-par-2-meas-copy-text-40","0.3000","0.3000","machine-review-required"
"4-1-2-1-8-quantitative-submode-curves-new-st-3-par-2-meas-copy","4-1-1-6-1-9 Quantitative-submode-curves-new-st_4-par_2-meas","canvas-4-1-2-1-8-quantitative-submode-curves-new-st-3-par-2-meas-copy-text-41","0.308","0.308","machine-review-required"
"4-1-2-1-8-quantitative-submode-curves-new-st-3-par-2-meas-copy","4-1-1-6-1-9 Quantitative-submode-curves-new-st_4-par_2-meas","canvas-4-1-2-1-8-quantitative-submode-curves-new-st-3-par-2-meas-copy-text-42","0.4000","0.4000","machine-review-required"
"4-1-2-1-8-quantitative-submode-curves-new-st-3-par-2-meas-copy","4-1-1-6-1-9 Quantitative-submode-curves-new-st_4-par_2-meas","canvas-4-1-2-1-8-quantitative-submode-curves-new-st-3-par-2-meas-copy-text-43","0.409","0.409","machine-review-required"
"4-1-2-1-9-quantitative-submode-curves-new-st-4-par-2-meas-copy","4-1-1-6-1-10 Quantitative-submode-curves-new-st_1-par_3-meas","canvas-4-1-2-1-9-quantitative-submode-curves-new-st-4-par-2-meas-copy-text-1","Колич. анализ","数量分析","machine-review-required"
"4-1-2-1-9-quantitative-submode-curves-new-st-4-par-2-meas-copy","4-1-1-6-1-10 Quantitative-submode-curves-new-st_1-par_3-meas","canvas-4-1-2-1-9-quantitative-submode-curves-new-st-4-par-2-meas-copy-text-3","17:05","17:05","machine-review-required"
"4-1-2-1-9-quantitative-submode-curves-new-st-4-par-2-meas-copy","4-1-1-6-1-10 Quantitative-submode-curves-new-st_1-par_3-meas","canvas-4-1-2-1-9-quantitative-submode-curves-new-st-4-par-2-meas-copy-text-4","n=3","n=3","machine-review-required"
"4-1-2-1-9-quantitative-submode-curves-new-st-4-par-2-meas-copy","4-1-1-6-1-10 Quantitative-submode-curves-new-st_1-par_3-meas","canvas-4-1-2-1-9-quantitative-submode-curves-new-st-4-par-2-meas-copy-text-6","Градуировка","毕业","machine-review-required"
"4-1-2-1-9-quantitative-submode-curves-new-st-4-par-2-meas-copy","4-1-1-6-1-10 Quantitative-submode-curves-new-st_1-par_3-meas","canvas-4-1-2-1-9-quantitative-submode-curves-new-st-4-par-2-meas-copy-text-7","λ=1050.3 нм","λ=1050.3纳米","machine-review-required"
"4-1-2-1-9-quantitative-submode-curves-new-st-4-par-2-meas-copy","4-1-1-6-1-10 Quantitative-submode-curves-new-st_1-par_3-meas","canvas-4-1-2-1-9-quantitative-submode-curves-new-st-4-par-2-meas-copy-text-10","m-n","m-n","machine-review-required"
"4-1-2-1-9-quantitative-submode-curves-new-st-4-par-2-meas-copy","4-1-1-6-1-10 Quantitative-submode-curves-new-st_1-par_3-meas","canvas-4-1-2-1-9-quantitative-submode-curves-new-st-4-par-2-meas-copy-text-11","C","C","machine-review-required"
"4-1-2-1-9-quantitative-submode-curves-new-st-4-par-2-meas-copy","4-1-1-6-1-10 Quantitative-submode-curves-new-st_1-par_3-meas","canvas-4-1-2-1-9-quantitative-submode-curves-new-st-4-par-2-meas-copy-text-12","A","一个","machine-review-required"
"4-1-2-1-9-quantitative-submode-curves-new-st-4-par-2-meas-copy","4-1-1-6-1-10 Quantitative-submode-curves-new-st_1-par_3-meas","canvas-4-1-2-1-9-quantitative-submode-curves-new-st-4-par-2-meas-copy-text-13","3-2","3-2","machine-review-required"
"4-1-2-1-9-quantitative-submode-curves-new-st-4-par-2-meas-copy","4-1-1-6-1-10 Quantitative-submode-curves-new-st_1-par_3-meas","canvas-4-1-2-1-9-quantitative-submode-curves-new-st-4-par-2-meas-copy-text-17","A","一个","machine-review-required"
"4-1-2-1-9-quantitative-submode-curves-new-st-4-par-2-meas-copy","4-1-1-6-1-10 Quantitative-submode-curves-new-st_1-par_3-meas","canvas-4-1-2-1-9-quantitative-submode-curves-new-st-4-par-2-meas-copy-text-18","0.108","0.108","machine-review-required"
"4-1-2-1-9-quantitative-submode-curves-new-st-4-par-2-meas-copy","4-1-1-6-1-10 Quantitative-submode-curves-new-st_1-par_3-meas","canvas-4-1-2-1-9-quantitative-submode-curves-new-st-4-par-2-meas-copy-text-20","m","米","machine-review-required"
"4-1-2-1-9-quantitative-submode-curves-new-st-4-par-2-meas-copy","4-1-1-6-1-10 Quantitative-submode-curves-new-st_1-par_3-meas","canvas-4-1-2-1-9-quantitative-submode-curves-new-st-4-par-2-meas-copy-text-21","n","n","machine-review-required"
"4-1-2-1-9-quantitative-submode-curves-new-st-4-par-2-meas-copy","4-1-1-6-1-10 Quantitative-submode-curves-new-st_1-par_3-meas","canvas-4-1-2-1-9-quantitative-submode-curves-new-st-4-par-2-meas-copy-text-24","1/4","1/4","machine-review-required"
"4-1-2-1-9-quantitative-submode-curves-new-st-4-par-2-meas-copy","4-1-1-6-1-10 Quantitative-submode-curves-new-st_1-par_3-meas","canvas-4-1-2-1-9-quantitative-submode-curves-new-st-4-par-2-meas-copy-text-25","3/3","3/3","machine-review-required"
"4-1-2-1-9-quantitative-submode-curves-new-st-4-par-2-meas-copy","4-1-1-6-1-10 Quantitative-submode-curves-new-st_1-par_3-meas","canvas-4-1-2-1-9-quantitative-submode-curves-new-st-4-par-2-meas-copy-text-31","4-2","4-2","machine-review-required"
"4-1-2-1-9-quantitative-submode-curves-new-st-4-par-2-meas-copy","4-1-1-6-1-10 Quantitative-submode-curves-new-st_1-par_3-meas","canvas-4-1-2-1-9-quantitative-submode-curves-new-st-4-par-2-meas-copy-text-32","0.3000","0.3000","machine-review-required"
"4-1-2-1-9-quantitative-submode-curves-new-st-4-par-2-meas-copy","4-1-1-6-1-10 Quantitative-submode-curves-new-st_1-par_3-meas","canvas-4-1-2-1-9-quantitative-submode-curves-new-st-4-par-2-meas-copy-text-36","0.308","0.308","machine-review-required"
"4-1-2-1-9-quantitative-submode-curves-new-st-4-par-2-meas-copy","4-1-1-6-1-10 Quantitative-submode-curves-new-st_1-par_3-meas","canvas-4-1-2-1-9-quantitative-submode-curves-new-st-4-par-2-meas-copy-text-39","1-3","1-3","machine-review-required"
"4-1-2-1-9-quantitative-submode-curves-new-st-4-par-2-meas-copy","4-1-1-6-1-10 Quantitative-submode-curves-new-st_1-par_3-meas","canvas-4-1-2-1-9-quantitative-submode-curves-new-st-4-par-2-meas-copy-text-40","0.4000","0.4000","machine-review-required"
"4-1-2-1-9-quantitative-submode-curves-new-st-4-par-2-meas-copy","4-1-1-6-1-10 Quantitative-submode-curves-new-st_1-par_3-meas","canvas-4-1-2-1-9-quantitative-submode-curves-new-st-4-par-2-meas-copy-text-41","0.409","0.409","machine-review-required"
"4-1-2-1-9-quantitative-submode-curves-new-st-4-par-2-meas-copy","4-1-1-6-1-10 Quantitative-submode-curves-new-st_1-par_3-meas","canvas-4-1-2-1-9-quantitative-submode-curves-new-st-4-par-2-meas-copy-text-42","0.1000","0.1000","machine-review-required"
"4-1-2-1-9-quantitative-submode-curves-new-st-4-par-2-meas-copy","4-1-1-6-1-10 Quantitative-submode-curves-new-st_1-par_3-meas","canvas-4-1-2-1-9-quantitative-submode-curves-new-st-4-par-2-meas-copy-text-43","0.108","0.108","machine-review-required"
"4-1-2-1-10-quantitative-submode-curves-new-st-1-par-3-meas-copy","4-1-1-6-1-11 Quantitative-submode-curves-new-st_2-par_3-meas","canvas-4-1-2-1-10-quantitative-submode-curves-new-st-1-par-3-meas-copy-text-1","Колич. анализ","数量分析","machine-review-required"
"4-1-2-1-10-quantitative-submode-curves-new-st-1-par-3-meas-copy","4-1-1-6-1-11 Quantitative-submode-curves-new-st_2-par_3-meas","canvas-4-1-2-1-10-quantitative-submode-curves-new-st-1-par-3-meas-copy-text-3","17:05","17:05","machine-review-required"
"4-1-2-1-10-quantitative-submode-curves-new-st-1-par-3-meas-copy","4-1-1-6-1-11 Quantitative-submode-curves-new-st_2-par_3-meas","canvas-4-1-2-1-10-quantitative-submode-curves-new-st-1-par-3-meas-copy-text-4","n=3","n=3","machine-review-required"
"4-1-2-1-10-quantitative-submode-curves-new-st-1-par-3-meas-copy","4-1-1-6-1-11 Quantitative-submode-curves-new-st_2-par_3-meas","canvas-4-1-2-1-10-quantitative-submode-curves-new-st-1-par-3-meas-copy-text-6","Градуировка","毕业","machine-review-required"
"4-1-2-1-10-quantitative-submode-curves-new-st-1-par-3-meas-copy","4-1-1-6-1-11 Quantitative-submode-curves-new-st_2-par_3-meas","canvas-4-1-2-1-10-quantitative-submode-curves-new-st-1-par-3-meas-copy-text-7","λ=1050.3 нм","λ=1050.3纳米","machine-review-required"
"4-1-2-1-10-quantitative-submode-curves-new-st-1-par-3-meas-copy","4-1-1-6-1-11 Quantitative-submode-curves-new-st_2-par_3-meas","canvas-4-1-2-1-10-quantitative-submode-curves-new-st-1-par-3-meas-copy-text-10","m-n","m-n","machine-review-required"
"4-1-2-1-10-quantitative-submode-curves-new-st-1-par-3-meas-copy","4-1-1-6-1-11 Quantitative-submode-curves-new-st_2-par_3-meas","canvas-4-1-2-1-10-quantitative-submode-curves-new-st-1-par-3-meas-copy-text-11","C","C","machine-review-required"
"4-1-2-1-10-quantitative-submode-curves-new-st-1-par-3-meas-copy","4-1-1-6-1-11 Quantitative-submode-curves-new-st_2-par_3-meas","canvas-4-1-2-1-10-quantitative-submode-curves-new-st-1-par-3-meas-copy-text-12","A","一个","machine-review-required"
"4-1-2-1-10-quantitative-submode-curves-new-st-1-par-3-meas-copy","4-1-1-6-1-11 Quantitative-submode-curves-new-st_2-par_3-meas","canvas-4-1-2-1-10-quantitative-submode-curves-new-st-1-par-3-meas-copy-text-13","4-2","4-2","machine-review-required"
"4-1-2-1-10-quantitative-submode-curves-new-st-1-par-3-meas-copy","4-1-1-6-1-11 Quantitative-submode-curves-new-st_2-par_3-meas","canvas-4-1-2-1-10-quantitative-submode-curves-new-st-1-par-3-meas-copy-text-17","A","一个","machine-review-required"
"4-1-2-1-10-quantitative-submode-curves-new-st-1-par-3-meas-copy","4-1-1-6-1-11 Quantitative-submode-curves-new-st_2-par_3-meas","canvas-4-1-2-1-10-quantitative-submode-curves-new-st-1-par-3-meas-copy-text-18","0.206","0.206","machine-review-required"
"4-1-2-1-10-quantitative-submode-curves-new-st-1-par-3-meas-copy","4-1-1-6-1-11 Quantitative-submode-curves-new-st_2-par_3-meas","canvas-4-1-2-1-10-quantitative-submode-curves-new-st-1-par-3-meas-copy-text-20","m","米","machine-review-required"
"4-1-2-1-10-quantitative-submode-curves-new-st-1-par-3-meas-copy","4-1-1-6-1-11 Quantitative-submode-curves-new-st_2-par_3-meas","canvas-4-1-2-1-10-quantitative-submode-curves-new-st-1-par-3-meas-copy-text-21","n","n","machine-review-required"
"4-1-2-1-10-quantitative-submode-curves-new-st-1-par-3-meas-copy","4-1-1-6-1-11 Quantitative-submode-curves-new-st_2-par_3-meas","canvas-4-1-2-1-10-quantitative-submode-curves-new-st-1-par-3-meas-copy-text-24","2/4","2/4","machine-review-required"
"4-1-2-1-10-quantitative-submode-curves-new-st-1-par-3-meas-copy","4-1-1-6-1-11 Quantitative-submode-curves-new-st_2-par_3-meas","canvas-4-1-2-1-10-quantitative-submode-curves-new-st-1-par-3-meas-copy-text-25","3/3","3/3","machine-review-required"
"4-1-2-1-10-quantitative-submode-curves-new-st-1-par-3-meas-copy","4-1-1-6-1-11 Quantitative-submode-curves-new-st_2-par_3-meas","canvas-4-1-2-1-10-quantitative-submode-curves-new-st-1-par-3-meas-copy-text-31","1-3","1-3","machine-review-required"
"4-1-2-1-10-quantitative-submode-curves-new-st-1-par-3-meas-copy","4-1-1-6-1-11 Quantitative-submode-curves-new-st_2-par_3-meas","canvas-4-1-2-1-10-quantitative-submode-curves-new-st-1-par-3-meas-copy-text-32","0.4000","0.4000","machine-review-required"
"4-1-2-1-10-quantitative-submode-curves-new-st-1-par-3-meas-copy","4-1-1-6-1-11 Quantitative-submode-curves-new-st_2-par_3-meas","canvas-4-1-2-1-10-quantitative-submode-curves-new-st-1-par-3-meas-copy-text-36","0.409","0.409","machine-review-required"
"4-1-2-1-10-quantitative-submode-curves-new-st-1-par-3-meas-copy","4-1-1-6-1-11 Quantitative-submode-curves-new-st_2-par_3-meas","canvas-4-1-2-1-10-quantitative-submode-curves-new-st-1-par-3-meas-copy-text-39","2-3","2-3","machine-review-required"
"4-1-2-1-10-quantitative-submode-curves-new-st-1-par-3-meas-copy","4-1-1-6-1-11 Quantitative-submode-curves-new-st_2-par_3-meas","canvas-4-1-2-1-10-quantitative-submode-curves-new-st-1-par-3-meas-copy-text-40","0.1000","0.1000","machine-review-required"
"4-1-2-1-10-quantitative-submode-curves-new-st-1-par-3-meas-copy","4-1-1-6-1-11 Quantitative-submode-curves-new-st_2-par_3-meas","canvas-4-1-2-1-10-quantitative-submode-curves-new-st-1-par-3-meas-copy-text-41","0.108","0.108","machine-review-required"
"4-1-2-1-10-quantitative-submode-curves-new-st-1-par-3-meas-copy","4-1-1-6-1-11 Quantitative-submode-curves-new-st_2-par_3-meas","canvas-4-1-2-1-10-quantitative-submode-curves-new-st-1-par-3-meas-copy-text-42","0.2000","0.2000","machine-review-required"
"4-1-2-1-10-quantitative-submode-curves-new-st-1-par-3-meas-copy","4-1-1-6-1-11 Quantitative-submode-curves-new-st_2-par_3-meas","canvas-4-1-2-1-10-quantitative-submode-curves-new-st-1-par-3-meas-copy-text-43","0.206","0.206","machine-review-required"
"4-1-2-1-11-quantitative-submode-curves-new-st-2-par-3-meas-copy","4-1-1-6-1-12 Quantitative-submode-curves-new-st_3-par_3-meas","canvas-4-1-2-1-11-quantitative-submode-curves-new-st-2-par-3-meas-copy-text-1","Колич. анализ","数量分析","machine-review-required"
"4-1-2-1-11-quantitative-submode-curves-new-st-2-par-3-meas-copy","4-1-1-6-1-12 Quantitative-submode-curves-new-st_3-par_3-meas","canvas-4-1-2-1-11-quantitative-submode-curves-new-st-2-par-3-meas-copy-text-3","17:05","17:05","machine-review-required"
"4-1-2-1-11-quantitative-submode-curves-new-st-2-par-3-meas-copy","4-1-1-6-1-12 Quantitative-submode-curves-new-st_3-par_3-meas","canvas-4-1-2-1-11-quantitative-submode-curves-new-st-2-par-3-meas-copy-text-4","n=3","n=3","machine-review-required"
"4-1-2-1-11-quantitative-submode-curves-new-st-2-par-3-meas-copy","4-1-1-6-1-12 Quantitative-submode-curves-new-st_3-par_3-meas","canvas-4-1-2-1-11-quantitative-submode-curves-new-st-2-par-3-meas-copy-text-6","Градуировка","毕业","machine-review-required"
"4-1-2-1-11-quantitative-submode-curves-new-st-2-par-3-meas-copy","4-1-1-6-1-12 Quantitative-submode-curves-new-st_3-par_3-meas","canvas-4-1-2-1-11-quantitative-submode-curves-new-st-2-par-3-meas-copy-text-7","λ=1050.3 нм","λ=1050.3纳米","machine-review-required"
"4-1-2-1-11-quantitative-submode-curves-new-st-2-par-3-meas-copy","4-1-1-6-1-12 Quantitative-submode-curves-new-st_3-par_3-meas","canvas-4-1-2-1-11-quantitative-submode-curves-new-st-2-par-3-meas-copy-text-10","m-n","m-n","machine-review-required"
"4-1-2-1-11-quantitative-submode-curves-new-st-2-par-3-meas-copy","4-1-1-6-1-12 Quantitative-submode-curves-new-st_3-par_3-meas","canvas-4-1-2-1-11-quantitative-submode-curves-new-st-2-par-3-meas-copy-text-11","C","C","machine-review-required"
"4-1-2-1-11-quantitative-submode-curves-new-st-2-par-3-meas-copy","4-1-1-6-1-12 Quantitative-submode-curves-new-st_3-par_3-meas","canvas-4-1-2-1-11-quantitative-submode-curves-new-st-2-par-3-meas-copy-text-12","A","一个","machine-review-required"
"4-1-2-1-11-quantitative-submode-curves-new-st-2-par-3-meas-copy","4-1-1-6-1-12 Quantitative-submode-curves-new-st_3-par_3-meas","canvas-4-1-2-1-11-quantitative-submode-curves-new-st-2-par-3-meas-copy-text-13","1-3","1-3","machine-review-required"
"4-1-2-1-11-quantitative-submode-curves-new-st-2-par-3-meas-copy","4-1-1-6-1-12 Quantitative-submode-curves-new-st_3-par_3-meas","canvas-4-1-2-1-11-quantitative-submode-curves-new-st-2-par-3-meas-copy-text-17","A","一个","machine-review-required"
"4-1-2-1-11-quantitative-submode-curves-new-st-2-par-3-meas-copy","4-1-1-6-1-12 Quantitative-submode-curves-new-st_3-par_3-meas","canvas-4-1-2-1-11-quantitative-submode-curves-new-st-2-par-3-meas-copy-text-18","0.309","0.309","machine-review-required"
"4-1-2-1-11-quantitative-submode-curves-new-st-2-par-3-meas-copy","4-1-1-6-1-12 Quantitative-submode-curves-new-st_3-par_3-meas","canvas-4-1-2-1-11-quantitative-submode-curves-new-st-2-par-3-meas-copy-text-20","m","米","machine-review-required"
"4-1-2-1-11-quantitative-submode-curves-new-st-2-par-3-meas-copy","4-1-1-6-1-12 Quantitative-submode-curves-new-st_3-par_3-meas","canvas-4-1-2-1-11-quantitative-submode-curves-new-st-2-par-3-meas-copy-text-21","n","n","machine-review-required"
"4-1-2-1-11-quantitative-submode-curves-new-st-2-par-3-meas-copy","4-1-1-6-1-12 Quantitative-submode-curves-new-st_3-par_3-meas","canvas-4-1-2-1-11-quantitative-submode-curves-new-st-2-par-3-meas-copy-text-24","3/4","3/4","machine-review-required"
"4-1-2-1-11-quantitative-submode-curves-new-st-2-par-3-meas-copy","4-1-1-6-1-12 Quantitative-submode-curves-new-st_3-par_3-meas","canvas-4-1-2-1-11-quantitative-submode-curves-new-st-2-par-3-meas-copy-text-25","3/3","3/3","machine-review-required"
"4-1-2-1-11-quantitative-submode-curves-new-st-2-par-3-meas-copy","4-1-1-6-1-12 Quantitative-submode-curves-new-st_3-par_3-meas","canvas-4-1-2-1-11-quantitative-submode-curves-new-st-2-par-3-meas-copy-text-31","2-3","2-3","machine-review-required"
"4-1-2-1-11-quantitative-submode-curves-new-st-2-par-3-meas-copy","4-1-1-6-1-12 Quantitative-submode-curves-new-st_3-par_3-meas","canvas-4-1-2-1-11-quantitative-submode-curves-new-st-2-par-3-meas-copy-text-32","0.1000","0.1000","machine-review-required"
"4-1-2-1-11-quantitative-submode-curves-new-st-2-par-3-meas-copy","4-1-1-6-1-12 Quantitative-submode-curves-new-st_3-par_3-meas","canvas-4-1-2-1-11-quantitative-submode-curves-new-st-2-par-3-meas-copy-text-36","0.108","0.108","machine-review-required"
"4-1-2-1-11-quantitative-submode-curves-new-st-2-par-3-meas-copy","4-1-1-6-1-12 Quantitative-submode-curves-new-st_3-par_3-meas","canvas-4-1-2-1-11-quantitative-submode-curves-new-st-2-par-3-meas-copy-text-39","3-3","3-3","machine-review-required"
"4-1-2-1-11-quantitative-submode-curves-new-st-2-par-3-meas-copy","4-1-1-6-1-12 Quantitative-submode-curves-new-st_3-par_3-meas","canvas-4-1-2-1-11-quantitative-submode-curves-new-st-2-par-3-meas-copy-text-40","0.2000","0.2000","machine-review-required"
"4-1-2-1-11-quantitative-submode-curves-new-st-2-par-3-meas-copy","4-1-1-6-1-12 Quantitative-submode-curves-new-st_3-par_3-meas","canvas-4-1-2-1-11-quantitative-submode-curves-new-st-2-par-3-meas-copy-text-41","0.206","0.206","machine-review-required"
"4-1-2-1-11-quantitative-submode-curves-new-st-2-par-3-meas-copy","4-1-1-6-1-12 Quantitative-submode-curves-new-st_3-par_3-meas","canvas-4-1-2-1-11-quantitative-submode-curves-new-st-2-par-3-meas-copy-text-42","0.3000","0.3000","machine-review-required"
"4-1-2-1-11-quantitative-submode-curves-new-st-2-par-3-meas-copy","4-1-1-6-1-12 Quantitative-submode-curves-new-st_3-par_3-meas","canvas-4-1-2-1-11-quantitative-submode-curves-new-st-2-par-3-meas-copy-text-43","0.309","0.309","machine-review-required"
"4-1-2-1-12-quantitative-submode-curves-new-st-2-par-3-meas-copy","4-1-1-6-1-13 Quantitative-submode-curves-new-graphic-A_f(C)","canvas-4-1-2-1-12-quantitative-submode-curves-new-st-2-par-3-meas-copy-text-1","Колич. анализ","数量分析","machine-review-required"
"4-1-2-1-12-quantitative-submode-curves-new-st-2-par-3-meas-copy","4-1-1-6-1-13 Quantitative-submode-curves-new-graphic-A_f(C)","canvas-4-1-2-1-12-quantitative-submode-curves-new-st-2-par-3-meas-copy-text-6","A=f(C)","A=f(C)","machine-review-required"
"4-1-2-1-12-quantitative-submode-curves-new-st-2-par-3-meas-copy","4-1-1-6-1-13 Quantitative-submode-curves-new-graphic-A_f(C)","canvas-4-1-2-1-12-quantitative-submode-curves-new-st-2-par-3-meas-copy-text-7","λ=1050.3 нм","λ=1050.3纳米","machine-review-required"
"4-1-2-1-12-quantitative-submode-curves-new-st-2-par-3-meas-copy","4-1-1-6-1-13 Quantitative-submode-curves-new-graphic-A_f(C)","canvas-4-1-2-1-12-quantitative-submode-curves-new-st-2-par-3-meas-copy-text-1782213967876","A=1.0057C+0.0058","A=1.0057C+0.0058","machine-review-required"
"4-1-2-1-12-quantitative-submode-curves-new-st-2-par-3-meas-copy","4-1-1-6-1-13 Quantitative-submode-curves-new-graphic-A_f(C)","canvas-4-1-2-1-12-quantitative-submode-curves-new-st-2-par-3-meas-copy-text-1782214099275","0.000","0.000","machine-review-required"
"4-1-2-1-12-quantitative-submode-curves-new-st-2-par-3-meas-copy","4-1-1-6-1-13 Quantitative-submode-curves-new-graphic-A_f(C)","canvas-4-1-2-1-12-quantitative-submode-curves-new-st-2-par-3-meas-copy-text-1782214153911","0.0000","0.0000","machine-review-required"
"4-1-2-1-12-quantitative-submode-curves-new-st-2-par-3-meas-copy","4-1-1-6-1-13 Quantitative-submode-curves-new-graphic-A_f(C)","canvas-4-1-2-1-12-quantitative-submode-curves-new-st-2-par-3-meas-copy-text-1782214175671","0.0000","0.0000","machine-review-required"
"4-1-2-1-12-quantitative-submode-curves-new-st-2-par-3-meas-copy","4-1-1-6-1-13 Quantitative-submode-curves-new-graphic-A_f(C)","canvas-4-1-2-1-12-quantitative-submode-curves-new-st-2-par-3-meas-copy-text-1782214349999","0.4000","0.4000","machine-review-required"
"4-1-2-1-12-quantitative-submode-curves-new-st-2-par-3-meas-copy","4-1-1-6-1-13 Quantitative-submode-curves-new-graphic-A_f(C)","canvas-4-1-2-1-12-quantitative-submode-curves-new-st-2-par-3-meas-copy-text-1782214418879","С,моль/л","C，摩尔/升","machine-review-required"
"4-1-2-1-12-quantitative-submode-curves-new-st-2-par-3-meas-copy","4-1-1-6-1-13 Quantitative-submode-curves-new-graphic-A_f(C)","canvas-4-1-2-1-12-quantitative-submode-curves-new-st-2-par-3-meas-copy-text-1782214498305","A","一个","machine-review-required"
"4-1-2-1-12-quantitative-submode-curves-new-st-2-par-3-meas-copy","4-1-1-6-1-13 Quantitative-submode-curves-new-graphic-A_f(C)","canvas-4-1-2-1-12-quantitative-submode-curves-new-st-2-par-3-meas-copy-text-1782214620447","r=0.999","r=0.999","machine-review-required"
"4-1-2-1-13-quantitative-submode-curves-new-st-2-par-4-meas-copy","4-1-1-6-1-14 Quantitative-submode-curves-new-st_2-par_4-meas Copy","canvas-4-1-2-1-13-quantitative-submode-curves-new-st-2-par-4-meas-copy-text-1","Колич. анализ","数量分析","machine-review-required"
"4-1-2-1-13-quantitative-submode-curves-new-st-2-par-4-meas-copy","4-1-1-6-1-14 Quantitative-submode-curves-new-st_2-par_4-meas Copy","canvas-4-1-2-1-13-quantitative-submode-curves-new-st-2-par-4-meas-copy-text-3","17:05","17:05","machine-review-required"
"4-1-2-1-13-quantitative-submode-curves-new-st-2-par-4-meas-copy","4-1-1-6-1-14 Quantitative-submode-curves-new-st_2-par_4-meas Copy","canvas-4-1-2-1-13-quantitative-submode-curves-new-st-2-par-4-meas-copy-text-4","n=3","n=3","machine-review-required"
"4-1-2-1-13-quantitative-submode-curves-new-st-2-par-4-meas-copy","4-1-1-6-1-14 Quantitative-submode-curves-new-st_2-par_4-meas Copy","canvas-4-1-2-1-13-quantitative-submode-curves-new-st-2-par-4-meas-copy-text-6","Градуировка","毕业","machine-review-required"
"4-1-2-1-13-quantitative-submode-curves-new-st-2-par-4-meas-copy","4-1-1-6-1-14 Quantitative-submode-curves-new-st_2-par_4-meas Copy","canvas-4-1-2-1-13-quantitative-submode-curves-new-st-2-par-4-meas-copy-text-7","λ=1050.3 нм","λ=1050.3纳米","machine-review-required"
"4-1-2-1-13-quantitative-submode-curves-new-st-2-par-4-meas-copy","4-1-1-6-1-14 Quantitative-submode-curves-new-st_2-par_4-meas Copy","canvas-4-1-2-1-13-quantitative-submode-curves-new-st-2-par-4-meas-copy-text-10","m-n","m-n","machine-review-required"
"4-1-2-1-13-quantitative-submode-curves-new-st-2-par-4-meas-copy","4-1-1-6-1-14 Quantitative-submode-curves-new-st_2-par_4-meas Copy","canvas-4-1-2-1-13-quantitative-submode-curves-new-st-2-par-4-meas-copy-text-11","C","C","machine-review-required"
"4-1-2-1-13-quantitative-submode-curves-new-st-2-par-4-meas-copy","4-1-1-6-1-14 Quantitative-submode-curves-new-st_2-par_4-meas Copy","canvas-4-1-2-1-13-quantitative-submode-curves-new-st-2-par-4-meas-copy-text-12","A","一个","machine-review-required"
"4-1-2-1-13-quantitative-submode-curves-new-st-2-par-4-meas-copy","4-1-1-6-1-14 Quantitative-submode-curves-new-st_2-par_4-meas Copy","canvas-4-1-2-1-13-quantitative-submode-curves-new-st-2-par-4-meas-copy-text-13","2-3","2-3","machine-review-required"
"4-1-2-1-13-quantitative-submode-curves-new-st-2-par-4-meas-copy","4-1-1-6-1-14 Quantitative-submode-curves-new-st_2-par_4-meas Copy","canvas-4-1-2-1-13-quantitative-submode-curves-new-st-2-par-4-meas-copy-text-17","A","一个","machine-review-required"
"4-1-2-1-13-quantitative-submode-curves-new-st-2-par-4-meas-copy","4-1-1-6-1-14 Quantitative-submode-curves-new-st_2-par_4-meas Copy","canvas-4-1-2-1-13-quantitative-submode-curves-new-st-2-par-4-meas-copy-text-18","0.410","0.410","machine-review-required"
"4-1-2-1-13-quantitative-submode-curves-new-st-2-par-4-meas-copy","4-1-1-6-1-14 Quantitative-submode-curves-new-st_2-par_4-meas Copy","canvas-4-1-2-1-13-quantitative-submode-curves-new-st-2-par-4-meas-copy-text-20","m","米","machine-review-required"
"4-1-2-1-13-quantitative-submode-curves-new-st-2-par-4-meas-copy","4-1-1-6-1-14 Quantitative-submode-curves-new-st_2-par_4-meas Copy","canvas-4-1-2-1-13-quantitative-submode-curves-new-st-2-par-4-meas-copy-text-21","n","n","machine-review-required"
"4-1-2-1-13-quantitative-submode-curves-new-st-2-par-4-meas-copy","4-1-1-6-1-14 Quantitative-submode-curves-new-st_2-par_4-meas Copy","canvas-4-1-2-1-13-quantitative-submode-curves-new-st-2-par-4-meas-copy-text-24","4/4","4/4","machine-review-required"
"4-1-2-1-13-quantitative-submode-curves-new-st-2-par-4-meas-copy","4-1-1-6-1-14 Quantitative-submode-curves-new-st_2-par_4-meas Copy","canvas-4-1-2-1-13-quantitative-submode-curves-new-st-2-par-4-meas-copy-text-25","3/3","3/3","machine-review-required"
"4-1-2-1-13-quantitative-submode-curves-new-st-2-par-4-meas-copy","4-1-1-6-1-14 Quantitative-submode-curves-new-st_2-par_4-meas Copy","canvas-4-1-2-1-13-quantitative-submode-curves-new-st-2-par-4-meas-copy-text-31","3-3","3-3","machine-review-required"
"4-1-2-1-13-quantitative-submode-curves-new-st-2-par-4-meas-copy","4-1-1-6-1-14 Quantitative-submode-curves-new-st_2-par_4-meas Copy","canvas-4-1-2-1-13-quantitative-submode-curves-new-st-2-par-4-meas-copy-text-32","0.2000","0.2000","machine-review-required"
"4-1-2-1-13-quantitative-submode-curves-new-st-2-par-4-meas-copy","4-1-1-6-1-14 Quantitative-submode-curves-new-st_2-par_4-meas Copy","canvas-4-1-2-1-13-quantitative-submode-curves-new-st-2-par-4-meas-copy-text-36","0.206","0.206","machine-review-required"
"4-1-2-1-13-quantitative-submode-curves-new-st-2-par-4-meas-copy","4-1-1-6-1-14 Quantitative-submode-curves-new-st_2-par_4-meas Copy","canvas-4-1-2-1-13-quantitative-submode-curves-new-st-2-par-4-meas-copy-text-39","4-3","4-3","machine-review-required"
"4-1-2-1-13-quantitative-submode-curves-new-st-2-par-4-meas-copy","4-1-1-6-1-14 Quantitative-submode-curves-new-st_2-par_4-meas Copy","canvas-4-1-2-1-13-quantitative-submode-curves-new-st-2-par-4-meas-copy-text-40","0.3000","0.3000","machine-review-required"
"4-1-2-1-13-quantitative-submode-curves-new-st-2-par-4-meas-copy","4-1-1-6-1-14 Quantitative-submode-curves-new-st_2-par_4-meas Copy","canvas-4-1-2-1-13-quantitative-submode-curves-new-st-2-par-4-meas-copy-text-41","0.309","0.309","machine-review-required"
"4-1-2-1-13-quantitative-submode-curves-new-st-2-par-4-meas-copy","4-1-1-6-1-14 Quantitative-submode-curves-new-st_2-par_4-meas Copy","canvas-4-1-2-1-13-quantitative-submode-curves-new-st-2-par-4-meas-copy-text-42","0.4000","0.4000","machine-review-required"
"4-1-2-1-13-quantitative-submode-curves-new-st-2-par-4-meas-copy","4-1-1-6-1-14 Quantitative-submode-curves-new-st_2-par_4-meas Copy","canvas-4-1-2-1-13-quantitative-submode-curves-new-st-2-par-4-meas-copy-text-43","0.410","0.410","machine-review-required"
"4-1-2-1-13-quantitative-submode-curves-new-st-2-par-4-meas-copy-copy","4-1-1-7-1-1 Quantitative-submode-curves-new-analys_parameter_para-meas","canvas-4-1-2-1-13-quantitative-submode-curves-new-st-2-par-4-meas-copy-copy-text-1","Колич. анализ","数量分析","machine-review-required"
"4-1-2-1-13-quantitative-submode-curves-new-st-2-par-4-meas-copy-copy","4-1-1-7-1-1 Quantitative-submode-curves-new-analys_parameter_para-meas","canvas-4-1-2-1-13-quantitative-submode-curves-new-st-2-par-4-meas-copy-copy-text-3","17:05","17:05","machine-review-required"
"4-1-2-1-13-quantitative-submode-curves-new-st-2-par-4-meas-copy-copy","4-1-1-7-1-1 Quantitative-submode-curves-new-analys_parameter_para-meas","canvas-4-1-2-1-13-quantitative-submode-curves-new-st-2-par-4-meas-copy-copy-text-4","n=1","n=1","machine-review-required"
"4-1-2-1-13-quantitative-submode-curves-new-st-2-par-4-meas-copy-copy","4-1-1-7-1-1 Quantitative-submode-curves-new-analys_parameter_para-meas","canvas-4-1-2-1-13-quantitative-submode-curves-new-st-2-par-4-meas-copy-copy-text-6","Анализ","分析","machine-review-required"
"4-1-2-1-13-quantitative-submode-curves-new-st-2-par-4-meas-copy-copy","4-1-1-7-1-1 Quantitative-submode-curves-new-analys_parameter_para-meas","canvas-4-1-2-1-13-quantitative-submode-curves-new-st-2-par-4-meas-copy-copy-text-7","λ=1050.3 нм","λ=1050.3纳米","machine-review-required"
"4-1-2-1-13-quantitative-submode-curves-new-st-2-par-4-meas-copy-copy","4-1-1-7-1-1 Quantitative-submode-curves-new-analys_parameter_para-meas","canvas-4-1-2-1-13-quantitative-submode-curves-new-st-2-par-4-meas-copy-copy-text-1782219122774","Параметры измерения","测量参数","machine-review-required"
"4-1-2-1-13-quantitative-submode-curves-new-st-2-par-4-meas-copy-copy","4-1-1-7-1-1 Quantitative-submode-curves-new-analys_parameter_para-meas","canvas-4-1-2-1-13-quantitative-submode-curves-new-st-2-par-4-meas-copy-copy-text-1782220530687","Паралл. измерения","并行测量","machine-review-required"
"4-1-2-1-13-quantitative-submode-curves-new-st-2-par-4-meas-copy-copy","4-1-1-7-1-1 Quantitative-submode-curves-new-analys_parameter_para-meas","canvas-4-1-2-1-13-quantitative-submode-curves-new-st-2-par-4-meas-copy-copy-text-1782220659115","Анализ результатов","结果分析","machine-review-required"
"4-1-2-1-13-quantitative-submode-curves-new-st-2-par-4-meas-copy-copy","4-1-1-7-1-1 Quantitative-submode-curves-new-analys_parameter_para-meas","canvas-4-1-2-1-13-quantitative-submode-curves-new-st-2-par-4-meas-copy-copy-text-1782226136610","Далее","下一个","machine-review-required"
"4-1-2-1-13-quantitative-submode-curves-new-st-2-par-4-meas-copy-copy-2","4-1-1-6-2-1 Quantitative-submode-curves-new-save-yes","canvas-4-1-2-1-13-quantitative-submode-curves-new-st-2-par-4-meas-copy-copy-2-text-1","Колич. анализ","数量分析","machine-review-required"
"4-1-2-1-13-quantitative-submode-curves-new-st-2-par-4-meas-copy-copy-2","4-1-1-6-2-1 Quantitative-submode-curves-new-save-yes","canvas-4-1-2-1-13-quantitative-submode-curves-new-st-2-par-4-meas-copy-copy-2-text-3","17:05","17:05","machine-review-required"
"4-1-2-1-13-quantitative-submode-curves-new-st-2-par-4-meas-copy-copy-2","4-1-1-6-2-1 Quantitative-submode-curves-new-save-yes","canvas-4-1-2-1-13-quantitative-submode-curves-new-st-2-par-4-meas-copy-copy-2-text-4","n=3","n=3","machine-review-required"
"4-1-2-1-13-quantitative-submode-curves-new-st-2-par-4-meas-copy-copy-2","4-1-1-6-2-1 Quantitative-submode-curves-new-save-yes","canvas-4-1-2-1-13-quantitative-submode-curves-new-st-2-par-4-meas-copy-copy-2-text-6","Градуировка","毕业","machine-review-required"
"4-1-2-1-13-quantitative-submode-curves-new-st-2-par-4-meas-copy-copy-2","4-1-1-6-2-1 Quantitative-submode-curves-new-save-yes","canvas-4-1-2-1-13-quantitative-submode-curves-new-st-2-par-4-meas-copy-copy-2-text-7","λ=1050.3 нм","λ=1050.3纳米","machine-review-required"
"4-1-2-1-13-quantitative-submode-curves-new-st-2-par-4-meas-copy-copy-2","4-1-1-6-2-1 Quantitative-submode-curves-new-save-yes","canvas-4-1-2-1-13-quantitative-submode-curves-new-st-2-par-4-meas-copy-copy-2-text-1782219863042","Сохранить грауировку?","保存雕刻吗？","machine-review-required"
"4-1-2-1-13-quantitative-submode-curves-new-st-2-par-4-meas-copy-copy-2","4-1-1-6-2-1 Quantitative-submode-curves-new-save-yes","canvas-4-1-2-1-13-quantitative-submode-curves-new-st-2-par-4-meas-copy-copy-2-text-1782219946626","Да","是的","machine-review-required"
"4-1-2-1-13-quantitative-submode-curves-new-st-2-par-4-meas-copy-copy-2","4-1-1-6-2-1 Quantitative-submode-curves-new-save-yes","canvas-4-1-2-1-13-quantitative-submode-curves-new-st-2-par-4-meas-copy-copy-2-text-1782219962235","Нет","不","machine-review-required"
"4-1-2-1-15-1-quantitative-submode-curves-new-save-yes-copy","4-1-1-6-2-2 Quantitative-submode-curves-new-save-no","canvas-4-1-2-1-15-1-quantitative-submode-curves-new-save-yes-copy-text-1","Колич. анализ","数量分析","machine-review-required"
"4-1-2-1-15-1-quantitative-submode-curves-new-save-yes-copy","4-1-1-6-2-2 Quantitative-submode-curves-new-save-no","canvas-4-1-2-1-15-1-quantitative-submode-curves-new-save-yes-copy-text-3","17:05","17:05","machine-review-required"
"4-1-2-1-15-1-quantitative-submode-curves-new-save-yes-copy","4-1-1-6-2-2 Quantitative-submode-curves-new-save-no","canvas-4-1-2-1-15-1-quantitative-submode-curves-new-save-yes-copy-text-4","n=3","n=3","machine-review-required"
"4-1-2-1-15-1-quantitative-submode-curves-new-save-yes-copy","4-1-1-6-2-2 Quantitative-submode-curves-new-save-no","canvas-4-1-2-1-15-1-quantitative-submode-curves-new-save-yes-copy-text-6","Градуировка","毕业","machine-review-required"
"4-1-2-1-15-1-quantitative-submode-curves-new-save-yes-copy","4-1-1-6-2-2 Quantitative-submode-curves-new-save-no","canvas-4-1-2-1-15-1-quantitative-submode-curves-new-save-yes-copy-text-7","λ=1050.3 нм","λ=1050.3纳米","machine-review-required"
"4-1-2-1-15-1-quantitative-submode-curves-new-save-yes-copy","4-1-1-6-2-2 Quantitative-submode-curves-new-save-no","canvas-4-1-2-1-15-1-quantitative-submode-curves-new-save-yes-copy-text-9","Сохранить грауировку?","保存雕刻吗？","machine-review-required"
"4-1-2-1-15-1-quantitative-submode-curves-new-save-yes-copy","4-1-1-6-2-2 Quantitative-submode-curves-new-save-no","canvas-4-1-2-1-15-1-quantitative-submode-curves-new-save-yes-copy-text-12","Да","是的","machine-review-required"
"4-1-2-1-15-1-quantitative-submode-curves-new-save-yes-copy","4-1-1-6-2-2 Quantitative-submode-curves-new-save-no","canvas-4-1-2-1-15-1-quantitative-submode-curves-new-save-yes-copy-text-13","Нет","不","machine-review-required"
"4-1-2-1-15-2-quantitative-submode-curves-new-save-no-copy","4-1-1-6-3-1 Quantitative-submode-curves-new-save-yes-storage","canvas-4-1-2-1-15-2-quantitative-submode-curves-new-save-no-copy-text-1","Колич. анализ","数量分析","machine-review-required"
"4-1-2-1-15-2-quantitative-submode-curves-new-save-no-copy","4-1-1-6-3-1 Quantitative-submode-curves-new-save-yes-storage","canvas-4-1-2-1-15-2-quantitative-submode-curves-new-save-no-copy-text-3","17:05","17:05","machine-review-required"
"4-1-2-1-15-2-quantitative-submode-curves-new-save-no-copy","4-1-1-6-3-1 Quantitative-submode-curves-new-save-yes-storage","canvas-4-1-2-1-15-2-quantitative-submode-curves-new-save-no-copy-text-4","n=3","n=3","machine-review-required"
"4-1-2-1-15-2-quantitative-submode-curves-new-save-no-copy","4-1-1-6-3-1 Quantitative-submode-curves-new-save-yes-storage","canvas-4-1-2-1-15-2-quantitative-submode-curves-new-save-no-copy-text-6","Градуировка","毕业","machine-review-required"
"4-1-2-1-15-2-quantitative-submode-curves-new-save-no-copy","4-1-1-6-3-1 Quantitative-submode-curves-new-save-yes-storage","canvas-4-1-2-1-15-2-quantitative-submode-curves-new-save-no-copy-text-7","λ=1050.3 нм","λ=1050.3纳米","machine-review-required"
"4-1-2-1-15-2-quantitative-submode-curves-new-save-no-copy","4-1-1-6-3-1 Quantitative-submode-curves-new-save-yes-storage","canvas-4-1-2-1-15-2-quantitative-submode-curves-new-save-no-copy-text-9","Место","地方","machine-review-required"
"4-1-2-1-15-2-quantitative-submode-curves-new-save-no-copy","4-1-1-6-3-1 Quantitative-submode-curves-new-save-yes-storage","canvas-4-1-2-1-15-2-quantitative-submode-curves-new-save-no-copy-text-12","Внутренняя память","内存","machine-review-required"
"4-1-2-1-15-2-quantitative-submode-curves-new-save-no-copy","4-1-1-6-3-1 Quantitative-submode-curves-new-save-yes-storage","canvas-4-1-2-1-15-2-quantitative-submode-curves-new-save-no-copy-text-13","USB-накопитель","USB 闪存驱动器","machine-review-required"
"4-1-2-1-15-1-1-quantitative-submode-curves-new-save-yes-location-copy","4-1-1-6-4-1 Quantitative-submode-curves-new-save-yes-naming","canvas-4-1-2-1-15-1-1-quantitative-submode-curves-new-save-yes-location-copy-text-1","Колич. анализ","数量分析","machine-review-required"
"4-1-2-1-15-1-1-quantitative-submode-curves-new-save-yes-location-copy","4-1-1-6-4-1 Quantitative-submode-curves-new-save-yes-naming","canvas-4-1-2-1-15-1-1-quantitative-submode-curves-new-save-yes-location-copy-text-3","17:05","17:05","machine-review-required"
"4-1-2-1-15-1-1-quantitative-submode-curves-new-save-yes-location-copy","4-1-1-6-4-1 Quantitative-submode-curves-new-save-yes-naming","canvas-4-1-2-1-15-1-1-quantitative-submode-curves-new-save-yes-location-copy-text-4","n=3","n=3","machine-review-required"
"4-1-2-1-15-1-1-quantitative-submode-curves-new-save-yes-location-copy","4-1-1-6-4-1 Quantitative-submode-curves-new-save-yes-naming","canvas-4-1-2-1-15-1-1-quantitative-submode-curves-new-save-yes-location-copy-text-6","Градуировка","毕业","machine-review-required"
"4-1-2-1-15-1-1-quantitative-submode-curves-new-save-yes-location-copy","4-1-1-6-4-1 Quantitative-submode-curves-new-save-yes-naming","canvas-4-1-2-1-15-1-1-quantitative-submode-curves-new-save-yes-location-copy-text-7","λ=1050.3 нм","λ=1050.3纳米","machine-review-required"
"4-1-2-1-15-1-1-quantitative-submode-curves-new-save-yes-location-copy","4-1-1-6-4-1 Quantitative-submode-curves-new-save-yes-naming","canvas-4-1-2-1-15-1-1-quantitative-submode-curves-new-save-yes-location-copy-text-9","Введите название файла","输入文件名","machine-review-required"
"4-1-2-1-15-1-1-quantitative-submode-curves-new-save-yes-location-copy","4-1-1-6-4-1 Quantitative-submode-curves-new-save-yes-naming","canvas-4-1-2-1-15-1-1-quantitative-submode-curves-new-save-yes-location-copy-text-1782220196231","_____","_____","machine-review-required"
"4-1-2-1-15-1-1-quantitative-submode-curves-new-save-yes-location-copy","4-1-1-6-4-1 Quantitative-submode-curves-new-save-yes-naming","canvas-4-1-2-1-15-1-1-quantitative-submode-curves-new-save-yes-location-copy-text-1782225909355","градуировки","毕业","machine-review-required"
"4-1-2-1-15-1-1-quantitative-submode-curves-new-save-yes-location-copy-2","4-1-1-6-3-2 Quantitative-submode-curves-new-save-yes-USB","canvas-4-1-2-1-15-1-1-quantitative-submode-curves-new-save-yes-location-copy-2-text-1","Колич. анализ","数量分析","machine-review-required"
"4-1-2-1-15-1-1-quantitative-submode-curves-new-save-yes-location-copy-2","4-1-1-6-3-2 Quantitative-submode-curves-new-save-yes-USB","canvas-4-1-2-1-15-1-1-quantitative-submode-curves-new-save-yes-location-copy-2-text-3","17:05","17:05","machine-review-required"
"4-1-2-1-15-1-1-quantitative-submode-curves-new-save-yes-location-copy-2","4-1-1-6-3-2 Quantitative-submode-curves-new-save-yes-USB","canvas-4-1-2-1-15-1-1-quantitative-submode-curves-new-save-yes-location-copy-2-text-4","n=3","n=3","machine-review-required"
"4-1-2-1-15-1-1-quantitative-submode-curves-new-save-yes-location-copy-2","4-1-1-6-3-2 Quantitative-submode-curves-new-save-yes-USB","canvas-4-1-2-1-15-1-1-quantitative-submode-curves-new-save-yes-location-copy-2-text-6","Градуировка","毕业","machine-review-required"
"4-1-2-1-15-1-1-quantitative-submode-curves-new-save-yes-location-copy-2","4-1-1-6-3-2 Quantitative-submode-curves-new-save-yes-USB","canvas-4-1-2-1-15-1-1-quantitative-submode-curves-new-save-yes-location-copy-2-text-7","λ=1050.3 нм","λ=1050.3纳米","machine-review-required"
"4-1-2-1-15-1-1-quantitative-submode-curves-new-save-yes-location-copy-2","4-1-1-6-3-2 Quantitative-submode-curves-new-save-yes-USB","canvas-4-1-2-1-15-1-1-quantitative-submode-curves-new-save-yes-location-copy-2-text-9","Место","地方","machine-review-required"
"4-1-2-1-15-1-1-quantitative-submode-curves-new-save-yes-location-copy-2","4-1-1-6-3-2 Quantitative-submode-curves-new-save-yes-USB","canvas-4-1-2-1-15-1-1-quantitative-submode-curves-new-save-yes-location-copy-2-text-12","Внутренняя память","内存","machine-review-required"
"4-1-2-1-15-1-1-quantitative-submode-curves-new-save-yes-location-copy-2","4-1-1-6-3-2 Quantitative-submode-curves-new-save-yes-USB","canvas-4-1-2-1-15-1-1-quantitative-submode-curves-new-save-yes-location-copy-2-text-13","USB-накопитель","USB 闪存驱动器","machine-review-required"
"4-1-2-1-15-2-1-quantitative-submode-curves-new-save-yes-naming-copy","4-1-1-6-4-2 Quantitative-submode-curves-new-save-yes-named","canvas-4-1-2-1-15-2-1-quantitative-submode-curves-new-save-yes-naming-copy-text-1","Колич. анализ","数量分析","machine-review-required"
"4-1-2-1-15-2-1-quantitative-submode-curves-new-save-yes-naming-copy","4-1-1-6-4-2 Quantitative-submode-curves-new-save-yes-named","canvas-4-1-2-1-15-2-1-quantitative-submode-curves-new-save-yes-naming-copy-text-3","17:05","17:05","machine-review-required"
"4-1-2-1-15-2-1-quantitative-submode-curves-new-save-yes-naming-copy","4-1-1-6-4-2 Quantitative-submode-curves-new-save-yes-named","canvas-4-1-2-1-15-2-1-quantitative-submode-curves-new-save-yes-naming-copy-text-4","n=3","n=3","machine-review-required"
"4-1-2-1-15-2-1-quantitative-submode-curves-new-save-yes-naming-copy","4-1-1-6-4-2 Quantitative-submode-curves-new-save-yes-named","canvas-4-1-2-1-15-2-1-quantitative-submode-curves-new-save-yes-naming-copy-text-6","Градуировка","毕业","machine-review-required"
"4-1-2-1-15-2-1-quantitative-submode-curves-new-save-yes-naming-copy","4-1-1-6-4-2 Quantitative-submode-curves-new-save-yes-named","canvas-4-1-2-1-15-2-1-quantitative-submode-curves-new-save-yes-naming-copy-text-7","λ=1050.3 нм","λ=1050.3纳米","machine-review-required"
"4-1-2-1-15-2-1-quantitative-submode-curves-new-save-yes-naming-copy","4-1-1-6-4-2 Quantitative-submode-curves-new-save-yes-named","canvas-4-1-2-1-15-2-1-quantitative-submode-curves-new-save-yes-naming-copy-text-9","Введите название файла","输入文件名","machine-review-required"
"4-1-2-1-15-2-1-quantitative-submode-curves-new-save-yes-naming-copy","4-1-1-6-4-2 Quantitative-submode-curves-new-save-yes-named","canvas-4-1-2-1-15-2-1-quantitative-submode-curves-new-save-yes-naming-copy-text-10","curve","曲线","machine-review-required"
"4-1-2-1-15-2-1-quantitative-submode-curves-new-save-yes-naming-copy","4-1-1-6-4-2 Quantitative-submode-curves-new-save-yes-named","canvas-4-1-2-1-15-2-1-quantitative-submode-curves-new-save-yes-naming-copy-text-1782225869339","градуировки","毕业","machine-review-required"
"4-1-3-1-1-quantitative-submode-curves-new-analys-parameter-para-meas-copy","4-1-1-7-3-2 Quantitative-submode-curves-new-analys_parameter_analys_result-statis","canvas-4-1-3-1-1-quantitative-submode-curves-new-analys-parameter-para-meas-copy-text-1","Колич. анализ","数量分析","machine-review-required"
"4-1-3-1-1-quantitative-submode-curves-new-analys-parameter-para-meas-copy","4-1-1-7-3-2 Quantitative-submode-curves-new-analys_parameter_analys_result-statis","canvas-4-1-3-1-1-quantitative-submode-curves-new-analys-parameter-para-meas-copy-text-3","17:05","17:05","machine-review-required"
"4-1-3-1-1-quantitative-submode-curves-new-analys-parameter-para-meas-copy","4-1-1-7-3-2 Quantitative-submode-curves-new-analys_parameter_analys_result-statis","canvas-4-1-3-1-1-quantitative-submode-curves-new-analys-parameter-para-meas-copy-text-4","n=2","n=2","machine-review-required"
"4-1-3-1-1-quantitative-submode-curves-new-analys-parameter-para-meas-copy","4-1-1-7-3-2 Quantitative-submode-curves-new-analys_parameter_analys_result-statis","canvas-4-1-3-1-1-quantitative-submode-curves-new-analys-parameter-para-meas-copy-text-6","Анализ","分析","machine-review-required"
"4-1-3-1-1-quantitative-submode-curves-new-analys-parameter-para-meas-copy","4-1-1-7-3-2 Quantitative-submode-curves-new-analys_parameter_analys_result-statis","canvas-4-1-3-1-1-quantitative-submode-curves-new-analys-parameter-para-meas-copy-text-7","λ=1050.3 нм","λ=1050.3纳米","machine-review-required"
"4-1-3-1-1-quantitative-submode-curves-new-analys-parameter-para-meas-copy","4-1-1-7-3-2 Quantitative-submode-curves-new-analys_parameter_analys_result-statis","canvas-4-1-3-1-1-quantitative-submode-curves-new-analys-parameter-para-meas-copy-text-9","Анализ результатов","结果分析","machine-review-required"
"4-1-3-1-1-quantitative-submode-curves-new-analys-parameter-para-meas-copy","4-1-1-7-3-2 Quantitative-submode-curves-new-analys_parameter_analys_result-statis","canvas-4-1-3-1-1-quantitative-submode-curves-new-analys-parameter-para-meas-copy-text-12","Нет","不","machine-review-required"
"4-1-3-1-1-quantitative-submode-curves-new-analys-parameter-para-meas-copy","4-1-1-7-3-2 Quantitative-submode-curves-new-analys_parameter_analys_result-statis","canvas-4-1-3-1-1-quantitative-submode-curves-new-analys-parameter-para-meas-copy-text-13","Статистически","统计上","machine-review-required"
"4-1-3-1-1-quantitative-submode-curves-new-analys-parameter-para-meas-copy-2","4-1-1-7-2-1 Quantitative-submode-curves-new-analys_parameter_analys_result","canvas-4-1-3-1-1-quantitative-submode-curves-new-analys-parameter-para-meas-copy-2-text-1","Колич. анализ","数量分析","machine-review-required"
"4-1-3-1-1-quantitative-submode-curves-new-analys-parameter-para-meas-copy-2","4-1-1-7-2-1 Quantitative-submode-curves-new-analys_parameter_analys_result","canvas-4-1-3-1-1-quantitative-submode-curves-new-analys-parameter-para-meas-copy-2-text-3","17:05","17:05","machine-review-required"
"4-1-3-1-1-quantitative-submode-curves-new-analys-parameter-para-meas-copy-2","4-1-1-7-2-1 Quantitative-submode-curves-new-analys_parameter_analys_result","canvas-4-1-3-1-1-quantitative-submode-curves-new-analys-parameter-para-meas-copy-2-text-4","n=1","n=1","machine-review-required"
"4-1-3-1-1-quantitative-submode-curves-new-analys-parameter-para-meas-copy-2","4-1-1-7-2-1 Quantitative-submode-curves-new-analys_parameter_analys_result","canvas-4-1-3-1-1-quantitative-submode-curves-new-analys-parameter-para-meas-copy-2-text-6","Анализ","分析","machine-review-required"
"4-1-3-1-1-quantitative-submode-curves-new-analys-parameter-para-meas-copy-2","4-1-1-7-2-1 Quantitative-submode-curves-new-analys_parameter_analys_result","canvas-4-1-3-1-1-quantitative-submode-curves-new-analys-parameter-para-meas-copy-2-text-7","λ=1050.3 нм","λ=1050.3纳米","machine-review-required"
"4-1-3-1-1-quantitative-submode-curves-new-analys-parameter-para-meas-copy-2","4-1-1-7-2-1 Quantitative-submode-curves-new-analys_parameter_analys_result","canvas-4-1-3-1-1-quantitative-submode-curves-new-analys-parameter-para-meas-copy-2-text-9","Параметры измерения","测量参数","machine-review-required"
"4-1-3-1-1-quantitative-submode-curves-new-analys-parameter-para-meas-copy-2","4-1-1-7-2-1 Quantitative-submode-curves-new-analys_parameter_analys_result","canvas-4-1-3-1-1-quantitative-submode-curves-new-analys-parameter-para-meas-copy-2-text-12","Паралл. измерения","并行测量","machine-review-required"
"4-1-3-1-1-quantitative-submode-curves-new-analys-parameter-para-meas-copy-2","4-1-1-7-2-1 Quantitative-submode-curves-new-analys_parameter_analys_result","canvas-4-1-3-1-1-quantitative-submode-curves-new-analys-parameter-para-meas-copy-2-text-13","Анализ результатов","结果分析","machine-review-required"
"4-1-3-1-1-quantitative-submode-curves-new-analys-parameter-para-meas-copy-2","4-1-1-7-2-1 Quantitative-submode-curves-new-analys_parameter_analys_result","canvas-4-1-3-1-1-quantitative-submode-curves-new-analys-parameter-para-meas-copy-2-text-1782226032467","Далее","下一个","machine-review-required"
"4-1-3-1-1-quantitative-submode-curves-new-analys-parameter-para-meas-copy-copy","4-1-1-7-2-2 Quantitative-submode-curves-new-analys_parameter_para-mea-inputing","canvas-4-1-3-1-1-quantitative-submode-curves-new-analys-parameter-para-meas-copy-copy-text-1","Колич. анализ","数量分析","machine-review-required"
"4-1-3-1-1-quantitative-submode-curves-new-analys-parameter-para-meas-copy-copy","4-1-1-7-2-2 Quantitative-submode-curves-new-analys_parameter_para-mea-inputing","canvas-4-1-3-1-1-quantitative-submode-curves-new-analys-parameter-para-meas-copy-copy-text-3","17:05","17:05","machine-review-required"
"4-1-3-1-1-quantitative-submode-curves-new-analys-parameter-para-meas-copy-copy","4-1-1-7-2-2 Quantitative-submode-curves-new-analys_parameter_para-mea-inputing","canvas-4-1-3-1-1-quantitative-submode-curves-new-analys-parameter-para-meas-copy-copy-text-4","n=1","n=1","machine-review-required"
"4-1-3-1-1-quantitative-submode-curves-new-analys-parameter-para-meas-copy-copy","4-1-1-7-2-2 Quantitative-submode-curves-new-analys_parameter_para-mea-inputing","canvas-4-1-3-1-1-quantitative-submode-curves-new-analys-parameter-para-meas-copy-copy-text-6","Анализ","分析","machine-review-required"
"4-1-3-1-1-quantitative-submode-curves-new-analys-parameter-para-meas-copy-copy","4-1-1-7-2-2 Quantitative-submode-curves-new-analys_parameter_para-mea-inputing","canvas-4-1-3-1-1-quantitative-submode-curves-new-analys-parameter-para-meas-copy-copy-text-7","λ=1050.3 нм","λ=1050.3纳米","machine-review-required"
"4-1-3-1-1-quantitative-submode-curves-new-analys-parameter-para-meas-copy-copy","4-1-1-7-2-2 Quantitative-submode-curves-new-analys_parameter_para-mea-inputing","canvas-4-1-3-1-1-quantitative-submode-curves-new-analys-parameter-para-meas-copy-copy-text-9","Параллельные измерения","并行测量","machine-review-required"
"4-1-3-1-1-quantitative-submode-curves-new-analys-parameter-para-meas-copy-copy","4-1-1-7-2-2 Quantitative-submode-curves-new-analys_parameter_para-mea-inputing","canvas-4-1-3-1-1-quantitative-submode-curves-new-analys-parameter-para-meas-copy-copy-text-12","Введите число","输入号码","machine-review-required"
"4-1-3-1-1-quantitative-submode-curves-new-analys-parameter-para-meas-copy-copy","4-1-1-7-2-2 Quantitative-submode-curves-new-analys_parameter_para-mea-inputing","canvas-4-1-3-1-1-quantitative-submode-curves-new-analys-parameter-para-meas-copy-copy-text-1782221106615","парал. измерений (n)","平行。尺寸（n）","machine-review-required"
"4-1-3-1-1-quantitative-submode-curves-new-analys-parameter-para-meas-copy-copy","4-1-1-7-2-2 Quantitative-submode-curves-new-analys_parameter_para-mea-inputing","canvas-4-1-3-1-1-quantitative-submode-curves-new-analys-parameter-para-meas-copy-copy-text-1782221177863","-","-","machine-review-required"
"4-1-3-1-1-quantitative-submode-curves-new-analys-parameter-para-meas-copy-copy","4-1-1-7-2-2 Quantitative-submode-curves-new-analys_parameter_para-mea-inputing","canvas-4-1-3-1-1-quantitative-submode-curves-new-analys-parameter-para-meas-copy-copy-text-1782221214860","_","_","machine-review-required"
"4-1-3-1-1-1-quantitative-submode-curves-new-analys-parameter-para-mea-inputing-copy","4-1-1-7-2-3 Quantitative-submode-curves-new-analys_parameter_para-mea-inputing Copy","canvas-4-1-3-1-1-1-quantitative-submode-curves-new-analys-parameter-para-mea-inputing-copy-text-1","Колич. анализ","数量分析","machine-review-required"
"4-1-3-1-1-1-quantitative-submode-curves-new-analys-parameter-para-mea-inputing-copy","4-1-1-7-2-3 Quantitative-submode-curves-new-analys_parameter_para-mea-inputing Copy","canvas-4-1-3-1-1-1-quantitative-submode-curves-new-analys-parameter-para-mea-inputing-copy-text-3","17:05","17:05","machine-review-required"
"4-1-3-1-1-1-quantitative-submode-curves-new-analys-parameter-para-mea-inputing-copy","4-1-1-7-2-3 Quantitative-submode-curves-new-analys_parameter_para-mea-inputing Copy","canvas-4-1-3-1-1-1-quantitative-submode-curves-new-analys-parameter-para-mea-inputing-copy-text-4","n=1","n=1","machine-review-required"
"4-1-3-1-1-1-quantitative-submode-curves-new-analys-parameter-para-mea-inputing-copy","4-1-1-7-2-3 Quantitative-submode-curves-new-analys_parameter_para-mea-inputing Copy","canvas-4-1-3-1-1-1-quantitative-submode-curves-new-analys-parameter-para-mea-inputing-copy-text-6","Анализ","分析","machine-review-required"
"4-1-3-1-1-1-quantitative-submode-curves-new-analys-parameter-para-mea-inputing-copy","4-1-1-7-2-3 Quantitative-submode-curves-new-analys_parameter_para-mea-inputing Copy","canvas-4-1-3-1-1-1-quantitative-submode-curves-new-analys-parameter-para-mea-inputing-copy-text-7","λ=1050.3 нм","λ=1050.3纳米","machine-review-required"
"4-1-3-1-1-1-quantitative-submode-curves-new-analys-parameter-para-mea-inputing-copy","4-1-1-7-2-3 Quantitative-submode-curves-new-analys_parameter_para-mea-inputing Copy","canvas-4-1-3-1-1-1-quantitative-submode-curves-new-analys-parameter-para-mea-inputing-copy-text-9","Параллельные измерения","并行测量","machine-review-required"
"4-1-3-1-1-1-quantitative-submode-curves-new-analys-parameter-para-mea-inputing-copy","4-1-1-7-2-3 Quantitative-submode-curves-new-analys_parameter_para-mea-inputing Copy","canvas-4-1-3-1-1-1-quantitative-submode-curves-new-analys-parameter-para-mea-inputing-copy-text-10","Введите число","输入号码","machine-review-required"
"4-1-3-1-1-1-quantitative-submode-curves-new-analys-parameter-para-mea-inputing-copy","4-1-1-7-2-3 Quantitative-submode-curves-new-analys_parameter_para-mea-inputing Copy","canvas-4-1-3-1-1-1-quantitative-submode-curves-new-analys-parameter-para-mea-inputing-copy-text-11","парал. измерений (n)","平行。尺寸（n）","machine-review-required"
"4-1-3-1-1-1-quantitative-submode-curves-new-analys-parameter-para-mea-inputing-copy","4-1-1-7-2-3 Quantitative-submode-curves-new-analys_parameter_para-mea-inputing Copy","canvas-4-1-3-1-1-1-quantitative-submode-curves-new-analys-parameter-para-mea-inputing-copy-text-12","-","-","machine-review-required"
"4-1-3-1-1-1-quantitative-submode-curves-new-analys-parameter-para-mea-inputing-copy","4-1-1-7-2-3 Quantitative-submode-curves-new-analys_parameter_para-mea-inputing Copy","canvas-4-1-3-1-1-1-quantitative-submode-curves-new-analys-parameter-para-mea-inputing-copy-text-13","2","2","machine-review-required"
"4-1-3-1-2-2-quantitative-submode-curves-new-analys-parameter-para-meas-copy-copy","4-1-1-7-3-3 Quantitative-submode-curves-new-analys_parameter_analys_result-no","canvas-4-1-3-1-2-2-quantitative-submode-curves-new-analys-parameter-para-meas-copy-copy-text-1","Колич. анализ","数量分析","machine-review-required"
"4-1-3-1-2-2-quantitative-submode-curves-new-analys-parameter-para-meas-copy-copy","4-1-1-7-3-3 Quantitative-submode-curves-new-analys_parameter_analys_result-no","canvas-4-1-3-1-2-2-quantitative-submode-curves-new-analys-parameter-para-meas-copy-copy-text-3","17:05","17:05","machine-review-required"
"4-1-3-1-2-2-quantitative-submode-curves-new-analys-parameter-para-meas-copy-copy","4-1-1-7-3-3 Quantitative-submode-curves-new-analys_parameter_analys_result-no","canvas-4-1-3-1-2-2-quantitative-submode-curves-new-analys-parameter-para-meas-copy-copy-text-4","n=2","n=2","machine-review-required"
"4-1-3-1-2-2-quantitative-submode-curves-new-analys-parameter-para-meas-copy-copy","4-1-1-7-3-3 Quantitative-submode-curves-new-analys_parameter_analys_result-no","canvas-4-1-3-1-2-2-quantitative-submode-curves-new-analys-parameter-para-meas-copy-copy-text-6","Анализ","分析","machine-review-required"
"4-1-3-1-2-2-quantitative-submode-curves-new-analys-parameter-para-meas-copy-copy","4-1-1-7-3-3 Quantitative-submode-curves-new-analys_parameter_analys_result-no","canvas-4-1-3-1-2-2-quantitative-submode-curves-new-analys-parameter-para-meas-copy-copy-text-7","λ=1050.3 нм","λ=1050.3纳米","machine-review-required"
"4-1-3-1-2-2-quantitative-submode-curves-new-analys-parameter-para-meas-copy-copy","4-1-1-7-3-3 Quantitative-submode-curves-new-analys_parameter_analys_result-no","canvas-4-1-3-1-2-2-quantitative-submode-curves-new-analys-parameter-para-meas-copy-copy-text-9","Анализ результатов","结果分析","machine-review-required"
"4-1-3-1-2-2-quantitative-submode-curves-new-analys-parameter-para-meas-copy-copy","4-1-1-7-3-3 Quantitative-submode-curves-new-analys_parameter_analys_result-no","canvas-4-1-3-1-2-2-quantitative-submode-curves-new-analys-parameter-para-meas-copy-copy-text-12","Нет","不","machine-review-required"
"4-1-3-1-2-2-quantitative-submode-curves-new-analys-parameter-para-meas-copy-copy","4-1-1-7-3-3 Quantitative-submode-curves-new-analys_parameter_analys_result-no","canvas-4-1-3-1-2-2-quantitative-submode-curves-new-analys-parameter-para-meas-copy-copy-text-13","Статистически","统计上","machine-review-required"
"4-1-3-1-2-1-quantitative-submode-curves-new-analys-parameter-para-meas-copy-copy-copy","4-1-1-8-1 Quantitative-submode-curves-new-analys_parameter_meas_zeroing","canvas-4-1-3-1-2-1-quantitative-submode-curves-new-analys-parameter-para-meas-copy-copy-copy-text-1","Колич. анализ","数量分析","machine-review-required"
"4-1-3-1-2-1-quantitative-submode-curves-new-analys-parameter-para-meas-copy-copy-copy","4-1-1-8-1 Quantitative-submode-curves-new-analys_parameter_meas_zeroing","canvas-4-1-3-1-2-1-quantitative-submode-curves-new-analys-parameter-para-meas-copy-copy-copy-text-3","17:05","17:05","machine-review-required"
"4-1-3-1-2-1-quantitative-submode-curves-new-analys-parameter-para-meas-copy-copy-copy","4-1-1-8-1 Quantitative-submode-curves-new-analys_parameter_meas_zeroing","canvas-4-1-3-1-2-1-quantitative-submode-curves-new-analys-parameter-para-meas-copy-copy-copy-text-4","n=2","n=2","machine-review-required"
"4-1-3-1-2-1-quantitative-submode-curves-new-analys-parameter-para-meas-copy-copy-copy","4-1-1-8-1 Quantitative-submode-curves-new-analys_parameter_meas_zeroing","canvas-4-1-3-1-2-1-quantitative-submode-curves-new-analys-parameter-para-meas-copy-copy-copy-text-6","Анализ","分析","machine-review-required"
"4-1-3-1-2-1-quantitative-submode-curves-new-analys-parameter-para-meas-copy-copy-copy","4-1-1-8-1 Quantitative-submode-curves-new-analys_parameter_meas_zeroing","canvas-4-1-3-1-2-1-quantitative-submode-curves-new-analys-parameter-para-meas-copy-copy-copy-text-7","λ=1050.3 нм","λ=1050.3纳米","machine-review-required"
"4-1-3-1-2-1-quantitative-submode-curves-new-analys-parameter-para-meas-copy-copy-copy","4-1-1-8-1 Quantitative-submode-curves-new-analys_parameter_meas_zeroing","canvas-4-1-3-1-2-1-quantitative-submode-curves-new-analys-parameter-para-meas-copy-copy-copy-text-9","n","n","machine-review-required"
"4-1-3-1-2-1-quantitative-submode-curves-new-analys-parameter-para-meas-copy-copy-copy","4-1-1-8-1 Quantitative-submode-curves-new-analys_parameter_meas_zeroing","canvas-4-1-3-1-2-1-quantitative-submode-curves-new-analys-parameter-para-meas-copy-copy-copy-text-1782221982451","A","一个","machine-review-required"
"4-1-3-1-2-1-quantitative-submode-curves-new-analys-parameter-para-meas-copy-copy-copy","4-1-1-8-1 Quantitative-submode-curves-new-analys_parameter_meas_zeroing","canvas-4-1-3-1-2-1-quantitative-submode-curves-new-analys-parameter-para-meas-copy-copy-copy-text-1782222195130","C","C","machine-review-required"
"4-1-3-1-2-1-quantitative-submode-curves-new-analys-parameter-para-meas-copy-copy-copy","4-1-1-8-1 Quantitative-submode-curves-new-analys_parameter_meas_zeroing","canvas-4-1-3-1-2-1-quantitative-submode-curves-new-analys-parameter-para-meas-copy-copy-copy-text-1782222455103","ноль","零","machine-review-required"
"4-1-3-1-2-1-quantitative-submode-curves-new-analys-parameter-para-meas-copy-copy-copy","4-1-1-8-1 Quantitative-submode-curves-new-analys_parameter_meas_zeroing","canvas-4-1-3-1-2-1-quantitative-submode-curves-new-analys-parameter-para-meas-copy-copy-copy-text-1782222522702","Сср","苏联","machine-review-required"
"4-1-3-1-2-1-quantitative-submode-curves-new-analys-parameter-para-meas-copy-copy-copy","4-1-1-8-1 Quantitative-submode-curves-new-analys_parameter_meas_zeroing","canvas-4-1-3-1-2-1-quantitative-submode-curves-new-analys-parameter-para-meas-copy-copy-copy-text-1782222582407","dC","直流电","machine-review-required"
"4-1-3-1-2-1-quantitative-submode-curves-new-analys-parameter-para-meas-copy-copy-copy","4-1-1-8-1 Quantitative-submode-curves-new-analys_parameter_meas_zeroing","canvas-4-1-3-1-2-1-quantitative-submode-curves-new-analys-parameter-para-meas-copy-copy-copy-text-1782223196319","Sr","锶","machine-review-required"
"4-1-3-2-1-quantitative-submode-curves-new-analys-parameter-meas-zeroing-copy","4-1-1-8-2 Quantitative-submode-curves-new-analys_parameter_meas_paral-1","canvas-4-1-3-2-1-quantitative-submode-curves-new-analys-parameter-meas-zeroing-copy-text-1","Колич. анализ","数量分析","machine-review-required"
"4-1-3-2-1-quantitative-submode-curves-new-analys-parameter-meas-zeroing-copy","4-1-1-8-2 Quantitative-submode-curves-new-analys_parameter_meas_paral-1","canvas-4-1-3-2-1-quantitative-submode-curves-new-analys-parameter-meas-zeroing-copy-text-3","17:05","17:05","machine-review-required"
"4-1-3-2-1-quantitative-submode-curves-new-analys-parameter-meas-zeroing-copy","4-1-1-8-2 Quantitative-submode-curves-new-analys_parameter_meas_paral-1","canvas-4-1-3-2-1-quantitative-submode-curves-new-analys-parameter-meas-zeroing-copy-text-4","n=2","n=2","machine-review-required"
"4-1-3-2-1-quantitative-submode-curves-new-analys-parameter-meas-zeroing-copy","4-1-1-8-2 Quantitative-submode-curves-new-analys_parameter_meas_paral-1","canvas-4-1-3-2-1-quantitative-submode-curves-new-analys-parameter-meas-zeroing-copy-text-6","Анализ","分析","machine-review-required"
"4-1-3-2-1-quantitative-submode-curves-new-analys-parameter-meas-zeroing-copy","4-1-1-8-2 Quantitative-submode-curves-new-analys_parameter_meas_paral-1","canvas-4-1-3-2-1-quantitative-submode-curves-new-analys-parameter-meas-zeroing-copy-text-7","λ=1050.3 нм","λ=1050.3纳米","machine-review-required"
"4-1-3-2-1-quantitative-submode-curves-new-analys-parameter-meas-zeroing-copy","4-1-1-8-2 Quantitative-submode-curves-new-analys_parameter_meas_paral-1","canvas-4-1-3-2-1-quantitative-submode-curves-new-analys-parameter-meas-zeroing-copy-text-9","n","n","machine-review-required"
"4-1-3-2-1-quantitative-submode-curves-new-analys-parameter-meas-zeroing-copy","4-1-1-8-2 Quantitative-submode-curves-new-analys_parameter_meas_paral-1","canvas-4-1-3-2-1-quantitative-submode-curves-new-analys-parameter-meas-zeroing-copy-text-10","1","1","machine-review-required"
"4-1-3-2-1-quantitative-submode-curves-new-analys-parameter-meas-zeroing-copy","4-1-1-8-2 Quantitative-submode-curves-new-analys_parameter_meas_paral-1","canvas-4-1-3-2-1-quantitative-submode-curves-new-analys-parameter-meas-zeroing-copy-text-11","A","一个","machine-review-required"
"4-1-3-2-1-quantitative-submode-curves-new-analys-parameter-meas-zeroing-copy","4-1-1-8-2 Quantitative-submode-curves-new-analys_parameter_meas_paral-1","canvas-4-1-3-2-1-quantitative-submode-curves-new-analys-parameter-meas-zeroing-copy-text-16","C","C","machine-review-required"
"4-1-3-2-1-quantitative-submode-curves-new-analys-parameter-meas-zeroing-copy","4-1-1-8-2 Quantitative-submode-curves-new-analys_parameter_meas_paral-1","canvas-4-1-3-2-1-quantitative-submode-curves-new-analys-parameter-meas-zeroing-copy-text-23","0.325","0.325","machine-review-required"
"4-1-3-2-1-quantitative-submode-curves-new-analys-parameter-meas-zeroing-copy","4-1-1-8-2 Quantitative-submode-curves-new-analys_parameter_meas_paral-1","canvas-4-1-3-2-1-quantitative-submode-curves-new-analys-parameter-meas-zeroing-copy-text-26","Сср","苏联","machine-review-required"
"4-1-3-2-1-quantitative-submode-curves-new-analys-parameter-meas-zeroing-copy","4-1-1-8-2 Quantitative-submode-curves-new-analys_parameter_meas_paral-1","canvas-4-1-3-2-1-quantitative-submode-curves-new-analys-parameter-meas-zeroing-copy-text-27","dC","直流电","machine-review-required"
"4-1-3-2-1-quantitative-submode-curves-new-analys-parameter-meas-zeroing-copy","4-1-1-8-2 Quantitative-submode-curves-new-analys_parameter_meas_paral-1","canvas-4-1-3-2-1-quantitative-submode-curves-new-analys-parameter-meas-zeroing-copy-text-34","Sr","锶","machine-review-required"
"4-1-3-2-1-quantitative-submode-curves-new-analys-parameter-meas-zeroing-copy","4-1-1-8-2 Quantitative-submode-curves-new-analys_parameter_meas_paral-1","canvas-4-1-3-2-1-quantitative-submode-curves-new-analys-parameter-meas-zeroing-copy-text-1782224007519","A","一个","machine-review-required"
"4-1-3-2-1-quantitative-submode-curves-new-analys-parameter-meas-zeroing-copy","4-1-1-8-2 Quantitative-submode-curves-new-analys_parameter_meas_paral-1","canvas-4-1-3-2-1-quantitative-submode-curves-new-analys-parameter-meas-zeroing-copy-text-1782224055126","0.325","0.325","machine-review-required"
"4-1-3-2-1-quantitative-submode-curves-new-analys-parameter-meas-zeroing-copy","4-1-1-8-2 Quantitative-submode-curves-new-analys_parameter_meas_paral-1","canvas-4-1-3-2-1-quantitative-submode-curves-new-analys-parameter-meas-zeroing-copy-text-1782224082806","0.3174","0.3174","machine-review-required"
"4-1-3-2-2-quantitative-submode-curves-new-analys-parameter-meas-zeroing-copy-copy","4-1-1-8-3 Quantitative-submode-curves-new-analys_parameter_meas_par-2","canvas-4-1-3-2-2-quantitative-submode-curves-new-analys-parameter-meas-zeroing-copy-copy-text-1","Колич. анализ","数量分析","machine-review-required"
"4-1-3-2-2-quantitative-submode-curves-new-analys-parameter-meas-zeroing-copy-copy","4-1-1-8-3 Quantitative-submode-curves-new-analys_parameter_meas_par-2","canvas-4-1-3-2-2-quantitative-submode-curves-new-analys-parameter-meas-zeroing-copy-copy-text-3","17:05","17:05","machine-review-required"
"4-1-3-2-2-quantitative-submode-curves-new-analys-parameter-meas-zeroing-copy-copy","4-1-1-8-3 Quantitative-submode-curves-new-analys_parameter_meas_par-2","canvas-4-1-3-2-2-quantitative-submode-curves-new-analys-parameter-meas-zeroing-copy-copy-text-4","n=2","n=2","machine-review-required"
"4-1-3-2-2-quantitative-submode-curves-new-analys-parameter-meas-zeroing-copy-copy","4-1-1-8-3 Quantitative-submode-curves-new-analys_parameter_meas_par-2","canvas-4-1-3-2-2-quantitative-submode-curves-new-analys-parameter-meas-zeroing-copy-copy-text-6","Анализ","分析","machine-review-required"
"4-1-3-2-2-quantitative-submode-curves-new-analys-parameter-meas-zeroing-copy-copy","4-1-1-8-3 Quantitative-submode-curves-new-analys_parameter_meas_par-2","canvas-4-1-3-2-2-quantitative-submode-curves-new-analys-parameter-meas-zeroing-copy-copy-text-7","λ=1050.3 нм","λ=1050.3纳米","machine-review-required"
"4-1-3-2-2-quantitative-submode-curves-new-analys-parameter-meas-zeroing-copy-copy","4-1-1-8-3 Quantitative-submode-curves-new-analys_parameter_meas_par-2","canvas-4-1-3-2-2-quantitative-submode-curves-new-analys-parameter-meas-zeroing-copy-copy-text-9","n","n","machine-review-required"
"4-1-3-2-2-quantitative-submode-curves-new-analys-parameter-meas-zeroing-copy-copy","4-1-1-8-3 Quantitative-submode-curves-new-analys_parameter_meas_par-2","canvas-4-1-3-2-2-quantitative-submode-curves-new-analys-parameter-meas-zeroing-copy-copy-text-10","1","1","machine-review-required"
"4-1-3-2-2-quantitative-submode-curves-new-analys-parameter-meas-zeroing-copy-copy","4-1-1-8-3 Quantitative-submode-curves-new-analys_parameter_meas_par-2","canvas-4-1-3-2-2-quantitative-submode-curves-new-analys-parameter-meas-zeroing-copy-copy-text-11","A","一个","machine-review-required"
"4-1-3-2-2-quantitative-submode-curves-new-analys-parameter-meas-zeroing-copy-copy","4-1-1-8-3 Quantitative-submode-curves-new-analys_parameter_meas_par-2","canvas-4-1-3-2-2-quantitative-submode-curves-new-analys-parameter-meas-zeroing-copy-copy-text-16","C","C","machine-review-required"
"4-1-3-2-2-quantitative-submode-curves-new-analys-parameter-meas-zeroing-copy-copy","4-1-1-8-3 Quantitative-submode-curves-new-analys_parameter_meas_par-2","canvas-4-1-3-2-2-quantitative-submode-curves-new-analys-parameter-meas-zeroing-copy-copy-text-23","0.325","0.325","machine-review-required"
"4-1-3-2-2-quantitative-submode-curves-new-analys-parameter-meas-zeroing-copy-copy","4-1-1-8-3 Quantitative-submode-curves-new-analys_parameter_meas_par-2","canvas-4-1-3-2-2-quantitative-submode-curves-new-analys-parameter-meas-zeroing-copy-copy-text-26","Сср","苏联","machine-review-required"
"4-1-3-2-2-quantitative-submode-curves-new-analys-parameter-meas-zeroing-copy-copy","4-1-1-8-3 Quantitative-submode-curves-new-analys_parameter_meas_par-2","canvas-4-1-3-2-2-quantitative-submode-curves-new-analys-parameter-meas-zeroing-copy-copy-text-27","dC","直流电","machine-review-required"
"4-1-3-2-2-quantitative-submode-curves-new-analys-parameter-meas-zeroing-copy-copy","4-1-1-8-3 Quantitative-submode-curves-new-analys_parameter_meas_par-2","canvas-4-1-3-2-2-quantitative-submode-curves-new-analys-parameter-meas-zeroing-copy-copy-text-34","Sr","锶","machine-review-required"
"4-1-3-2-2-quantitative-submode-curves-new-analys-parameter-meas-zeroing-copy-copy","4-1-1-8-3 Quantitative-submode-curves-new-analys_parameter_meas_par-2","canvas-4-1-3-2-2-quantitative-submode-curves-new-analys-parameter-meas-zeroing-copy-copy-text-36","A","一个","machine-review-required"
"4-1-3-2-2-quantitative-submode-curves-new-analys-parameter-meas-zeroing-copy-copy","4-1-1-8-3 Quantitative-submode-curves-new-analys_parameter_meas_par-2","canvas-4-1-3-2-2-quantitative-submode-curves-new-analys-parameter-meas-zeroing-copy-copy-text-37","0.325","0.325","machine-review-required"
"4-1-3-2-2-quantitative-submode-curves-new-analys-parameter-meas-zeroing-copy-copy","4-1-1-8-3 Quantitative-submode-curves-new-analys_parameter_meas_par-2","canvas-4-1-3-2-2-quantitative-submode-curves-new-analys-parameter-meas-zeroing-copy-copy-text-38","0.3174","0.3174","machine-review-required"
"4-1-3-2-2-quantitative-submode-curves-new-analys-parameter-meas-zeroing-copy-copy","4-1-1-8-3 Quantitative-submode-curves-new-analys_parameter_meas_par-2","canvas-4-1-3-2-2-quantitative-submode-curves-new-analys-parameter-meas-zeroing-copy-copy-text-1782224266627","2","2","machine-review-required"
"4-1-3-2-2-quantitative-submode-curves-new-analys-parameter-meas-zeroing-copy-copy","4-1-1-8-3 Quantitative-submode-curves-new-analys_parameter_meas_par-2","canvas-4-1-3-2-2-quantitative-submode-curves-new-analys-parameter-meas-zeroing-copy-copy-text-1782224280722","0.328","0.328","machine-review-required"
"4-1-3-2-2-quantitative-submode-curves-new-analys-parameter-meas-zeroing-copy-copy","4-1-1-8-3 Quantitative-submode-curves-new-analys_parameter_meas_par-2","canvas-4-1-3-2-2-quantitative-submode-curves-new-analys-parameter-meas-zeroing-copy-copy-text-1782224307363","0.3204","0.3204","machine-review-required"
"4-1-3-2-2-quantitative-submode-curves-new-analys-parameter-meas-zeroing-copy-copy","4-1-1-8-3 Quantitative-submode-curves-new-analys_parameter_meas_par-2","canvas-4-1-3-2-2-quantitative-submode-curves-new-analys-parameter-meas-zeroing-copy-copy-text-1782224373147","0.003","0.003","machine-review-required"
"4-1-3-2-2-quantitative-submode-curves-new-analys-parameter-meas-zeroing-copy-copy","4-1-1-8-3 Quantitative-submode-curves-new-analys_parameter_meas_par-2","canvas-4-1-3-2-2-quantitative-submode-curves-new-analys-parameter-meas-zeroing-copy-copy-text-1782224403338","0.3189","0.3189","machine-review-required"
"4-1-3-2-2-quantitative-submode-curves-new-analys-parameter-meas-zeroing-copy-copy","4-1-1-8-3 Quantitative-submode-curves-new-analys_parameter_meas_par-2","canvas-4-1-3-2-2-quantitative-submode-curves-new-analys-parameter-meas-zeroing-copy-copy-text-1782224504746","0.0015","0.0015","machine-review-required"
"4-1-3-1-2-quantitative-submode-curves-new-analys-parameter-analys-result-copy","4-1-1-7-3-1 Quantitative-submode-curves-new-analys_parameter_analys_result Copy","canvas-4-1-3-1-2-quantitative-submode-curves-new-analys-parameter-analys-result-copy-text-1","Колич. анализ","数量分析","machine-review-required"
"4-1-3-1-2-quantitative-submode-curves-new-analys-parameter-analys-result-copy","4-1-1-7-3-1 Quantitative-submode-curves-new-analys_parameter_analys_result Copy","canvas-4-1-3-1-2-quantitative-submode-curves-new-analys-parameter-analys-result-copy-text-3","17:05","17:05","machine-review-required"
"4-1-3-1-2-quantitative-submode-curves-new-analys-parameter-analys-result-copy","4-1-1-7-3-1 Quantitative-submode-curves-new-analys_parameter_analys_result Copy","canvas-4-1-3-1-2-quantitative-submode-curves-new-analys-parameter-analys-result-copy-text-4","n=1","n=1","machine-review-required"
"4-1-3-1-2-quantitative-submode-curves-new-analys-parameter-analys-result-copy","4-1-1-7-3-1 Quantitative-submode-curves-new-analys_parameter_analys_result Copy","canvas-4-1-3-1-2-quantitative-submode-curves-new-analys-parameter-analys-result-copy-text-6","Анализ","分析","machine-review-required"
"4-1-3-1-2-quantitative-submode-curves-new-analys-parameter-analys-result-copy","4-1-1-7-3-1 Quantitative-submode-curves-new-analys_parameter_analys_result Copy","canvas-4-1-3-1-2-quantitative-submode-curves-new-analys-parameter-analys-result-copy-text-7","λ=1050.3 нм","λ=1050.3纳米","machine-review-required"
"4-1-3-1-2-quantitative-submode-curves-new-analys-parameter-analys-result-copy","4-1-1-7-3-1 Quantitative-submode-curves-new-analys_parameter_analys_result Copy","canvas-4-1-3-1-2-quantitative-submode-curves-new-analys-parameter-analys-result-copy-text-9","Параметры измерения","测量参数","machine-review-required"
"4-1-3-1-2-quantitative-submode-curves-new-analys-parameter-analys-result-copy","4-1-1-7-3-1 Quantitative-submode-curves-new-analys_parameter_analys_result Copy","canvas-4-1-3-1-2-quantitative-submode-curves-new-analys-parameter-analys-result-copy-text-12","Паралл. измерения","并行测量","machine-review-required"
"4-1-3-1-2-quantitative-submode-curves-new-analys-parameter-analys-result-copy","4-1-1-7-3-1 Quantitative-submode-curves-new-analys_parameter_analys_result Copy","canvas-4-1-3-1-2-quantitative-submode-curves-new-analys-parameter-analys-result-copy-text-13","Анализ результатов","结果分析","machine-review-required"
"4-1-3-1-2-quantitative-submode-curves-new-analys-parameter-analys-result-copy","4-1-1-7-3-1 Quantitative-submode-curves-new-analys_parameter_analys_result Copy","canvas-4-1-3-1-2-quantitative-submode-curves-new-analys-parameter-analys-result-copy-text-15","Далее","下一个","machine-review-required"
"4-1-3-2-3-quantitative-submode-curves-new-analys-parameter-meas-par-2-copy","4-1-1-9-1 Quantitative-submode-curves-new-analys_save_result-yes","canvas-4-1-3-2-3-quantitative-submode-curves-new-analys-parameter-meas-par-2-copy-text-1","Колич. анализ","数量分析","machine-review-required"
"4-1-3-2-3-quantitative-submode-curves-new-analys-parameter-meas-par-2-copy","4-1-1-9-1 Quantitative-submode-curves-new-analys_save_result-yes","canvas-4-1-3-2-3-quantitative-submode-curves-new-analys-parameter-meas-par-2-copy-text-3","17:05","17:05","machine-review-required"
"4-1-3-2-3-quantitative-submode-curves-new-analys-parameter-meas-par-2-copy","4-1-1-9-1 Quantitative-submode-curves-new-analys_save_result-yes","canvas-4-1-3-2-3-quantitative-submode-curves-new-analys-parameter-meas-par-2-copy-text-4","n=2","n=2","machine-review-required"
"4-1-3-2-3-quantitative-submode-curves-new-analys-parameter-meas-par-2-copy","4-1-1-9-1 Quantitative-submode-curves-new-analys_save_result-yes","canvas-4-1-3-2-3-quantitative-submode-curves-new-analys-parameter-meas-par-2-copy-text-6","Cохранить результаты?","保存结果？","machine-review-required"
"4-1-3-2-3-quantitative-submode-curves-new-analys-parameter-meas-par-2-copy","4-1-1-9-1 Quantitative-submode-curves-new-analys_save_result-yes","canvas-4-1-3-2-3-quantitative-submode-curves-new-analys-parameter-meas-par-2-copy-text-1782226738515","Да","是的","machine-review-required"
"4-1-3-2-3-quantitative-submode-curves-new-analys-parameter-meas-par-2-copy","4-1-1-9-1 Quantitative-submode-curves-new-analys_save_result-yes","canvas-4-1-3-2-3-quantitative-submode-curves-new-analys-parameter-meas-par-2-copy-text-1782226751442","Нет","不","machine-review-required"
"4-1-4-1-quantitative-submode-curves-new-analys-save-result-copy","4-1-1-9-2 Quantitative-submode-curves-new-analys_save_result-no","canvas-4-1-4-1-quantitative-submode-curves-new-analys-save-result-copy-text-1","Колич. анализ","数量分析","machine-review-required"
"4-1-4-1-quantitative-submode-curves-new-analys-save-result-copy","4-1-1-9-2 Quantitative-submode-curves-new-analys_save_result-no","canvas-4-1-4-1-quantitative-submode-curves-new-analys-save-result-copy-text-3","17:05","17:05","machine-review-required"
"4-1-4-1-quantitative-submode-curves-new-analys-save-result-copy","4-1-1-9-2 Quantitative-submode-curves-new-analys_save_result-no","canvas-4-1-4-1-quantitative-submode-curves-new-analys-save-result-copy-text-4","n=2","n=2","machine-review-required"
"4-1-4-1-quantitative-submode-curves-new-analys-save-result-copy","4-1-1-9-2 Quantitative-submode-curves-new-analys_save_result-no","canvas-4-1-4-1-quantitative-submode-curves-new-analys-save-result-copy-text-6","Cохранить результаты?","保存结果？","machine-review-required"
"4-1-4-1-quantitative-submode-curves-new-analys-save-result-copy","4-1-1-9-2 Quantitative-submode-curves-new-analys_save_result-no","canvas-4-1-4-1-quantitative-submode-curves-new-analys-save-result-copy-text-9","Да","是的","machine-review-required"
"4-1-4-1-quantitative-submode-curves-new-analys-save-result-copy","4-1-1-9-2 Quantitative-submode-curves-new-analys_save_result-no","canvas-4-1-4-1-quantitative-submode-curves-new-analys-save-result-copy-text-10","Нет","不","machine-review-required"
"4-1-4-2-quantitative-submode-curves-new-analys-save-result-no-copy","4-1-1-10-2 Quantitative-submode-curves-new-analys_save_result-yes-USB","canvas-4-1-4-2-quantitative-submode-curves-new-analys-save-result-no-copy-text-1","Колич. анализ","数量分析","machine-review-required"
"4-1-4-2-quantitative-submode-curves-new-analys-save-result-no-copy","4-1-1-10-2 Quantitative-submode-curves-new-analys_save_result-yes-USB","canvas-4-1-4-2-quantitative-submode-curves-new-analys-save-result-no-copy-text-3","17:05","17:05","machine-review-required"
"4-1-4-2-quantitative-submode-curves-new-analys-save-result-no-copy","4-1-1-10-2 Quantitative-submode-curves-new-analys_save_result-yes-USB","canvas-4-1-4-2-quantitative-submode-curves-new-analys-save-result-no-copy-text-4","n=2","n=2","machine-review-required"
"4-1-4-2-quantitative-submode-curves-new-analys-save-result-no-copy","4-1-1-10-2 Quantitative-submode-curves-new-analys_save_result-yes-USB","canvas-4-1-4-2-quantitative-submode-curves-new-analys-save-result-no-copy-text-6","Сохранить?","节省？","machine-review-required"
"4-1-4-2-quantitative-submode-curves-new-analys-save-result-no-copy","4-1-1-10-2 Quantitative-submode-curves-new-analys_save_result-yes-USB","canvas-4-1-4-2-quantitative-submode-curves-new-analys-save-result-no-copy-text-9","Внутренняя память","内存","machine-review-required"
"4-1-4-2-quantitative-submode-curves-new-analys-save-result-no-copy","4-1-1-10-2 Quantitative-submode-curves-new-analys_save_result-yes-USB","canvas-4-1-4-2-quantitative-submode-curves-new-analys-save-result-no-copy-text-10","USB-накопитель","USB 闪存驱动器","machine-review-required"
"4-1-4-1-2-quantitative-submode-curves-new-analys-save-result-yes-naming-copy","4-1-1-10-1 Quantitative-submode-curves-new-analys_save_result-yes-storage","canvas-4-1-4-1-2-quantitative-submode-curves-new-analys-save-result-yes-naming-copy-text-1","Колич. анализ","数量分析","machine-review-required"
"4-1-4-1-2-quantitative-submode-curves-new-analys-save-result-yes-naming-copy","4-1-1-10-1 Quantitative-submode-curves-new-analys_save_result-yes-storage","canvas-4-1-4-1-2-quantitative-submode-curves-new-analys-save-result-yes-naming-copy-text-3","17:05","17:05","machine-review-required"
"4-1-4-1-2-quantitative-submode-curves-new-analys-save-result-yes-naming-copy","4-1-1-10-1 Quantitative-submode-curves-new-analys_save_result-yes-storage","canvas-4-1-4-1-2-quantitative-submode-curves-new-analys-save-result-yes-naming-copy-text-4","n=2","n=2","machine-review-required"
"4-1-4-1-2-quantitative-submode-curves-new-analys-save-result-yes-naming-copy","4-1-1-10-1 Quantitative-submode-curves-new-analys_save_result-yes-storage","canvas-4-1-4-1-2-quantitative-submode-curves-new-analys-save-result-yes-naming-copy-text-5","Сохранить?","节省？","machine-review-required"
"4-1-4-1-2-quantitative-submode-curves-new-analys-save-result-yes-naming-copy","4-1-1-10-1 Quantitative-submode-curves-new-analys_save_result-yes-storage","canvas-4-1-4-1-2-quantitative-submode-curves-new-analys-save-result-yes-naming-copy-text-8","Внутренняя память","内存","machine-review-required"
"4-1-4-1-2-quantitative-submode-curves-new-analys-save-result-yes-naming-copy","4-1-1-10-1 Quantitative-submode-curves-new-analys_save_result-yes-storage","canvas-4-1-4-1-2-quantitative-submode-curves-new-analys-save-result-yes-naming-copy-text-9","USB-накопитель","USB 闪存驱动器","machine-review-required"
"4-1-4-1-1-quantitative-submode-curves-new-analys-save-result-yes-storage-copy","4-1-1-11-1 Quantitative-submode-curves-new-analys_save_result-yes-storage/USB-naming","canvas-4-1-4-1-1-quantitative-submode-curves-new-analys-save-result-yes-storage-copy-text-1","Колич. анализ","数量分析","machine-review-required"
"4-1-4-1-1-quantitative-submode-curves-new-analys-save-result-yes-storage-copy","4-1-1-11-1 Quantitative-submode-curves-new-analys_save_result-yes-storage/USB-naming","canvas-4-1-4-1-1-quantitative-submode-curves-new-analys-save-result-yes-storage-copy-text-3","17:05","17:05","machine-review-required"
"4-1-4-1-1-quantitative-submode-curves-new-analys-save-result-yes-storage-copy","4-1-1-11-1 Quantitative-submode-curves-new-analys_save_result-yes-storage/USB-naming","canvas-4-1-4-1-1-quantitative-submode-curves-new-analys-save-result-yes-storage-copy-text-4","n=2","n=2","machine-review-required"
"4-1-4-1-1-quantitative-submode-curves-new-analys-save-result-yes-storage-copy","4-1-1-11-1 Quantitative-submode-curves-new-analys_save_result-yes-storage/USB-naming","canvas-4-1-4-1-1-quantitative-submode-curves-new-analys-save-result-yes-storage-copy-text-5","Введите название файла","输入文件名","machine-review-required"
"4-1-4-1-1-quantitative-submode-curves-new-analys-save-result-yes-storage-copy","4-1-1-11-1 Quantitative-submode-curves-new-analys_save_result-yes-storage/USB-naming","canvas-4-1-4-1-1-quantitative-submode-curves-new-analys-save-result-yes-storage-copy-text-1782227509124","_____","_____","machine-review-required"
"4-1-5-1-quantitative-submode-curves-new-analys-save-result-yes-storage-usb-naming-copy","4-1-1-11-2 Quantitative-submode-curves-new-analys_save_result-yes-storage/USB-named","canvas-4-1-5-1-quantitative-submode-curves-new-analys-save-result-yes-storage-usb-naming-copy-text-1","Колич. анализ","数量分析","machine-review-required"
"4-1-5-1-quantitative-submode-curves-new-analys-save-result-yes-storage-usb-naming-copy","4-1-1-11-2 Quantitative-submode-curves-new-analys_save_result-yes-storage/USB-named","canvas-4-1-5-1-quantitative-submode-curves-new-analys-save-result-yes-storage-usb-naming-copy-text-3","17:05","17:05","machine-review-required"
"4-1-5-1-quantitative-submode-curves-new-analys-save-result-yes-storage-usb-naming-copy","4-1-1-11-2 Quantitative-submode-curves-new-analys_save_result-yes-storage/USB-named","canvas-4-1-5-1-quantitative-submode-curves-new-analys-save-result-yes-storage-usb-naming-copy-text-4","n=2","n=2","machine-review-required"
"4-1-5-1-quantitative-submode-curves-new-analys-save-result-yes-storage-usb-naming-copy","4-1-1-11-2 Quantitative-submode-curves-new-analys_save_result-yes-storage/USB-named","canvas-4-1-5-1-quantitative-submode-curves-new-analys-save-result-yes-storage-usb-naming-copy-text-5","Введите название файла","输入文件名","machine-review-required"
"4-1-5-1-quantitative-submode-curves-new-analys-save-result-yes-storage-usb-naming-copy","4-1-1-11-2 Quantitative-submode-curves-new-analys_save_result-yes-storage/USB-named","canvas-4-1-5-1-quantitative-submode-curves-new-analys-save-result-yes-storage-usb-naming-copy-text-7","wa-mn","瓦姆恩","machine-review-required"
"4-1-2-quantitative-submode-curves-load-copy","4-1-2-1-1 Quantitative-submode-curves-load","canvas-4-1-2-quantitative-submode-curves-load-copy-text-1","Колич. анализ","数量分析","machine-review-required"
"4-1-2-quantitative-submode-curves-load-copy","4-1-2-1-1 Quantitative-submode-curves-load","canvas-4-1-2-quantitative-submode-curves-load-copy-text-3","17:05","17:05","machine-review-required"
"4-1-2-quantitative-submode-curves-load-copy","4-1-2-1-1 Quantitative-submode-curves-load","canvas-4-1-2-quantitative-submode-curves-load-copy-text-4","Загрузить коэффициенты","下载赔率","machine-review-required"
"4-1-2-quantitative-submode-curves-load-copy","4-1-2-1-1 Quantitative-submode-curves-load","canvas-4-1-2-quantitative-submode-curves-load-copy-text-8","Выберете файл","选择一个文件","machine-review-required"
"4-1-2-quantitative-submode-curves-load-copy","4-1-2-1-1 Quantitative-submode-curves-load","canvas-4-1-2-quantitative-submode-curves-load-copy-text-9","curve.gr","曲线.gr","machine-review-required"
"4-1-2-quantitative-submode-curves-load-copy","4-1-2-1-1 Quantitative-submode-curves-load","canvas-4-1-2-quantitative-submode-curves-load-copy-text-1782231031011","λ=1054.2 нм","λ=1054.2纳米","machine-review-required"
"4-1-2-quantitative-submode-curves-load-copy","4-1-2-1-1 Quantitative-submode-curves-load","canvas-4-1-2-quantitative-submode-curves-load-copy-text-1782231238746","K=1.0057","K=1.0057","machine-review-required"
"4-1-2-quantitative-submode-curves-load-copy","4-1-2-1-1 Quantitative-submode-curves-load","canvas-4-1-2-quantitative-submode-curves-load-copy-text-1782231320978","B=0.0058","B=0.0058","machine-review-required"
"4-1-2-quantitative-submode-curves-load-copy","4-1-2-1-1 Quantitative-submode-curves-load","canvas-4-1-2-quantitative-submode-curves-load-copy-text-1782231370438","p=1","p=1","machine-review-required"
"4-1-2-quantitative-submode-curves-load-copy","4-1-2-1-1 Quantitative-submode-curves-load","canvas-4-1-2-quantitative-submode-curves-load-copy-text-1782232401511","L=100","L=100","machine-review-required"
"4-1-2-quantitative-submode-curves-load-copy","4-1-2-1-1 Quantitative-submode-curves-load","canvas-4-1-2-quantitative-submode-curves-load-copy-text-1782232747470","linmn.gr","林明网","machine-review-required"
"4-1-2-1-quantitative-submode-curves-load-copy","4-1-2-1-2 Quantitative-submode-curves-load Copy","canvas-4-1-2-1-quantitative-submode-curves-load-copy-text-1","Колич. анализ","数量分析","machine-review-required"
"4-1-2-1-quantitative-submode-curves-load-copy","4-1-2-1-2 Quantitative-submode-curves-load Copy","canvas-4-1-2-1-quantitative-submode-curves-load-copy-text-3","17:05","17:05","machine-review-required"
"4-1-2-1-quantitative-submode-curves-load-copy","4-1-2-1-2 Quantitative-submode-curves-load Copy","canvas-4-1-2-1-quantitative-submode-curves-load-copy-text-4","Загрузить градуировку","下载校准","machine-review-required"
"4-1-2-1-quantitative-submode-curves-load-copy","4-1-2-1-2 Quantitative-submode-curves-load Copy","canvas-4-1-2-1-quantitative-submode-curves-load-copy-text-7","Выберете файл","选择一个文件","machine-review-required"
"4-1-2-1-quantitative-submode-curves-load-copy","4-1-2-1-2 Quantitative-submode-curves-load Copy","canvas-4-1-2-1-quantitative-submode-curves-load-copy-text-8","curve.gr","曲线.gr","machine-review-required"
"4-1-2-1-quantitative-submode-curves-load-copy","4-1-2-1-2 Quantitative-submode-curves-load Copy","canvas-4-1-2-1-quantitative-submode-curves-load-copy-text-9","λ=1054.2 нм","λ=1054.2纳米","machine-review-required"
"4-1-2-1-quantitative-submode-curves-load-copy","4-1-2-1-2 Quantitative-submode-curves-load Copy","canvas-4-1-2-1-quantitative-submode-curves-load-copy-text-12","K1=1.0057","K1=1.0057","machine-review-required"
"4-1-2-1-quantitative-submode-curves-load-copy","4-1-2-1-2 Quantitative-submode-curves-load Copy","canvas-4-1-2-1-quantitative-submode-curves-load-copy-text-14","p=100","p=100","machine-review-required"
"4-1-2-1-quantitative-submode-curves-load-copy","4-1-2-1-2 Quantitative-submode-curves-load Copy","canvas-4-1-2-1-quantitative-submode-curves-load-copy-text-15","L=100","L=100","machine-review-required"
"4-1-2-1-quantitative-submode-curves-load-copy","4-1-2-1-2 Quantitative-submode-curves-load Copy","canvas-4-1-2-1-quantitative-submode-curves-load-copy-text-17","linmn.gr","林明网","machine-review-required"
"4-1-1-6-1-13-quantitative-submode-curves-new-graphic-a-f-c-copy","4-1-3-1 Quantitative-submode-curves-new-graphic-A_f(C)","canvas-4-1-1-6-1-13-quantitative-submode-curves-new-graphic-a-f-c-copy-text-1","Колич. анализ","数量分析","machine-review-required"
"4-1-1-6-1-13-quantitative-submode-curves-new-graphic-a-f-c-copy","4-1-3-1 Quantitative-submode-curves-new-graphic-A_f(C)","canvas-4-1-1-6-1-13-quantitative-submode-curves-new-graphic-a-f-c-copy-text-3","A=f(C)","A=f(C)","machine-review-required"
"4-1-1-6-1-13-quantitative-submode-curves-new-graphic-a-f-c-copy","4-1-3-1 Quantitative-submode-curves-new-graphic-A_f(C)","canvas-4-1-1-6-1-13-quantitative-submode-curves-new-graphic-a-f-c-copy-text-4","λ=1050.3 нм","λ=1050.3纳米","machine-review-required"
"4-1-1-6-1-13-quantitative-submode-curves-new-graphic-a-f-c-copy","4-1-3-1 Quantitative-submode-curves-new-graphic-A_f(C)","canvas-4-1-1-6-1-13-quantitative-submode-curves-new-graphic-a-f-c-copy-text-7","A=1.0057C+0.0058","A=1.0057C+0.0058","machine-review-required"
"4-1-1-6-1-13-quantitative-submode-curves-new-graphic-a-f-c-copy","4-1-3-1 Quantitative-submode-curves-new-graphic-A_f(C)","canvas-4-1-1-6-1-13-quantitative-submode-curves-new-graphic-a-f-c-copy-text-8","0.000","0.000","machine-review-required"
"4-1-1-6-1-13-quantitative-submode-curves-new-graphic-a-f-c-copy","4-1-3-1 Quantitative-submode-curves-new-graphic-A_f(C)","canvas-4-1-1-6-1-13-quantitative-submode-curves-new-graphic-a-f-c-copy-text-9","0.0000","0.0000","machine-review-required"
"4-1-1-6-1-13-quantitative-submode-curves-new-graphic-a-f-c-copy","4-1-3-1 Quantitative-submode-curves-new-graphic-A_f(C)","canvas-4-1-1-6-1-13-quantitative-submode-curves-new-graphic-a-f-c-copy-text-10","1.000","1.000","machine-review-required"
"4-1-1-6-1-13-quantitative-submode-curves-new-graphic-a-f-c-copy","4-1-3-1 Quantitative-submode-curves-new-graphic-A_f(C)","canvas-4-1-1-6-1-13-quantitative-submode-curves-new-graphic-a-f-c-copy-text-18","0.4000","0.4000","machine-review-required"
"4-1-1-6-1-13-quantitative-submode-curves-new-graphic-a-f-c-copy","4-1-3-1 Quantitative-submode-curves-new-graphic-A_f(C)","canvas-4-1-1-6-1-13-quantitative-submode-curves-new-graphic-a-f-c-copy-text-19","С,моль/л","C，摩尔/升","machine-review-required"
"4-1-1-6-1-13-quantitative-submode-curves-new-graphic-a-f-c-copy","4-1-3-1 Quantitative-submode-curves-new-graphic-A_f(C)","canvas-4-1-1-6-1-13-quantitative-submode-curves-new-graphic-a-f-c-copy-text-20","A","一个","machine-review-required"
"4-1-1-6-1-13-quantitative-submode-curves-new-graphic-a-f-c-copy","4-1-3-1 Quantitative-submode-curves-new-graphic-A_f(C)","canvas-4-1-1-6-1-13-quantitative-submode-curves-new-graphic-a-f-c-copy-text-25","r=0.999","r=0.999","machine-review-required"
"4-1-1-4-quantitative-submode-curves-new-standard-copy-3","4-1-1-4 Quantitative-submode-curves-new-standard Copy","canvas-4-1-1-4-quantitative-submode-curves-new-standard-copy-3-text-1","Колич. анализ","数量分析","machine-review-required"
"4-1-1-4-quantitative-submode-curves-new-standard-copy-3","4-1-1-4 Quantitative-submode-curves-new-standard Copy","canvas-4-1-1-4-quantitative-submode-curves-new-standard-copy-3-text-3","17:05","17:05","machine-review-required"
"4-1-1-4-quantitative-submode-curves-new-standard-copy-3","4-1-1-4 Quantitative-submode-curves-new-standard Copy","canvas-4-1-1-4-quantitative-submode-curves-new-standard-copy-3-text-4","Новая градуировка","新毕业","machine-review-required"
"4-1-1-4-quantitative-submode-curves-new-standard-copy-3","4-1-1-4 Quantitative-submode-curves-new-standard Copy","canvas-4-1-1-4-quantitative-submode-curves-new-standard-copy-3-text-11","Кювета","比色皿","machine-review-required"
"4-1-1-4-quantitative-submode-curves-new-standard-copy-3","4-1-1-4 Quantitative-submode-curves-new-standard Copy","canvas-4-1-1-4-quantitative-submode-curves-new-standard-copy-3-text-12","Стандартные образцы","标准样品","machine-review-required"
"4-1-1-4-quantitative-submode-curves-new-standard-copy-3","4-1-1-4 Quantitative-submode-curves-new-standard Copy","canvas-4-1-1-4-quantitative-submode-curves-new-standard-copy-3-text-13","Измеряемая величина","测量数量","machine-review-required"
"4-1-1-4-quantitative-submode-curves-new-standard-copy-3","4-1-1-4 Quantitative-submode-curves-new-standard Copy","canvas-4-1-1-4-quantitative-submode-curves-new-standard-copy-3-text-17","n=1","n=1","machine-review-required"
"4-1-1-4-quantitative-submode-curves-new-standard-copy-3","4-1-1-4 Quantitative-submode-curves-new-standard Copy","canvas-4-1-1-4-quantitative-submode-curves-new-standard-copy-3-text-1782233897690","Разбавление","稀释","machine-review-required"
"4-1-3-1-quantitative-submode-curves-new-graphic-a-f-c-copy","4-1-2-2 Quantitative-submode-curves-load-graphic","canvas-4-1-3-1-quantitative-submode-curves-new-graphic-a-f-c-copy-text-1","Колич. анализ","数量分析","machine-review-required"
"4-1-3-1-quantitative-submode-curves-new-graphic-a-f-c-copy","4-1-2-2 Quantitative-submode-curves-load-graphic","canvas-4-1-3-1-quantitative-submode-curves-new-graphic-a-f-c-copy-text-3","A=f(C)","A=f(C)","machine-review-required"
"4-1-3-1-quantitative-submode-curves-new-graphic-a-f-c-copy","4-1-2-2 Quantitative-submode-curves-load-graphic","canvas-4-1-3-1-quantitative-submode-curves-new-graphic-a-f-c-copy-text-4","λ=1050.3 нм","λ=1050.3纳米","machine-review-required"
"4-1-3-1-quantitative-submode-curves-new-graphic-a-f-c-copy","4-1-2-2 Quantitative-submode-curves-load-graphic","canvas-4-1-3-1-quantitative-submode-curves-new-graphic-a-f-c-copy-text-7","A=1.0057C+0.0058","A=1.0057C+0.0058","machine-review-required"
"4-1-3-1-quantitative-submode-curves-new-graphic-a-f-c-copy","4-1-2-2 Quantitative-submode-curves-load-graphic","canvas-4-1-3-1-quantitative-submode-curves-new-graphic-a-f-c-copy-text-8","0.000","0.000","machine-review-required"
"4-1-3-1-quantitative-submode-curves-new-graphic-a-f-c-copy","4-1-2-2 Quantitative-submode-curves-load-graphic","canvas-4-1-3-1-quantitative-submode-curves-new-graphic-a-f-c-copy-text-9","0.0000","0.0000","machine-review-required"
"4-1-3-1-quantitative-submode-curves-new-graphic-a-f-c-copy","4-1-2-2 Quantitative-submode-curves-load-graphic","canvas-4-1-3-1-quantitative-submode-curves-new-graphic-a-f-c-copy-text-10","1.000","1.000","machine-review-required"
"4-1-3-1-quantitative-submode-curves-new-graphic-a-f-c-copy","4-1-2-2 Quantitative-submode-curves-load-graphic","canvas-4-1-3-1-quantitative-submode-curves-new-graphic-a-f-c-copy-text-18","0.4000","0.4000","machine-review-required"
"4-1-3-1-quantitative-submode-curves-new-graphic-a-f-c-copy","4-1-2-2 Quantitative-submode-curves-load-graphic","canvas-4-1-3-1-quantitative-submode-curves-new-graphic-a-f-c-copy-text-19","С,моль/л","C，摩尔/升","machine-review-required"
"4-1-3-1-quantitative-submode-curves-new-graphic-a-f-c-copy","4-1-2-2 Quantitative-submode-curves-load-graphic","canvas-4-1-3-1-quantitative-submode-curves-new-graphic-a-f-c-copy-text-20","A","一个","machine-review-required"
"4-1-3-1-quantitative-submode-curves-new-graphic-a-f-c-copy","4-1-2-2 Quantitative-submode-curves-load-graphic","canvas-4-1-3-1-quantitative-submode-curves-new-graphic-a-f-c-copy-text-25","r=0.999","r=0.999","machine-review-required"
"4-1-1-5-2-quantitative-submode-curves-new-standard-calc-graphic-type-regression-copy-copy","4-1-1-5-3 Quantitative-submode-curves-new-standard-calc_graphic-dilution","canvas-4-1-1-5-2-quantitative-submode-curves-new-standard-calc-graphic-type-regression-copy-copy-text-1","Колич. анализ","数量分析","machine-review-required"
"4-1-1-5-2-quantitative-submode-curves-new-standard-calc-graphic-type-regression-copy-copy","4-1-1-5-3 Quantitative-submode-curves-new-standard-calc_graphic-dilution","canvas-4-1-1-5-2-quantitative-submode-curves-new-standard-calc-graphic-type-regression-copy-copy-text-3","17:05","17:05","machine-review-required"
"4-1-1-5-2-quantitative-submode-curves-new-standard-calc-graphic-type-regression-copy-copy","4-1-1-5-3 Quantitative-submode-curves-new-standard-calc_graphic-dilution","canvas-4-1-1-5-2-quantitative-submode-curves-new-standard-calc-graphic-type-regression-copy-copy-text-4","Новая градуировка","新毕业","machine-review-required"
"4-1-1-5-2-quantitative-submode-curves-new-standard-calc-graphic-type-regression-copy-copy","4-1-1-5-3 Quantitative-submode-curves-new-standard-calc_graphic-dilution","canvas-4-1-1-5-2-quantitative-submode-curves-new-standard-calc-graphic-type-regression-copy-copy-text-8","Тип регрессии","回归类型","machine-review-required"
"4-1-1-5-2-quantitative-submode-curves-new-standard-calc-graphic-type-regression-copy-copy","4-1-1-5-3 Quantitative-submode-curves-new-standard-calc_graphic-dilution","canvas-4-1-1-5-2-quantitative-submode-curves-new-standard-calc-graphic-type-regression-copy-copy-text-9","Расчёт и отображение","计算与显示","machine-review-required"
"4-1-1-5-2-quantitative-submode-curves-new-standard-calc-graphic-type-regression-copy-copy","4-1-1-5-3 Quantitative-submode-curves-new-standard-calc_graphic-dilution","canvas-4-1-1-5-2-quantitative-submode-curves-new-standard-calc-graphic-type-regression-copy-copy-text-10","Функция регрессии","回归函数","machine-review-required"
"4-1-1-5-2-quantitative-submode-curves-new-standard-calc-graphic-type-regression-copy-copy","4-1-1-5-3 Quantitative-submode-curves-new-standard-calc_graphic-dilution","canvas-4-1-1-5-2-quantitative-submode-curves-new-standard-calc-graphic-type-regression-copy-copy-text-14","n=3","n=3","machine-review-required"
"4-1-1-5-2-quantitative-submode-curves-new-standard-calc-graphic-type-regression-copy-copy","4-1-1-5-3 Quantitative-submode-curves-new-standard-calc_graphic-dilution","canvas-4-1-1-5-2-quantitative-submode-curves-new-standard-calc-graphic-type-regression-copy-copy-text-15","Разбавление","稀释","machine-review-required"
"4-1-1-5-3-quantitative-submode-curves-new-standard-calc-graphic-dilution-copy","4-1-1-5-3-1 Quantitative-submode-curves-new-standard-calc_graphic-dilution-inputing","canvas-4-1-1-5-3-quantitative-submode-curves-new-standard-calc-graphic-dilution-copy-text-1","Колич. анализ","数量分析","machine-review-required"
"4-1-1-5-3-quantitative-submode-curves-new-standard-calc-graphic-dilution-copy","4-1-1-5-3-1 Quantitative-submode-curves-new-standard-calc_graphic-dilution-inputing","canvas-4-1-1-5-3-quantitative-submode-curves-new-standard-calc-graphic-dilution-copy-text-3","17:05","17:05","machine-review-required"
"4-1-1-5-3-quantitative-submode-curves-new-standard-calc-graphic-dilution-copy","4-1-1-5-3-1 Quantitative-submode-curves-new-standard-calc_graphic-dilution-inputing","canvas-4-1-1-5-3-quantitative-submode-curves-new-standard-calc-graphic-dilution-copy-text-4","Новая градуировка","新毕业","machine-review-required"
"4-1-1-5-3-quantitative-submode-curves-new-standard-calc-graphic-dilution-copy","4-1-1-5-3-1 Quantitative-submode-curves-new-standard-calc_graphic-dilution-inputing","canvas-4-1-1-5-3-quantitative-submode-curves-new-standard-calc-graphic-dilution-copy-text-14","n=3","n=3","machine-review-required"
"4-1-1-5-3-quantitative-submode-curves-new-standard-calc-graphic-dilution-copy","4-1-1-5-3-1 Quantitative-submode-curves-new-standard-calc_graphic-dilution-inputing","canvas-4-1-1-5-3-quantitative-submode-curves-new-standard-calc-graphic-dilution-copy-text-15","Разбавление","稀释","machine-review-required"
"4-1-1-5-3-quantitative-submode-curves-new-standard-calc-graphic-dilution-copy","4-1-1-5-3-1 Quantitative-submode-curves-new-standard-calc_graphic-dilution-inputing","canvas-4-1-1-5-3-quantitative-submode-curves-new-standard-calc-graphic-dilution-copy-text-1782287086196","Введите коэффициент","输入赔率","machine-review-required"
"4-1-1-5-3-quantitative-submode-curves-new-standard-calc-graphic-dilution-copy","4-1-1-5-3-1 Quantitative-submode-curves-new-standard-calc_graphic-dilution-inputing","canvas-4-1-1-5-3-quantitative-submode-curves-new-standard-calc-graphic-dilution-copy-text-1782287130360","разбавления (p)","稀释度 (p)","machine-review-required"
"4-1-1-5-3-quantitative-submode-curves-new-standard-calc-graphic-dilution-copy","4-1-1-5-3-1 Quantitative-submode-curves-new-standard-calc_graphic-dilution-inputing","canvas-4-1-1-5-3-quantitative-submode-curves-new-standard-calc-graphic-dilution-copy-text-1782287148248","-","-","machine-review-required"
"4-1-1-5-3-quantitative-submode-curves-new-standard-calc-graphic-dilution-copy","4-1-1-5-3-1 Quantitative-submode-curves-new-standard-calc_graphic-dilution-inputing","canvas-4-1-1-5-3-quantitative-submode-curves-new-standard-calc-graphic-dilution-copy-text-1782287225935","_","_","machine-review-required"
"4-1-1-5-3-1-quantitative-submode-curves-new-standard-calc-graphic-dilution-inputing-copy","4-1-1-5-3-2 Quantitative-submode-curves-new-standard-calc_graphic-dilution-inputed","canvas-4-1-1-5-3-1-quantitative-submode-curves-new-standard-calc-graphic-dilution-inputing-copy-text-1","Колич. анализ","数量分析","machine-review-required"
"4-1-1-5-3-1-quantitative-submode-curves-new-standard-calc-graphic-dilution-inputing-copy","4-1-1-5-3-2 Quantitative-submode-curves-new-standard-calc_graphic-dilution-inputed","canvas-4-1-1-5-3-1-quantitative-submode-curves-new-standard-calc-graphic-dilution-inputing-copy-text-3","17:05","17:05","machine-review-required"
"4-1-1-5-3-1-quantitative-submode-curves-new-standard-calc-graphic-dilution-inputing-copy","4-1-1-5-3-2 Quantitative-submode-curves-new-standard-calc_graphic-dilution-inputed","canvas-4-1-1-5-3-1-quantitative-submode-curves-new-standard-calc-graphic-dilution-inputing-copy-text-4","Новая градуировка","新毕业","machine-review-required"
"4-1-1-5-3-1-quantitative-submode-curves-new-standard-calc-graphic-dilution-inputing-copy","4-1-1-5-3-2 Quantitative-submode-curves-new-standard-calc_graphic-dilution-inputed","canvas-4-1-1-5-3-1-quantitative-submode-curves-new-standard-calc-graphic-dilution-inputing-copy-text-6","n=3","n=3","machine-review-required"
"4-1-1-5-3-1-quantitative-submode-curves-new-standard-calc-graphic-dilution-inputing-copy","4-1-1-5-3-2 Quantitative-submode-curves-new-standard-calc_graphic-dilution-inputed","canvas-4-1-1-5-3-1-quantitative-submode-curves-new-standard-calc-graphic-dilution-inputing-copy-text-7","Разбавление","稀释","machine-review-required"
"4-1-1-5-3-1-quantitative-submode-curves-new-standard-calc-graphic-dilution-inputing-copy","4-1-1-5-3-2 Quantitative-submode-curves-new-standard-calc_graphic-dilution-inputed","canvas-4-1-1-5-3-1-quantitative-submode-curves-new-standard-calc-graphic-dilution-inputing-copy-text-8","Введите коэффициент","输入赔率","machine-review-required"
"4-1-1-5-3-1-quantitative-submode-curves-new-standard-calc-graphic-dilution-inputing-copy","4-1-1-5-3-2 Quantitative-submode-curves-new-standard-calc_graphic-dilution-inputed","canvas-4-1-1-5-3-1-quantitative-submode-curves-new-standard-calc-graphic-dilution-inputing-copy-text-9","разбавления (p)","稀释度 (p)","machine-review-required"
"4-1-1-5-3-1-quantitative-submode-curves-new-standard-calc-graphic-dilution-inputing-copy","4-1-1-5-3-2 Quantitative-submode-curves-new-standard-calc_graphic-dilution-inputed","canvas-4-1-1-5-3-1-quantitative-submode-curves-new-standard-calc-graphic-dilution-inputing-copy-text-10","-","-","machine-review-required"
"4-1-1-5-3-1-quantitative-submode-curves-new-standard-calc-graphic-dilution-inputing-copy","4-1-1-5-3-2 Quantitative-submode-curves-new-standard-calc_graphic-dilution-inputed","canvas-4-1-1-5-3-1-quantitative-submode-curves-new-standard-calc-graphic-dilution-inputing-copy-text-11","100","100","machine-review-required"
"4-1-1-quantitative-submode-curves-new-copy-2","4-2-1-1 Quantitative-submode-coefficients-new","canvas-4-1-1-quantitative-submode-curves-new-copy-2-text-1","Колич. анализ","数量分析","machine-review-required"
"4-1-1-quantitative-submode-curves-new-copy-2","4-2-1-1 Quantitative-submode-coefficients-new","canvas-4-1-1-quantitative-submode-curves-new-copy-2-text-3","17:05","17:05","machine-review-required"
"4-1-1-quantitative-submode-curves-new-copy-2","4-2-1-1 Quantitative-submode-coefficients-new","canvas-4-1-1-quantitative-submode-curves-new-copy-2-text-4","Подрежим: коэффициенты","子模式：赔率","machine-review-required"
"4-1-1-quantitative-submode-curves-new-copy-2","4-2-1-1 Quantitative-submode-coefficients-new","canvas-4-1-1-quantitative-submode-curves-new-copy-2-text-8","Ввод коэффициентов","输入赔率","machine-review-required"
"4-1-1-quantitative-submode-curves-new-copy-2","4-2-1-1 Quantitative-submode-coefficients-new","canvas-4-1-1-quantitative-submode-curves-new-copy-2-text-9","Загрузить коэффициенты","下载赔率","machine-review-required"
"4-2-1-1-quantitative-submode-coefficients-new-copy","4-2-1-2-1-1 Quantitative-submode-coefficients-inputing_coeff-A-linear","canvas-4-2-1-1-quantitative-submode-coefficients-new-copy-text-1","Колич. анализ","数量分析","machine-review-required"
"4-2-1-1-quantitative-submode-coefficients-new-copy","4-2-1-2-1-1 Quantitative-submode-coefficients-inputing_coeff-A-linear","canvas-4-2-1-1-quantitative-submode-coefficients-new-copy-text-3","17:05","17:05","machine-review-required"
"4-2-1-1-quantitative-submode-coefficients-new-copy","4-2-1-2-1-1 Quantitative-submode-coefficients-inputing_coeff-A-linear","canvas-4-2-1-1-quantitative-submode-coefficients-new-copy-text-4","Подрежим: коэффициенты","子模式：赔率","machine-review-required"
"4-2-1-1-quantitative-submode-coefficients-new-copy","4-2-1-2-1-1 Quantitative-submode-coefficients-inputing_coeff-A-linear","canvas-4-2-1-1-quantitative-submode-coefficients-new-copy-text-1782289229069","A=f(C)","A=f(C)","machine-review-required"
"4-2-1-1-quantitative-submode-coefficients-new-copy","4-2-1-2-1-1 Quantitative-submode-coefficients-inputing_coeff-A-linear","canvas-4-2-1-1-quantitative-submode-coefficients-new-copy-text-1782289244772","A = K * C + B","A = K * C + B","machine-review-required"
"4-2-1-1-quantitative-submode-coefficients-new-copy","4-2-1-2-1-1 Quantitative-submode-coefficients-inputing_coeff-A-linear","canvas-4-2-1-1-quantitative-submode-coefficients-new-copy-text-1782289491312","Коэффициент K","K因子","machine-review-required"
"4-2-1-1-quantitative-submode-coefficients-new-copy","4-2-1-2-1-1 Quantitative-submode-coefficients-inputing_coeff-A-linear","canvas-4-2-1-1-quantitative-submode-coefficients-new-copy-text-1782289542327","Коэффициент B","因素B","machine-review-required"
"4-2-1-1-quantitative-submode-coefficients-new-copy","4-2-1-2-1-1 Quantitative-submode-coefficients-inputing_coeff-A-linear","canvas-4-2-1-1-quantitative-submode-coefficients-new-copy-text-1782289766111","______","______","machine-review-required"
"4-2-1-1-quantitative-submode-coefficients-new-copy","4-2-1-2-1-1 Quantitative-submode-coefficients-inputing_coeff-A-linear","canvas-4-2-1-1-quantitative-submode-coefficients-new-copy-text-1782289795128","______","______","machine-review-required"
"4-2-1-1-quantitative-submode-coefficients-new-copy-2","4-2-1-1-1 Quantitative-submode-coefficients-new-type_regression","canvas-4-2-1-1-quantitative-submode-coefficients-new-copy-2-text-1","Колич. анализ","数量分析","machine-review-required"
"4-2-1-1-quantitative-submode-coefficients-new-copy-2","4-2-1-1-1 Quantitative-submode-coefficients-new-type_regression","canvas-4-2-1-1-quantitative-submode-coefficients-new-copy-2-text-3","17:05","17:05","machine-review-required"
"4-2-1-1-quantitative-submode-coefficients-new-copy-2","4-2-1-1-1 Quantitative-submode-coefficients-new-type_regression","canvas-4-2-1-1-quantitative-submode-coefficients-new-copy-2-text-4","Ввод коэффициентов","输入赔率","machine-review-required"
"4-2-1-1-quantitative-submode-coefficients-new-copy-2","4-2-1-1-1 Quantitative-submode-coefficients-new-type_regression","canvas-4-2-1-1-quantitative-submode-coefficients-new-copy-2-text-8","Тип гегрессии","渐进型","machine-review-required"
"4-2-1-1-quantitative-submode-coefficients-new-copy-2","4-2-1-1-1 Quantitative-submode-coefficients-new-type_regression","canvas-4-2-1-1-quantitative-submode-coefficients-new-copy-2-text-9","Измеряемая величина","测量数量","machine-review-required"
"4-2-1-1-quantitative-submode-coefficients-new-copy-2","4-2-1-1-1 Quantitative-submode-coefficients-new-type_regression","canvas-4-2-1-1-quantitative-submode-coefficients-new-copy-2-text-1782287914180","Далее","下一个","machine-review-required"
"4-2-1-1-quantitative-submode-coefficients-new-copy-2","4-2-1-1-1 Quantitative-submode-coefficients-new-type_regression","canvas-4-2-1-1-quantitative-submode-coefficients-new-copy-2-text-1782291779288","Длина волны","波长","machine-review-required"
"4-2-1-1-1-quantitative-submode-coefficients-new-copy-copy","4-2-1-1-1-1 Quantitative-submode-coefficients-new-modes-linear","canvas-4-2-1-1-1-quantitative-submode-coefficients-new-copy-copy-text-1","Колич. анализ","数量分析","machine-review-required"
"4-2-1-1-1-quantitative-submode-coefficients-new-copy-copy","4-2-1-1-1-1 Quantitative-submode-coefficients-new-modes-linear","canvas-4-2-1-1-1-quantitative-submode-coefficients-new-copy-copy-text-3","17:05","17:05","machine-review-required"
"4-2-1-1-1-quantitative-submode-coefficients-new-copy-copy","4-2-1-1-1-1 Quantitative-submode-coefficients-new-modes-linear","canvas-4-2-1-1-1-quantitative-submode-coefficients-new-copy-copy-text-4","Ввод коэффициентов","输入赔率","machine-review-required"
"4-2-1-1-1-quantitative-submode-coefficients-new-copy-copy","4-2-1-1-1-1 Quantitative-submode-coefficients-new-modes-linear","canvas-4-2-1-1-1-quantitative-submode-coefficients-new-copy-copy-text-8","Тип регресии","回归类型","machine-review-required"
"4-2-1-1-1-quantitative-submode-coefficients-new-copy-copy","4-2-1-1-1-1 Quantitative-submode-coefficients-new-modes-linear","canvas-4-2-1-1-1-quantitative-submode-coefficients-new-copy-copy-text-9","Линейная","线性","machine-review-required"
"4-2-1-1-1-quantitative-submode-coefficients-new-copy-copy","4-2-1-1-1-1 Quantitative-submode-coefficients-new-modes-linear","canvas-4-2-1-1-1-quantitative-submode-coefficients-new-copy-copy-text-10","Линейная через ноль","线性过零","machine-review-required"
"4-2-1-1-2-2-quantitative-submode-coefficients-new-modes-linear-0-copy","4-2-1-1-1-2 Quantitative-submode-coefficients-new-modes-linear_0","canvas-4-2-1-1-2-2-quantitative-submode-coefficients-new-modes-linear-0-copy-text-1","Колич. анализ","数量分析","machine-review-required"
"4-2-1-1-2-2-quantitative-submode-coefficients-new-modes-linear-0-copy","4-2-1-1-1-2 Quantitative-submode-coefficients-new-modes-linear_0","canvas-4-2-1-1-2-2-quantitative-submode-coefficients-new-modes-linear-0-copy-text-3","17:05","17:05","machine-review-required"
"4-2-1-1-2-2-quantitative-submode-coefficients-new-modes-linear-0-copy","4-2-1-1-1-2 Quantitative-submode-coefficients-new-modes-linear_0","canvas-4-2-1-1-2-2-quantitative-submode-coefficients-new-modes-linear-0-copy-text-4","Ввод коэффициентов","输入赔率","machine-review-required"
"4-2-1-1-2-2-quantitative-submode-coefficients-new-modes-linear-0-copy","4-2-1-1-1-2 Quantitative-submode-coefficients-new-modes-linear_0","canvas-4-2-1-1-2-2-quantitative-submode-coefficients-new-modes-linear-0-copy-text-8","Тип регресии","回归类型","machine-review-required"
"4-2-1-1-2-2-quantitative-submode-coefficients-new-modes-linear-0-copy","4-2-1-1-1-2 Quantitative-submode-coefficients-new-modes-linear_0","canvas-4-2-1-1-2-2-quantitative-submode-coefficients-new-modes-linear-0-copy-text-9","Линейная","线性","machine-review-required"
"4-2-1-1-2-2-quantitative-submode-coefficients-new-modes-linear-0-copy","4-2-1-1-1-2 Quantitative-submode-coefficients-new-modes-linear_0","canvas-4-2-1-1-2-2-quantitative-submode-coefficients-new-modes-linear-0-copy-text-10","Линейная через ноль","线性过零","machine-review-required"
"4-2-1-1-1-2-quantitative-submode-coefficients-new-modes-linear-0-copy-copy","4-2-1-1-2-1 Quantitative-submode-coefficients-new-modes-A","canvas-4-2-1-1-1-2-quantitative-submode-coefficients-new-modes-linear-0-copy-copy-text-1","Колич. анализ","数量分析","machine-review-required"
"4-2-1-1-1-2-quantitative-submode-coefficients-new-modes-linear-0-copy-copy","4-2-1-1-2-1 Quantitative-submode-coefficients-new-modes-A","canvas-4-2-1-1-1-2-quantitative-submode-coefficients-new-modes-linear-0-copy-copy-text-3","17:05","17:05","machine-review-required"
"4-2-1-1-1-2-quantitative-submode-coefficients-new-modes-linear-0-copy-copy","4-2-1-1-2-1 Quantitative-submode-coefficients-new-modes-A","canvas-4-2-1-1-1-2-quantitative-submode-coefficients-new-modes-linear-0-copy-copy-text-4","Ввод коэффициентов","输入赔率","machine-review-required"
"4-2-1-1-1-2-quantitative-submode-coefficients-new-modes-linear-0-copy-copy","4-2-1-1-2-1 Quantitative-submode-coefficients-new-modes-A","canvas-4-2-1-1-1-2-quantitative-submode-coefficients-new-modes-linear-0-copy-copy-text-8","Измеряемая величина","测量数量","machine-review-required"
"4-2-1-1-1-2-quantitative-submode-coefficients-new-modes-linear-0-copy-copy","4-2-1-1-2-1 Quantitative-submode-coefficients-new-modes-A","canvas-4-2-1-1-1-2-quantitative-submode-coefficients-new-modes-linear-0-copy-copy-text-9","A","一个","machine-review-required"
"4-2-1-1-1-2-quantitative-submode-coefficients-new-modes-linear-0-copy-copy","4-2-1-1-2-1 Quantitative-submode-coefficients-new-modes-A","canvas-4-2-1-1-1-2-quantitative-submode-coefficients-new-modes-linear-0-copy-copy-text-10","%T","%T","machine-review-required"
"4-2-1-1-1-2-quantitative-submode-coefficients-new-modes-linear-0-copy-copy-copy","4-2-1-1-2-2 Quantitative-submode-coefficients-new-modes-T","canvas-4-2-1-1-1-2-quantitative-submode-coefficients-new-modes-linear-0-copy-copy-copy-text-1","Колич. анализ","数量分析","machine-review-required"
"4-2-1-1-1-2-quantitative-submode-coefficients-new-modes-linear-0-copy-copy-copy","4-2-1-1-2-2 Quantitative-submode-coefficients-new-modes-T","canvas-4-2-1-1-1-2-quantitative-submode-coefficients-new-modes-linear-0-copy-copy-copy-text-3","17:05","17:05","machine-review-required"
"4-2-1-1-1-2-quantitative-submode-coefficients-new-modes-linear-0-copy-copy-copy","4-2-1-1-2-2 Quantitative-submode-coefficients-new-modes-T","canvas-4-2-1-1-1-2-quantitative-submode-coefficients-new-modes-linear-0-copy-copy-copy-text-4","Ввод коэффициентов","输入赔率","machine-review-required"
"4-2-1-1-1-2-quantitative-submode-coefficients-new-modes-linear-0-copy-copy-copy","4-2-1-1-2-2 Quantitative-submode-coefficients-new-modes-T","canvas-4-2-1-1-1-2-quantitative-submode-coefficients-new-modes-linear-0-copy-copy-copy-text-8","Измеряемая величина","测量数量","machine-review-required"
"4-2-1-1-1-2-quantitative-submode-coefficients-new-modes-linear-0-copy-copy-copy","4-2-1-1-2-2 Quantitative-submode-coefficients-new-modes-T","canvas-4-2-1-1-1-2-quantitative-submode-coefficients-new-modes-linear-0-copy-copy-copy-text-9","A","一个","machine-review-required"
"4-2-1-1-1-2-quantitative-submode-coefficients-new-modes-linear-0-copy-copy-copy","4-2-1-1-2-2 Quantitative-submode-coefficients-new-modes-T","canvas-4-2-1-1-1-2-quantitative-submode-coefficients-new-modes-linear-0-copy-copy-copy-text-10","%T","%T","machine-review-required"
"4-2-1-2-1-quantitative-submode-coefficients-inputing-coeff-a-linear-copy","4-2-2 Quantitative-submode-coefficients-load","canvas-4-2-1-2-1-quantitative-submode-coefficients-inputing-coeff-a-linear-copy-text-1","Колич. анализ","数量分析","machine-review-required"
"4-2-1-2-1-quantitative-submode-coefficients-inputing-coeff-a-linear-copy","4-2-2 Quantitative-submode-coefficients-load","canvas-4-2-1-2-1-quantitative-submode-coefficients-inputing-coeff-a-linear-copy-text-3","17:05","17:05","machine-review-required"
"4-2-1-2-1-quantitative-submode-coefficients-inputing-coeff-a-linear-copy","4-2-2 Quantitative-submode-coefficients-load","canvas-4-2-1-2-1-quantitative-submode-coefficients-inputing-coeff-a-linear-copy-text-4","Подрежим: коэффициенты","子模式：赔率","machine-review-required"
"4-2-1-2-1-quantitative-submode-coefficients-inputing-coeff-a-linear-copy","4-2-2 Quantitative-submode-coefficients-load","canvas-4-2-1-2-1-quantitative-submode-coefficients-inputing-coeff-a-linear-copy-text-8","Ввод коэффициентов","输入赔率","machine-review-required"
"4-2-1-2-1-quantitative-submode-coefficients-inputing-coeff-a-linear-copy","4-2-2 Quantitative-submode-coefficients-load","canvas-4-2-1-2-1-quantitative-submode-coefficients-inputing-coeff-a-linear-copy-text-9","Загрузить коэффициенты","下载赔率","machine-review-required"
"4-2-1-2-1-quantitative-submode-coefficients-inputing-coeff-a-linear-copy-2","4-2-1-2-3-1 Quantitative-submode-coefficients-inputing_coeff-A-linear_0","canvas-4-2-1-2-1-quantitative-submode-coefficients-inputing-coeff-a-linear-copy-2-text-1","Колич. анализ","数量分析","machine-review-required"
"4-2-1-2-1-quantitative-submode-coefficients-inputing-coeff-a-linear-copy-2","4-2-1-2-3-1 Quantitative-submode-coefficients-inputing_coeff-A-linear_0","canvas-4-2-1-2-1-quantitative-submode-coefficients-inputing-coeff-a-linear-copy-2-text-3","17:05","17:05","machine-review-required"
"4-2-1-2-1-quantitative-submode-coefficients-inputing-coeff-a-linear-copy-2","4-2-1-2-3-1 Quantitative-submode-coefficients-inputing_coeff-A-linear_0","canvas-4-2-1-2-1-quantitative-submode-coefficients-inputing-coeff-a-linear-copy-2-text-4","Подрежим: коэффициенты","子模式：赔率","machine-review-required"
"4-2-1-2-1-quantitative-submode-coefficients-inputing-coeff-a-linear-copy-2","4-2-1-2-3-1 Quantitative-submode-coefficients-inputing_coeff-A-linear_0","canvas-4-2-1-2-1-quantitative-submode-coefficients-inputing-coeff-a-linear-copy-2-text-6","A=f(C)","A=f(C)","machine-review-required"
"4-2-1-2-1-quantitative-submode-coefficients-inputing-coeff-a-linear-copy-2","4-2-1-2-3-1 Quantitative-submode-coefficients-inputing_coeff-A-linear_0","canvas-4-2-1-2-1-quantitative-submode-coefficients-inputing-coeff-a-linear-copy-2-text-7","A = K * C","A = K * C","machine-review-required"
"4-2-1-2-1-quantitative-submode-coefficients-inputing-coeff-a-linear-copy-2","4-2-1-2-3-1 Quantitative-submode-coefficients-inputing_coeff-A-linear_0","canvas-4-2-1-2-1-quantitative-submode-coefficients-inputing-coeff-a-linear-copy-2-text-9","Коэффициент K","K因子","machine-review-required"
"4-2-1-2-1-quantitative-submode-coefficients-inputing-coeff-a-linear-copy-2","4-2-1-2-3-1 Quantitative-submode-coefficients-inputing_coeff-A-linear_0","canvas-4-2-1-2-1-quantitative-submode-coefficients-inputing-coeff-a-linear-copy-2-text-14","______","______","machine-review-required"
"4-2-1-2-1-quantitative-submode-coefficients-inputing-coeff-a-linear-copy-3","4-2-1-2-2-1 Quantitative-submode-coefficients-inputing_coeff-T-linear","canvas-4-2-1-2-1-quantitative-submode-coefficients-inputing-coeff-a-linear-copy-3-text-1","Колич. анализ","数量分析","machine-review-required"
"4-2-1-2-1-quantitative-submode-coefficients-inputing-coeff-a-linear-copy-3","4-2-1-2-2-1 Quantitative-submode-coefficients-inputing_coeff-T-linear","canvas-4-2-1-2-1-quantitative-submode-coefficients-inputing-coeff-a-linear-copy-3-text-3","17:05","17:05","machine-review-required"
"4-2-1-2-1-quantitative-submode-coefficients-inputing-coeff-a-linear-copy-3","4-2-1-2-2-1 Quantitative-submode-coefficients-inputing_coeff-T-linear","canvas-4-2-1-2-1-quantitative-submode-coefficients-inputing-coeff-a-linear-copy-3-text-4","Подрежим: коэффициенты","子模式：赔率","machine-review-required"
"4-2-1-2-1-quantitative-submode-coefficients-inputing-coeff-a-linear-copy-3","4-2-1-2-2-1 Quantitative-submode-coefficients-inputing_coeff-T-linear","canvas-4-2-1-2-1-quantitative-submode-coefficients-inputing-coeff-a-linear-copy-3-text-6","%T=f(C)","%T=f(C)","machine-review-required"
"4-2-1-2-1-quantitative-submode-coefficients-inputing-coeff-a-linear-copy-3","4-2-1-2-2-1 Quantitative-submode-coefficients-inputing_coeff-T-linear","canvas-4-2-1-2-1-quantitative-submode-coefficients-inputing-coeff-a-linear-copy-3-text-7","%T = K * C + B","%T = K * C + B","machine-review-required"
"4-2-1-2-1-quantitative-submode-coefficients-inputing-coeff-a-linear-copy-3","4-2-1-2-2-1 Quantitative-submode-coefficients-inputing_coeff-T-linear","canvas-4-2-1-2-1-quantitative-submode-coefficients-inputing-coeff-a-linear-copy-3-text-9","Коэффициент K","K因子","machine-review-required"
"4-2-1-2-1-quantitative-submode-coefficients-inputing-coeff-a-linear-copy-3","4-2-1-2-2-1 Quantitative-submode-coefficients-inputing_coeff-T-linear","canvas-4-2-1-2-1-quantitative-submode-coefficients-inputing-coeff-a-linear-copy-3-text-10","Коэффициент B","因素B","machine-review-required"
"4-2-1-2-1-quantitative-submode-coefficients-inputing-coeff-a-linear-copy-3","4-2-1-2-2-1 Quantitative-submode-coefficients-inputing_coeff-T-linear","canvas-4-2-1-2-1-quantitative-submode-coefficients-inputing-coeff-a-linear-copy-3-text-14","______","______","machine-review-required"
"4-2-1-2-1-quantitative-submode-coefficients-inputing-coeff-a-linear-copy-3","4-2-1-2-2-1 Quantitative-submode-coefficients-inputing_coeff-T-linear","canvas-4-2-1-2-1-quantitative-submode-coefficients-inputing-coeff-a-linear-copy-3-text-15","______","______","machine-review-required"
"4-2-1-2-1-1-quantitative-submode-coefficients-inputing-coeff-a-linear-copy","4-2-1-2-1-2 Quantitative-submode-coefficients-inputed_coeff-A-linear","canvas-4-2-1-2-1-1-quantitative-submode-coefficients-inputing-coeff-a-linear-copy-text-1","Колич. анализ","数量分析","machine-review-required"
"4-2-1-2-1-1-quantitative-submode-coefficients-inputing-coeff-a-linear-copy","4-2-1-2-1-2 Quantitative-submode-coefficients-inputed_coeff-A-linear","canvas-4-2-1-2-1-1-quantitative-submode-coefficients-inputing-coeff-a-linear-copy-text-3","17:05","17:05","machine-review-required"
"4-2-1-2-1-1-quantitative-submode-coefficients-inputing-coeff-a-linear-copy","4-2-1-2-1-2 Quantitative-submode-coefficients-inputed_coeff-A-linear","canvas-4-2-1-2-1-1-quantitative-submode-coefficients-inputing-coeff-a-linear-copy-text-4","Подрежим: коэффициенты","子模式：赔率","machine-review-required"
"4-2-1-2-1-1-quantitative-submode-coefficients-inputing-coeff-a-linear-copy","4-2-1-2-1-2 Quantitative-submode-coefficients-inputed_coeff-A-linear","canvas-4-2-1-2-1-1-quantitative-submode-coefficients-inputing-coeff-a-linear-copy-text-6","A=f(C)","A=f(C)","machine-review-required"
"4-2-1-2-1-1-quantitative-submode-coefficients-inputing-coeff-a-linear-copy","4-2-1-2-1-2 Quantitative-submode-coefficients-inputed_coeff-A-linear","canvas-4-2-1-2-1-1-quantitative-submode-coefficients-inputing-coeff-a-linear-copy-text-7","A = K * C + B","A = K * C + B","machine-review-required"
"4-2-1-2-1-1-quantitative-submode-coefficients-inputing-coeff-a-linear-copy","4-2-1-2-1-2 Quantitative-submode-coefficients-inputed_coeff-A-linear","canvas-4-2-1-2-1-1-quantitative-submode-coefficients-inputing-coeff-a-linear-copy-text-9","Коэффициент K","K因子","machine-review-required"
"4-2-1-2-1-1-quantitative-submode-coefficients-inputing-coeff-a-linear-copy","4-2-1-2-1-2 Quantitative-submode-coefficients-inputed_coeff-A-linear","canvas-4-2-1-2-1-1-quantitative-submode-coefficients-inputing-coeff-a-linear-copy-text-10","Коэффициент B","因素B","machine-review-required"
"4-2-1-2-1-1-quantitative-submode-coefficients-inputing-coeff-a-linear-copy","4-2-1-2-1-2 Quantitative-submode-coefficients-inputed_coeff-A-linear","canvas-4-2-1-2-1-1-quantitative-submode-coefficients-inputing-coeff-a-linear-copy-text-14","1.0057","1.0057","machine-review-required"
"4-2-1-2-1-1-quantitative-submode-coefficients-inputing-coeff-a-linear-copy","4-2-1-2-1-2 Quantitative-submode-coefficients-inputed_coeff-A-linear","canvas-4-2-1-2-1-1-quantitative-submode-coefficients-inputing-coeff-a-linear-copy-text-15","-0.0058","-0.0058","machine-review-required"
"4-2-1-2-2-1-quantitative-submode-coefficients-inputing-coeff-t-linear-copy","4-2-1-2-2-2 Quantitative-submode-coefficients-inputed_coeff-T-linear Copy","canvas-4-2-1-2-2-1-quantitative-submode-coefficients-inputing-coeff-t-linear-copy-text-1","Колич. анализ","数量分析","machine-review-required"
"4-2-1-2-2-1-quantitative-submode-coefficients-inputing-coeff-t-linear-copy","4-2-1-2-2-2 Quantitative-submode-coefficients-inputed_coeff-T-linear Copy","canvas-4-2-1-2-2-1-quantitative-submode-coefficients-inputing-coeff-t-linear-copy-text-3","17:05","17:05","machine-review-required"
"4-2-1-2-2-1-quantitative-submode-coefficients-inputing-coeff-t-linear-copy","4-2-1-2-2-2 Quantitative-submode-coefficients-inputed_coeff-T-linear Copy","canvas-4-2-1-2-2-1-quantitative-submode-coefficients-inputing-coeff-t-linear-copy-text-4","Подрежим: коэффициенты","子模式：赔率","machine-review-required"
"4-2-1-2-2-1-quantitative-submode-coefficients-inputing-coeff-t-linear-copy","4-2-1-2-2-2 Quantitative-submode-coefficients-inputed_coeff-T-linear Copy","canvas-4-2-1-2-2-1-quantitative-submode-coefficients-inputing-coeff-t-linear-copy-text-6","%T=f(C)","%T=f(C)","machine-review-required"
"4-2-1-2-2-1-quantitative-submode-coefficients-inputing-coeff-t-linear-copy","4-2-1-2-2-2 Quantitative-submode-coefficients-inputed_coeff-T-linear Copy","canvas-4-2-1-2-2-1-quantitative-submode-coefficients-inputing-coeff-t-linear-copy-text-7","%T = K * C + B","%T = K * C + B","machine-review-required"
"4-2-1-2-2-1-quantitative-submode-coefficients-inputing-coeff-t-linear-copy","4-2-1-2-2-2 Quantitative-submode-coefficients-inputed_coeff-T-linear Copy","canvas-4-2-1-2-2-1-quantitative-submode-coefficients-inputing-coeff-t-linear-copy-text-9","Коэффициент K","K因子","machine-review-required"
"4-2-1-2-2-1-quantitative-submode-coefficients-inputing-coeff-t-linear-copy","4-2-1-2-2-2 Quantitative-submode-coefficients-inputed_coeff-T-linear Copy","canvas-4-2-1-2-2-1-quantitative-submode-coefficients-inputing-coeff-t-linear-copy-text-10","Коэффициент B","因素B","machine-review-required"
"4-2-1-2-2-1-quantitative-submode-coefficients-inputing-coeff-t-linear-copy","4-2-1-2-2-2 Quantitative-submode-coefficients-inputed_coeff-T-linear Copy","canvas-4-2-1-2-2-1-quantitative-submode-coefficients-inputing-coeff-t-linear-copy-text-14","-130.07","-130.07","machine-review-required"
"4-2-1-2-2-1-quantitative-submode-coefficients-inputing-coeff-t-linear-copy","4-2-1-2-2-2 Quantitative-submode-coefficients-inputed_coeff-T-linear Copy","canvas-4-2-1-2-2-1-quantitative-submode-coefficients-inputing-coeff-t-linear-copy-text-15","89.687","89.687","machine-review-required"
"4-2-1-2-3-1-quantitative-submode-coefficients-inputing-coeff-a-linear-0-copy","4-2-1-2-3-2 Quantitative-submode-coefficients-inputed_coeff-A-linear_0","canvas-4-2-1-2-3-1-quantitative-submode-coefficients-inputing-coeff-a-linear-0-copy-text-1","Колич. анализ","数量分析","machine-review-required"
"4-2-1-2-3-1-quantitative-submode-coefficients-inputing-coeff-a-linear-0-copy","4-2-1-2-3-2 Quantitative-submode-coefficients-inputed_coeff-A-linear_0","canvas-4-2-1-2-3-1-quantitative-submode-coefficients-inputing-coeff-a-linear-0-copy-text-3","17:05","17:05","machine-review-required"
"4-2-1-2-3-1-quantitative-submode-coefficients-inputing-coeff-a-linear-0-copy","4-2-1-2-3-2 Quantitative-submode-coefficients-inputed_coeff-A-linear_0","canvas-4-2-1-2-3-1-quantitative-submode-coefficients-inputing-coeff-a-linear-0-copy-text-4","Подрежим: коэффициенты","子模式：赔率","machine-review-required"
"4-2-1-2-3-1-quantitative-submode-coefficients-inputing-coeff-a-linear-0-copy","4-2-1-2-3-2 Quantitative-submode-coefficients-inputed_coeff-A-linear_0","canvas-4-2-1-2-3-1-quantitative-submode-coefficients-inputing-coeff-a-linear-0-copy-text-6","A=f(C)","A=f(C)","machine-review-required"
"4-2-1-2-3-1-quantitative-submode-coefficients-inputing-coeff-a-linear-0-copy","4-2-1-2-3-2 Quantitative-submode-coefficients-inputed_coeff-A-linear_0","canvas-4-2-1-2-3-1-quantitative-submode-coefficients-inputing-coeff-a-linear-0-copy-text-7","A = K * C","A = K * C","machine-review-required"
"4-2-1-2-3-1-quantitative-submode-coefficients-inputing-coeff-a-linear-0-copy","4-2-1-2-3-2 Quantitative-submode-coefficients-inputed_coeff-A-linear_0","canvas-4-2-1-2-3-1-quantitative-submode-coefficients-inputing-coeff-a-linear-0-copy-text-9","Коэффициент K","K因子","machine-review-required"
"4-2-1-2-3-1-quantitative-submode-coefficients-inputing-coeff-a-linear-0-copy","4-2-1-2-3-2 Quantitative-submode-coefficients-inputed_coeff-A-linear_0","canvas-4-2-1-2-3-1-quantitative-submode-coefficients-inputing-coeff-a-linear-0-copy-text-12","1.0251","1.0251","machine-review-required"
"4-2-1-2-3-2-quantitative-submode-coefficients-inputed-coeff-a-linear-0-copy","4-2-1-3-1 Quantitative-submode-coefficients-parr_meas_inputing","canvas-4-2-1-2-3-2-quantitative-submode-coefficients-inputed-coeff-a-linear-0-copy-text-1","Колич. анализ","数量分析","machine-review-required"
"4-2-1-2-3-2-quantitative-submode-coefficients-inputed-coeff-a-linear-0-copy","4-2-1-3-1 Quantitative-submode-coefficients-parr_meas_inputing","canvas-4-2-1-2-3-2-quantitative-submode-coefficients-inputed-coeff-a-linear-0-copy-text-3","17:05","17:05","machine-review-required"
"4-2-1-2-3-2-quantitative-submode-coefficients-inputed-coeff-a-linear-0-copy","4-2-1-3-1 Quantitative-submode-coefficients-parr_meas_inputing","canvas-4-2-1-2-3-2-quantitative-submode-coefficients-inputed-coeff-a-linear-0-copy-text-4","Подрежим: коэффициенты","子模式：赔率","machine-review-required"
"4-2-1-2-3-2-quantitative-submode-coefficients-inputed-coeff-a-linear-0-copy","4-2-1-3-1 Quantitative-submode-coefficients-parr_meas_inputing","canvas-4-2-1-2-3-2-quantitative-submode-coefficients-inputed-coeff-a-linear-0-copy-text-6","A=f(C)","A=f(C)","machine-review-required"
"4-2-1-2-3-2-quantitative-submode-coefficients-inputed-coeff-a-linear-0-copy","4-2-1-3-1 Quantitative-submode-coefficients-parr_meas_inputing","canvas-4-2-1-2-3-2-quantitative-submode-coefficients-inputed-coeff-a-linear-0-copy-text-1782290943903","A=1.0057*C+0.0058","A=1.0057*C+0.0058","machine-review-required"
"4-2-1-2-3-2-quantitative-submode-coefficients-inputed-coeff-a-linear-0-copy","4-2-1-3-1 Quantitative-submode-coefficients-parr_meas_inputing","canvas-4-2-1-2-3-2-quantitative-submode-coefficients-inputed-coeff-a-linear-0-copy-text-1782290997096","Введите число","输入号码","machine-review-required"
"4-2-1-2-3-2-quantitative-submode-coefficients-inputed-coeff-a-linear-0-copy","4-2-1-3-1 Quantitative-submode-coefficients-parr_meas_inputing","canvas-4-2-1-2-3-2-quantitative-submode-coefficients-inputed-coeff-a-linear-0-copy-text-1782291186119","парал. измерений (n)","平行。尺寸（n）","machine-review-required"
"4-2-1-2-3-2-quantitative-submode-coefficients-inputed-coeff-a-linear-0-copy","4-2-1-3-1 Quantitative-submode-coefficients-parr_meas_inputing","canvas-4-2-1-2-3-2-quantitative-submode-coefficients-inputed-coeff-a-linear-0-copy-text-1782291224183","-","-","machine-review-required"
"4-2-1-2-3-2-quantitative-submode-coefficients-inputed-coeff-a-linear-0-copy","4-2-1-3-1 Quantitative-submode-coefficients-parr_meas_inputing","canvas-4-2-1-2-3-2-quantitative-submode-coefficients-inputed-coeff-a-linear-0-copy-text-1782291243931","_","_","machine-review-required"
"4-2-1-2-3-2-quantitative-submode-coefficients-inputed-coeff-a-linear-0-copy","4-2-1-3-1 Quantitative-submode-coefficients-parr_meas_inputing","canvas-4-2-1-2-3-2-quantitative-submode-coefficients-inputed-coeff-a-linear-0-copy-text-1782291442748","n=1","n=1","machine-review-required"
"4-2-1-3-1-quantitative-submode-coefficients-parr-meas-inputing-copy","4-2-1-3-2 Quantitative-submode-coefficients-parr_meas_inputed","canvas-4-2-1-3-1-quantitative-submode-coefficients-parr-meas-inputing-copy-text-1","Колич. анализ","数量分析","machine-review-required"
"4-2-1-3-1-quantitative-submode-coefficients-parr-meas-inputing-copy","4-2-1-3-2 Quantitative-submode-coefficients-parr_meas_inputed","canvas-4-2-1-3-1-quantitative-submode-coefficients-parr-meas-inputing-copy-text-3","17:05","17:05","machine-review-required"
"4-2-1-3-1-quantitative-submode-coefficients-parr-meas-inputing-copy","4-2-1-3-2 Quantitative-submode-coefficients-parr_meas_inputed","canvas-4-2-1-3-1-quantitative-submode-coefficients-parr-meas-inputing-copy-text-4","Подрежим: коэффициенты","子模式：赔率","machine-review-required"
"4-2-1-3-1-quantitative-submode-coefficients-parr-meas-inputing-copy","4-2-1-3-2 Quantitative-submode-coefficients-parr_meas_inputed","canvas-4-2-1-3-1-quantitative-submode-coefficients-parr-meas-inputing-copy-text-6","A=f(C)","A=f(C)","machine-review-required"
"4-2-1-3-1-quantitative-submode-coefficients-parr-meas-inputing-copy","4-2-1-3-2 Quantitative-submode-coefficients-parr_meas_inputed","canvas-4-2-1-3-1-quantitative-submode-coefficients-parr-meas-inputing-copy-text-9","A=1.0057*C+0.0058","A=1.0057*C+0.0058","machine-review-required"
"4-2-1-3-1-quantitative-submode-coefficients-parr-meas-inputing-copy","4-2-1-3-2 Quantitative-submode-coefficients-parr_meas_inputed","canvas-4-2-1-3-1-quantitative-submode-coefficients-parr-meas-inputing-copy-text-10","Введите число","输入号码","machine-review-required"
"4-2-1-3-1-quantitative-submode-coefficients-parr-meas-inputing-copy","4-2-1-3-2 Quantitative-submode-coefficients-parr_meas_inputed","canvas-4-2-1-3-1-quantitative-submode-coefficients-parr-meas-inputing-copy-text-11","парал. измерений (n)","平行。尺寸（n）","machine-review-required"
"4-2-1-3-1-quantitative-submode-coefficients-parr-meas-inputing-copy","4-2-1-3-2 Quantitative-submode-coefficients-parr_meas_inputed","canvas-4-2-1-3-1-quantitative-submode-coefficients-parr-meas-inputing-copy-text-12","-","-","machine-review-required"
"4-2-1-3-1-quantitative-submode-coefficients-parr-meas-inputing-copy","4-2-1-3-2 Quantitative-submode-coefficients-parr_meas_inputed","canvas-4-2-1-3-1-quantitative-submode-coefficients-parr-meas-inputing-copy-text-13","2","2","machine-review-required"
"4-2-1-3-1-quantitative-submode-coefficients-parr-meas-inputing-copy","4-2-1-3-2 Quantitative-submode-coefficients-parr_meas_inputed","canvas-4-2-1-3-1-quantitative-submode-coefficients-parr-meas-inputing-copy-text-1782291418915","n=1","n=1","machine-review-required"
"4-2-1-1-1-quantitative-submode-coefficients-new-type-regression-copy","4-2-1-1-2 Quantitative-submode-coefficients-new-modes","canvas-4-2-1-1-1-quantitative-submode-coefficients-new-type-regression-copy-text-1","Колич. анализ","数量分析","machine-review-required"
"4-2-1-1-1-quantitative-submode-coefficients-new-type-regression-copy","4-2-1-1-2 Quantitative-submode-coefficients-new-modes","canvas-4-2-1-1-1-quantitative-submode-coefficients-new-type-regression-copy-text-3","17:05","17:05","machine-review-required"
"4-2-1-1-1-quantitative-submode-coefficients-new-type-regression-copy","4-2-1-1-2 Quantitative-submode-coefficients-new-modes","canvas-4-2-1-1-1-quantitative-submode-coefficients-new-type-regression-copy-text-4","Ввод коэффициентов","输入赔率","machine-review-required"
"4-2-1-1-1-quantitative-submode-coefficients-new-type-regression-copy","4-2-1-1-2 Quantitative-submode-coefficients-new-modes","canvas-4-2-1-1-1-quantitative-submode-coefficients-new-type-regression-copy-text-8","Тип регресии","回归类型","machine-review-required"
"4-2-1-1-1-quantitative-submode-coefficients-new-type-regression-copy","4-2-1-1-2 Quantitative-submode-coefficients-new-modes","canvas-4-2-1-1-1-quantitative-submode-coefficients-new-type-regression-copy-text-9","Измеряемая величина","测量数量","machine-review-required"
"4-2-1-1-1-quantitative-submode-coefficients-new-type-regression-copy","4-2-1-1-2 Quantitative-submode-coefficients-new-modes","canvas-4-2-1-1-1-quantitative-submode-coefficients-new-type-regression-copy-text-10","Далее","下一个","machine-review-required"
"4-2-1-1-1-quantitative-submode-coefficients-new-type-regression-copy","4-2-1-1-2 Quantitative-submode-coefficients-new-modes","canvas-4-2-1-1-1-quantitative-submode-coefficients-new-type-regression-copy-text-13","Длина волны","波长","machine-review-required"
"4-2-1-1-2-quantitative-submode-coefficients-new-modes-copy-2","4-2-1-1-3 Quantitative-submode-coefficients-new-wl","canvas-4-2-1-1-2-quantitative-submode-coefficients-new-modes-copy-2-text-1","Колич. анализ","数量分析","machine-review-required"
"4-2-1-1-2-quantitative-submode-coefficients-new-modes-copy-2","4-2-1-1-3 Quantitative-submode-coefficients-new-wl","canvas-4-2-1-1-2-quantitative-submode-coefficients-new-modes-copy-2-text-3","17:05","17:05","machine-review-required"
"4-2-1-1-2-quantitative-submode-coefficients-new-modes-copy-2","4-2-1-1-3 Quantitative-submode-coefficients-new-wl","canvas-4-2-1-1-2-quantitative-submode-coefficients-new-modes-copy-2-text-4","Ввод коэффициентов","输入赔率","machine-review-required"
"4-2-1-1-2-quantitative-submode-coefficients-new-modes-copy-2","4-2-1-1-3 Quantitative-submode-coefficients-new-wl","canvas-4-2-1-1-2-quantitative-submode-coefficients-new-modes-copy-2-text-8","Тип регресии","回归类型","machine-review-required"
"4-2-1-1-2-quantitative-submode-coefficients-new-modes-copy-2","4-2-1-1-3 Quantitative-submode-coefficients-new-wl","canvas-4-2-1-1-2-quantitative-submode-coefficients-new-modes-copy-2-text-9","Измеряемая величина","测量数量","machine-review-required"
"4-2-1-1-2-quantitative-submode-coefficients-new-modes-copy-2","4-2-1-1-3 Quantitative-submode-coefficients-new-wl","canvas-4-2-1-1-2-quantitative-submode-coefficients-new-modes-copy-2-text-10","Далее","下一个","machine-review-required"
"4-2-1-1-2-quantitative-submode-coefficients-new-modes-copy-2","4-2-1-1-3 Quantitative-submode-coefficients-new-wl","canvas-4-2-1-1-2-quantitative-submode-coefficients-new-modes-copy-2-text-13","Длина волны","波长","machine-review-required"
"4-2-1-1-2-quantitative-submode-coefficients-new-modes-copy-copy","4-2-1-1-4 Quantitative-submode-coefficients-new-next","canvas-4-2-1-1-2-quantitative-submode-coefficients-new-modes-copy-copy-text-1","Колич. анализ","数量分析","machine-review-required"
"4-2-1-1-2-quantitative-submode-coefficients-new-modes-copy-copy","4-2-1-1-4 Quantitative-submode-coefficients-new-next","canvas-4-2-1-1-2-quantitative-submode-coefficients-new-modes-copy-copy-text-3","17:05","17:05","machine-review-required"
"4-2-1-1-2-quantitative-submode-coefficients-new-modes-copy-copy","4-2-1-1-4 Quantitative-submode-coefficients-new-next","canvas-4-2-1-1-2-quantitative-submode-coefficients-new-modes-copy-copy-text-4","Ввод коэффициентов","输入赔率","machine-review-required"
"4-2-1-1-2-quantitative-submode-coefficients-new-modes-copy-copy","4-2-1-1-4 Quantitative-submode-coefficients-new-next","canvas-4-2-1-1-2-quantitative-submode-coefficients-new-modes-copy-copy-text-8","Тип регресии","回归类型","machine-review-required"
"4-2-1-1-2-quantitative-submode-coefficients-new-modes-copy-copy","4-2-1-1-4 Quantitative-submode-coefficients-new-next","canvas-4-2-1-1-2-quantitative-submode-coefficients-new-modes-copy-copy-text-9","Измеряемая величина","测量数量","machine-review-required"
"4-2-1-1-2-quantitative-submode-coefficients-new-modes-copy-copy","4-2-1-1-4 Quantitative-submode-coefficients-new-next","canvas-4-2-1-1-2-quantitative-submode-coefficients-new-modes-copy-copy-text-10","Далее","下一个","machine-review-required"
"4-2-1-1-2-quantitative-submode-coefficients-new-modes-copy-copy","4-2-1-1-4 Quantitative-submode-coefficients-new-next","canvas-4-2-1-1-2-quantitative-submode-coefficients-new-modes-copy-copy-text-13","Длина волны","波长","machine-review-required"
"4-1-2-1-1-quantitative-submode-curves-load-copy","4-2-2-1-2 Quantitative-submode-coeff-load Copy","canvas-4-1-2-1-1-quantitative-submode-curves-load-copy-text-1","Колич. анализ","数量分析","machine-review-required"
"4-1-2-1-1-quantitative-submode-curves-load-copy","4-2-2-1-2 Quantitative-submode-coeff-load Copy","canvas-4-1-2-1-1-quantitative-submode-curves-load-copy-text-3","17:05","17:05","machine-review-required"
"4-1-2-1-1-quantitative-submode-curves-load-copy","4-2-2-1-2 Quantitative-submode-coeff-load Copy","canvas-4-1-2-1-1-quantitative-submode-curves-load-copy-text-4","Загрузить коэффициенты","下载赔率","machine-review-required"
"4-1-2-1-1-quantitative-submode-curves-load-copy","4-2-2-1-2 Quantitative-submode-coeff-load Copy","canvas-4-1-2-1-1-quantitative-submode-curves-load-copy-text-7","Выберете файл","选择一个文件","machine-review-required"
"4-1-2-1-1-quantitative-submode-curves-load-copy","4-2-2-1-2 Quantitative-submode-coeff-load Copy","canvas-4-1-2-1-1-quantitative-submode-curves-load-copy-text-8","curve.gr","曲线.gr","machine-review-required"
"4-1-2-1-1-quantitative-submode-curves-load-copy","4-2-2-1-2 Quantitative-submode-coeff-load Copy","canvas-4-1-2-1-1-quantitative-submode-curves-load-copy-text-9","λ=1054.2 нм","λ=1054.2纳米","machine-review-required"
"4-1-2-1-1-quantitative-submode-curves-load-copy","4-2-2-1-2 Quantitative-submode-coeff-load Copy","canvas-4-1-2-1-1-quantitative-submode-curves-load-copy-text-12","K=1.0057","K=1.0057","machine-review-required"
"4-1-2-1-1-quantitative-submode-curves-load-copy","4-2-2-1-2 Quantitative-submode-coeff-load Copy","canvas-4-1-2-1-1-quantitative-submode-curves-load-copy-text-13","B=0.0058","B=0.0058","machine-review-required"
"4-1-2-1-1-quantitative-submode-curves-load-copy","4-2-2-1-2 Quantitative-submode-coeff-load Copy","canvas-4-1-2-1-1-quantitative-submode-curves-load-copy-text-14","p=1","p=1","machine-review-required"
"4-1-2-1-1-quantitative-submode-curves-load-copy","4-2-2-1-2 Quantitative-submode-coeff-load Copy","canvas-4-1-2-1-1-quantitative-submode-curves-load-copy-text-15","L=100","L=100","machine-review-required"
"4-1-2-1-1-quantitative-submode-curves-load-copy","4-2-2-1-2 Quantitative-submode-coeff-load Copy","canvas-4-1-2-1-1-quantitative-submode-curves-load-copy-text-17","linmn.gr","林明网","machine-review-required"
"7-1-1-copy","7-1-3 Settings-D2_lamp","canvas-7-1-1-copy-text-1","Настройки","设置","machine-review-required"
"7-1-1-copy","7-1-3 Settings-D2_lamp","canvas-7-1-1-copy-text-2","Темновой ток","暗电流","machine-review-required"
"7-1-1-copy","7-1-3 Settings-D2_lamp","canvas-7-1-1-copy-text-3","D2-лампа","D2灯","machine-review-required"
"7-1-1-copy","7-1-3 Settings-D2_lamp","canvas-7-1-1-copy-text-4","W-лампа","W灯","machine-review-required"
"7-1-1-copy","7-1-3 Settings-D2_lamp","canvas-7-1-1-copy-text-5","Смена ламп","更换灯具","machine-review-required"
"7-1-1-copy","7-1-3 Settings-D2_lamp","canvas-7-1-1-copy-text-8","Файловая система","文件系统","machine-review-required"
"7-1-1-copy","7-1-3 Settings-D2_lamp","canvas-7-1-1-copy-text-10","17:34","17:34","machine-review-required"
"7-1-1-settings-dark-current-copy","7-1-2 Settings-W_lamp","canvas-7-1-1-settings-dark-current-copy-text-1","Настройки","设置","machine-review-required"
"7-1-1-settings-dark-current-copy","7-1-2 Settings-W_lamp","canvas-7-1-1-settings-dark-current-copy-text-2","Темновой ток","暗电流","machine-review-required"
"7-1-1-settings-dark-current-copy","7-1-2 Settings-W_lamp","canvas-7-1-1-settings-dark-current-copy-text-3","D2-лампа","D2灯","machine-review-required"
"7-1-1-settings-dark-current-copy","7-1-2 Settings-W_lamp","canvas-7-1-1-settings-dark-current-copy-text-4","W-лампа","W灯","machine-review-required"
"7-1-1-settings-dark-current-copy","7-1-2 Settings-W_lamp","canvas-7-1-1-settings-dark-current-copy-text-5","Смена ламп","更换灯具","machine-review-required"
"7-1-1-settings-dark-current-copy","7-1-2 Settings-W_lamp","canvas-7-1-1-settings-dark-current-copy-text-8","Файловая система","文件系统","machine-review-required"
"7-1-1-settings-dark-current-copy","7-1-2 Settings-W_lamp","canvas-7-1-1-settings-dark-current-copy-text-10","17:34","17:34","machine-review-required"
"7-1-3-settings-d2-lamp-copy","7-1-4 Settings-Files_system","canvas-7-1-3-settings-d2-lamp-copy-text-1","Настройки","设置","machine-review-required"
"7-1-3-settings-d2-lamp-copy","7-1-4 Settings-Files_system","canvas-7-1-3-settings-d2-lamp-copy-text-2","Темновой ток","暗电流","machine-review-required"
"7-1-3-settings-d2-lamp-copy","7-1-4 Settings-Files_system","canvas-7-1-3-settings-d2-lamp-copy-text-3","D2-лампа","D2灯","machine-review-required"
"7-1-3-settings-d2-lamp-copy","7-1-4 Settings-Files_system","canvas-7-1-3-settings-d2-lamp-copy-text-4","W-лампа","W灯","machine-review-required"
"7-1-3-settings-d2-lamp-copy","7-1-4 Settings-Files_system","canvas-7-1-3-settings-d2-lamp-copy-text-5","Смена ламп","更换灯具","machine-review-required"
"7-1-3-settings-d2-lamp-copy","7-1-4 Settings-Files_system","canvas-7-1-3-settings-d2-lamp-copy-text-8","Файловая система","文件系统","machine-review-required"
"7-1-3-settings-d2-lamp-copy","7-1-4 Settings-Files_system","canvas-7-1-3-settings-d2-lamp-copy-text-10","17:34","17:34","machine-review-required"
"7-1-4-settings-d2-lamp-peripheriae-copy","7-1-5 Settings-Change_lamp","canvas-7-1-4-settings-d2-lamp-peripheriae-copy-text-1","Настройки","设置","machine-review-required"
"7-1-4-settings-d2-lamp-peripheriae-copy","7-1-5 Settings-Change_lamp","canvas-7-1-4-settings-d2-lamp-peripheriae-copy-text-2","Темновой ток","暗电流","machine-review-required"
"7-1-4-settings-d2-lamp-peripheriae-copy","7-1-5 Settings-Change_lamp","canvas-7-1-4-settings-d2-lamp-peripheriae-copy-text-3","D2-лампа","D2灯","machine-review-required"
"7-1-4-settings-d2-lamp-peripheriae-copy","7-1-5 Settings-Change_lamp","canvas-7-1-4-settings-d2-lamp-peripheriae-copy-text-4","W-лампа","W灯","machine-review-required"
"7-1-4-settings-d2-lamp-peripheriae-copy","7-1-5 Settings-Change_lamp","canvas-7-1-4-settings-d2-lamp-peripheriae-copy-text-5","Смена ламп","更换灯具","machine-review-required"
"7-1-4-settings-d2-lamp-peripheriae-copy","7-1-5 Settings-Change_lamp","canvas-7-1-4-settings-d2-lamp-peripheriae-copy-text-8","Периферия  ▼","周边▼","machine-review-required"
"7-1-4-settings-d2-lamp-peripheriae-copy","7-1-5 Settings-Change_lamp","canvas-7-1-4-settings-d2-lamp-peripheriae-copy-text-10","17:34","17:34","machine-review-required"
"7-1-4-settings-d2-lamp-peripheriae-copy-copy","7-1-6 Settings-Data_Time","canvas-7-1-4-settings-d2-lamp-peripheriae-copy-copy-text-1","Настройки","设置","machine-review-required"
"7-1-4-settings-d2-lamp-peripheriae-copy-copy","7-1-6 Settings-Data_Time","canvas-7-1-4-settings-d2-lamp-peripheriae-copy-copy-text-3","D2-лампа","D2灯","machine-review-required"
"7-1-4-settings-d2-lamp-peripheriae-copy-copy","7-1-6 Settings-Data_Time","canvas-7-1-4-settings-d2-lamp-peripheriae-copy-copy-text-4","W-лампа","W灯","machine-review-required"
"7-1-4-settings-d2-lamp-peripheriae-copy-copy","7-1-6 Settings-Data_Time","canvas-7-1-4-settings-d2-lamp-peripheriae-copy-copy-text-5","Смена ламп","更换灯具","machine-review-required"
"7-1-4-settings-d2-lamp-peripheriae-copy-copy","7-1-6 Settings-Data_Time","canvas-7-1-4-settings-d2-lamp-peripheriae-copy-copy-text-7","Дата и время","日期和时间","machine-review-required"
"7-1-4-settings-d2-lamp-peripheriae-copy-copy","7-1-6 Settings-Data_Time","canvas-7-1-4-settings-d2-lamp-peripheriae-copy-copy-text-8","Периферия  ▼","周边▼","machine-review-required"
"7-1-4-settings-d2-lamp-peripheriae-copy-copy","7-1-6 Settings-Data_Time","canvas-7-1-4-settings-d2-lamp-peripheriae-copy-copy-text-10","17:34","17:34","machine-review-required"
"7-1-6-settings-d2-lamp-peripheriae-copy-copy-copy","7-1-7 Settings-Calibration_λ","canvas-7-1-6-settings-d2-lamp-peripheriae-copy-copy-copy-text-1","Настройки","设置","machine-review-required"
"7-1-6-settings-d2-lamp-peripheriae-copy-copy-copy","7-1-7 Settings-Calibration_λ","canvas-7-1-6-settings-d2-lamp-peripheriae-copy-copy-copy-text-2","D2-лампа","D2灯","machine-review-required"
"7-1-6-settings-d2-lamp-peripheriae-copy-copy-copy","7-1-7 Settings-Calibration_λ","canvas-7-1-6-settings-d2-lamp-peripheriae-copy-copy-copy-text-4","Смена ламп","更换灯具","machine-review-required"
"7-1-6-settings-d2-lamp-peripheriae-copy-copy-copy","7-1-7 Settings-Calibration_λ","canvas-7-1-6-settings-d2-lamp-peripheriae-copy-copy-copy-text-5","Калибровка λ","校准λ","machine-review-required"
"7-1-6-settings-d2-lamp-peripheriae-copy-copy-copy","7-1-7 Settings-Calibration_λ","canvas-7-1-6-settings-d2-lamp-peripheriae-copy-copy-copy-text-6","Дата и время","日期和时间","machine-review-required"
"7-1-6-settings-d2-lamp-peripheriae-copy-copy-copy","7-1-7 Settings-Calibration_λ","canvas-7-1-6-settings-d2-lamp-peripheriae-copy-copy-copy-text-7","Периферия  ▼","周边▼","machine-review-required"
"7-1-6-settings-d2-lamp-peripheriae-copy-copy-copy","7-1-7 Settings-Calibration_λ","canvas-7-1-6-settings-d2-lamp-peripheriae-copy-copy-copy-text-9","17:34","17:34","machine-review-required"
"7-1-7-settings-d2-lamp-peripheriae-copy-copy-copy-copy","7-1-9 Settings-About_system","canvas-7-1-7-settings-d2-lamp-peripheriae-copy-copy-copy-copy-text-1","Настройки","设置","machine-review-required"
"7-1-7-settings-d2-lamp-peripheriae-copy-copy-copy-copy","7-1-9 Settings-About_system","canvas-7-1-7-settings-d2-lamp-peripheriae-copy-copy-copy-copy-text-3","Дата и время","日期和时间","machine-review-required"
"7-1-7-settings-d2-lamp-peripheriae-copy-copy-copy-copy","7-1-9 Settings-About_system","canvas-7-1-7-settings-d2-lamp-peripheriae-copy-copy-copy-copy-text-4","Сброс","重置","machine-review-required"
"7-1-7-settings-d2-lamp-peripheriae-copy-copy-copy-copy","7-1-9 Settings-About_system","canvas-7-1-7-settings-d2-lamp-peripheriae-copy-copy-copy-copy-text-5","Калибровка λ","校准λ","machine-review-required"
"7-1-7-settings-d2-lamp-peripheriae-copy-copy-copy-copy","7-1-9 Settings-About_system","canvas-7-1-7-settings-d2-lamp-peripheriae-copy-copy-copy-copy-text-6","Файловая система","文件系统","machine-review-required"
"7-1-7-settings-d2-lamp-peripheriae-copy-copy-copy-copy","7-1-9 Settings-About_system","canvas-7-1-7-settings-d2-lamp-peripheriae-copy-copy-copy-copy-text-8","17:34","17:34","machine-review-required"
"7-1-7-settings-d2-lamp-peripheriae-copy-copy-copy-copy","7-1-9 Settings-About_system","canvas-7-1-7-settings-d2-lamp-peripheriae-copy-copy-copy-copy-text-1782299055483","О системе","关于系统","machine-review-required"
"7-1-2-settings-w-lamp-copy","7-1-2-1 Settings-W_lamp-on","canvas-7-1-2-settings-w-lamp-copy-text-1","Настройки","设置","machine-review-required"
"7-1-2-settings-w-lamp-copy","7-1-2-1 Settings-W_lamp-on","canvas-7-1-2-settings-w-lamp-copy-text-4","W-лампа","W灯","machine-review-required"
"7-1-2-settings-w-lamp-copy","7-1-2-1 Settings-W_lamp-on","canvas-7-1-2-settings-w-lamp-copy-text-10","17:34","17:34","machine-review-required"
"7-1-2-settings-w-lamp-copy","7-1-2-1 Settings-W_lamp-on","canvas-7-1-2-settings-w-lamp-copy-text-1782299245527","Вкл","在","machine-review-required"
"7-1-2-settings-w-lamp-copy","7-1-2-1 Settings-W_lamp-on","canvas-7-1-2-settings-w-lamp-copy-text-1782299265303","Выкл","离开","machine-review-required"
"7-1-3-settings-d2-lamp-copy-2","7-1-3-1 Settings-D2_lamp-on","canvas-7-1-3-settings-d2-lamp-copy-2-text-1","Настройки","设置","machine-review-required"
"7-1-3-settings-d2-lamp-copy-2","7-1-3-1 Settings-D2_lamp-on","canvas-7-1-3-settings-d2-lamp-copy-2-text-3","D2-лампа","D2灯","machine-review-required"
"7-1-3-settings-d2-lamp-copy-2","7-1-3-1 Settings-D2_lamp-on","canvas-7-1-3-settings-d2-lamp-copy-2-text-4","Да","是的","machine-review-required"
"7-1-3-settings-d2-lamp-copy-2","7-1-3-1 Settings-D2_lamp-on","canvas-7-1-3-settings-d2-lamp-copy-2-text-8","17:34","17:34","machine-review-required"
"7-1-3-settings-d2-lamp-copy-2","7-1-3-1 Settings-D2_lamp-on","canvas-7-1-3-settings-d2-lamp-copy-2-text-1782299398328","Нет","不","machine-review-required"
"7-1-3-1-settings-d2-lamp-on-copy","7-1-3-2 Settings-D2_lamp-off","canvas-7-1-3-1-settings-d2-lamp-on-copy-text-1","Настройки","设置","machine-review-required"
"7-1-3-1-settings-d2-lamp-on-copy","7-1-3-2 Settings-D2_lamp-off","canvas-7-1-3-1-settings-d2-lamp-on-copy-text-2","D2-лампа","D2灯","machine-review-required"
"7-1-3-1-settings-d2-lamp-on-copy","7-1-3-2 Settings-D2_lamp-off","canvas-7-1-3-1-settings-d2-lamp-on-copy-text-3","Да","是的","machine-review-required"
"7-1-3-1-settings-d2-lamp-on-copy","7-1-3-2 Settings-D2_lamp-off","canvas-7-1-3-1-settings-d2-lamp-on-copy-text-5","17:34","17:34","machine-review-required"
"7-1-3-1-settings-d2-lamp-on-copy","7-1-3-2 Settings-D2_lamp-off","canvas-7-1-3-1-settings-d2-lamp-on-copy-text-12","Нет","不","machine-review-required"
"7-1-2-1-settings-w-lamp-on-copy","7-1-2-1 Settings-W_lamp-off","canvas-7-1-2-1-settings-w-lamp-on-copy-text-1","Настройки","设置","machine-review-required"
"7-1-2-1-settings-w-lamp-on-copy","7-1-2-1 Settings-W_lamp-off","canvas-7-1-2-1-settings-w-lamp-on-copy-text-2","W-лампа","W灯","machine-review-required"
"7-1-2-1-settings-w-lamp-on-copy","7-1-2-1 Settings-W_lamp-off","canvas-7-1-2-1-settings-w-lamp-on-copy-text-4","17:34","17:34","machine-review-required"
"7-1-2-1-settings-w-lamp-on-copy","7-1-2-1 Settings-W_lamp-off","canvas-7-1-2-1-settings-w-lamp-on-copy-text-8","Вкл","在","machine-review-required"
"7-1-2-1-settings-w-lamp-on-copy","7-1-2-1 Settings-W_lamp-off","canvas-7-1-2-1-settings-w-lamp-on-copy-text-9","Выкл","离开","machine-review-required"
"7-1-4-settings-peripheriae-copy","7-1-4-1 Settings-Files_system","canvas-7-1-4-settings-peripheriae-copy-text-1","Настройки","设置","machine-review-required"
"7-1-4-settings-peripheriae-copy","7-1-4-1 Settings-Files_system","canvas-7-1-4-settings-peripheriae-copy-text-6","Файловая система","文件系统","machine-review-required"
"7-1-4-settings-peripheriae-copy","7-1-4-1 Settings-Files_system","canvas-7-1-4-settings-peripheriae-copy-text-8","17:34","17:34","machine-review-required"
"7-1-4-settings-peripheriae-copy","7-1-4-1 Settings-Files_system","canvas-7-1-4-settings-peripheriae-copy-text-1782302614428","Версия","版本","machine-review-required"
"7-1-4-settings-peripheriae-copy","7-1-4-1 Settings-Files_system","canvas-7-1-4-settings-peripheriae-copy-text-1782302753427","Число файлов","文件数量","machine-review-required"
"7-1-4-settings-peripheriae-copy","7-1-4-1 Settings-Files_system","canvas-7-1-4-settings-peripheriae-copy-text-1782302822531","Занято","忙碌的","machine-review-required"
"7-1-4-settings-peripheriae-copy","7-1-4-1 Settings-Files_system","canvas-7-1-4-settings-peripheriae-copy-text-1782303098555","Свободно","自由的","machine-review-required"
"7-1-4-settings-peripheriae-copy","7-1-4-1 Settings-Files_system","canvas-7-1-4-settings-peripheriae-copy-text-1782303173360","V0.5.04","V0.5.04","machine-review-required"
"7-1-4-settings-peripheriae-copy","7-1-4-1 Settings-Files_system","canvas-7-1-4-settings-peripheriae-copy-text-1782303216736","12","12","machine-review-required"
"7-1-4-settings-peripheriae-copy","7-1-4-1 Settings-Files_system","canvas-7-1-4-settings-peripheriae-copy-text-1782303227879","172 Kb","172 KB","machine-review-required"
"7-1-4-settings-peripheriae-copy","7-1-4-1 Settings-Files_system","canvas-7-1-4-settings-peripheriae-copy-text-1782303260876","8008 Kb","8008 KB","machine-review-required"
"7-1-5-1-settings-change-lamp-inputting-copy","7-1-5-1 Settings-Change_lamp-inputing","canvas-7-1-5-1-settings-change-lamp-inputting-copy-text-1","Настройки","设置","machine-review-required"
"7-1-5-1-settings-change-lamp-inputting-copy","7-1-5-1 Settings-Change_lamp-inputing","canvas-7-1-5-1-settings-change-lamp-inputting-copy-text-4","Смена ламп","更换灯具","machine-review-required"
"7-1-5-1-settings-change-lamp-inputting-copy","7-1-5-1 Settings-Change_lamp-inputing","canvas-7-1-5-1-settings-change-lamp-inputting-copy-text-7","17:34","17:34","machine-review-required"
"7-1-5-1-settings-change-lamp-inputting-copy","7-1-5-1 Settings-Change_lamp-inputing","canvas-7-1-5-1-settings-change-lamp-inputting-copy-text-1782303570291","Текущее λ, нм","电流 λ, nm","machine-review-required"
"7-1-5-1-settings-change-lamp-inputting-copy","7-1-5-1 Settings-Change_lamp-inputing","canvas-7-1-5-1-settings-change-lamp-inputting-copy-text-1782303615299","Введите λ, нм","输入 λ, nm","machine-review-required"
"7-1-5-1-settings-change-lamp-inputting-copy","7-1-5-1 Settings-Change_lamp-inputing","canvas-7-1-5-1-settings-change-lamp-inputting-copy-text-1782304804919","340","340","machine-review-required"
"7-1-5-1-settings-change-lamp-inputting-copy","7-1-5-1 Settings-Change_lamp-inputing","canvas-7-1-5-1-settings-change-lamp-inputting-copy-text-1782304933724","______","______","machine-review-required"
"7-1-5-2-settings-change-lamp-inputed-copy","7-1-5-2 Settings-Change_lamp-inputed","canvas-7-1-5-2-settings-change-lamp-inputed-copy-text-1","Настройки","设置","machine-review-required"
"7-1-5-2-settings-change-lamp-inputed-copy","7-1-5-2 Settings-Change_lamp-inputed","canvas-7-1-5-2-settings-change-lamp-inputed-copy-text-2","Смена ламп","更换灯具","machine-review-required"
"7-1-5-2-settings-change-lamp-inputed-copy","7-1-5-2 Settings-Change_lamp-inputed","canvas-7-1-5-2-settings-change-lamp-inputed-copy-text-4","17:34","17:34","machine-review-required"
"7-1-5-2-settings-change-lamp-inputed-copy","7-1-5-2 Settings-Change_lamp-inputed","canvas-7-1-5-2-settings-change-lamp-inputed-copy-text-5","Текущее λ, нм","电流 λ, nm","machine-review-required"
"7-1-5-2-settings-change-lamp-inputed-copy","7-1-5-2 Settings-Change_lamp-inputed","canvas-7-1-5-2-settings-change-lamp-inputed-copy-text-6","Введите λ, нм","输入 λ, nm","machine-review-required"
"7-1-5-2-settings-change-lamp-inputed-copy","7-1-5-2 Settings-Change_lamp-inputed","canvas-7-1-5-2-settings-change-lamp-inputed-copy-text-11","340","340","machine-review-required"
"7-1-5-2-settings-change-lamp-inputed-copy","7-1-5-2 Settings-Change_lamp-inputed","canvas-7-1-5-2-settings-change-lamp-inputed-copy-text-12","345.2","345.2","machine-review-required"
"7-1-4-1-settings-files-system-copy","7-1-6-1 Settings-Data_Time-inputing-monday","canvas-7-1-4-1-settings-files-system-copy-text-1","Настройки","设置","machine-review-required"
"7-1-4-1-settings-files-system-copy","7-1-6-1 Settings-Data_Time-inputing-monday","canvas-7-1-4-1-settings-files-system-copy-text-2","Дата и время","日期和时间","machine-review-required"
"7-1-4-1-settings-files-system-copy","7-1-6-1 Settings-Data_Time-inputing-monday","canvas-7-1-4-1-settings-files-system-copy-text-4","17:34","17:34","machine-review-required"
"7-1-4-1-settings-files-system-copy","7-1-6-1 Settings-Data_Time-inputing-monday","canvas-7-1-4-1-settings-files-system-copy-text-7","Дата","日期","machine-review-required"
"7-1-4-1-settings-files-system-copy","7-1-6-1 Settings-Data_Time-inputing-monday","canvas-7-1-4-1-settings-files-system-copy-text-8","Время","时间","machine-review-required"
"7-1-4-1-settings-files-system-copy","7-1-6-1 Settings-Data_Time-inputing-monday","canvas-7-1-4-1-settings-files-system-copy-text-9","День недели","星期几","machine-review-required"
"7-1-4-1-settings-files-system-copy","7-1-6-1 Settings-Data_Time-inputing-monday","canvas-7-1-4-1-settings-files-system-copy-text-15","24.05.2026","2026年5月24日","machine-review-required"
"7-1-4-1-settings-files-system-copy","7-1-6-1 Settings-Data_Time-inputing-monday","canvas-7-1-4-1-settings-files-system-copy-text-16","17:34:05","17:34:05","machine-review-required"
"7-1-4-1-settings-files-system-copy","7-1-6-1 Settings-Data_Time-inputing-monday","canvas-7-1-4-1-settings-files-system-copy-text-17","понедельник","周一","machine-review-required"
"7-1-6-1-settings-data-time-inputing-copy","7-1-6-2 Settings-Data_Time-inputing-tuesday","canvas-7-1-6-1-settings-data-time-inputing-copy-text-1","Настройки","设置","machine-review-required"
"7-1-6-1-settings-data-time-inputing-copy","7-1-6-2 Settings-Data_Time-inputing-tuesday","canvas-7-1-6-1-settings-data-time-inputing-copy-text-2","Дата и время","日期和时间","machine-review-required"
"7-1-6-1-settings-data-time-inputing-copy","7-1-6-2 Settings-Data_Time-inputing-tuesday","canvas-7-1-6-1-settings-data-time-inputing-copy-text-4","17:34","17:34","machine-review-required"
"7-1-6-1-settings-data-time-inputing-copy","7-1-6-2 Settings-Data_Time-inputing-tuesday","canvas-7-1-6-1-settings-data-time-inputing-copy-text-5","Тексь","特克斯","machine-review-required"
"7-1-6-1-settings-data-time-inputing-copy","7-1-6-2 Settings-Data_Time-inputing-tuesday","canvas-7-1-6-1-settings-data-time-inputing-copy-text-7","Дата","日期","machine-review-required"
"7-1-6-1-settings-data-time-inputing-copy","7-1-6-2 Settings-Data_Time-inputing-tuesday","canvas-7-1-6-1-settings-data-time-inputing-copy-text-8","Время","时间","machine-review-required"
"7-1-6-1-settings-data-time-inputing-copy","7-1-6-2 Settings-Data_Time-inputing-tuesday","canvas-7-1-6-1-settings-data-time-inputing-copy-text-9","День недели","星期几","machine-review-required"
"7-1-6-1-settings-data-time-inputing-copy","7-1-6-2 Settings-Data_Time-inputing-tuesday","canvas-7-1-6-1-settings-data-time-inputing-copy-text-13","24.05.2026","2026年5月24日","machine-review-required"
"7-1-6-1-settings-data-time-inputing-copy","7-1-6-2 Settings-Data_Time-inputing-tuesday","canvas-7-1-6-1-settings-data-time-inputing-copy-text-14","17:34:05","17:34:05","machine-review-required"
"7-1-6-1-settings-data-time-inputing-copy","7-1-6-2 Settings-Data_Time-inputing-tuesday","canvas-7-1-6-1-settings-data-time-inputing-copy-text-15","вторник","周二","machine-review-required"
"7-1-6-1-settings-data-time-inputing-copy-copy","7-1-6-3 Settings-Data_Time-inputing-wesnesday","canvas-7-1-6-1-settings-data-time-inputing-copy-copy-text-1","Настройки","设置","machine-review-required"
"7-1-6-1-settings-data-time-inputing-copy-copy","7-1-6-3 Settings-Data_Time-inputing-wesnesday","canvas-7-1-6-1-settings-data-time-inputing-copy-copy-text-2","Дата и время","日期和时间","machine-review-required"
"7-1-6-1-settings-data-time-inputing-copy-copy","7-1-6-3 Settings-Data_Time-inputing-wesnesday","canvas-7-1-6-1-settings-data-time-inputing-copy-copy-text-4","17:34","17:34","machine-review-required"
"7-1-6-1-settings-data-time-inputing-copy-copy","7-1-6-3 Settings-Data_Time-inputing-wesnesday","canvas-7-1-6-1-settings-data-time-inputing-copy-copy-text-7","Дата","日期","machine-review-required"
"7-1-6-1-settings-data-time-inputing-copy-copy","7-1-6-3 Settings-Data_Time-inputing-wesnesday","canvas-7-1-6-1-settings-data-time-inputing-copy-copy-text-8","Время","时间","machine-review-required"
"7-1-6-1-settings-data-time-inputing-copy-copy","7-1-6-3 Settings-Data_Time-inputing-wesnesday","canvas-7-1-6-1-settings-data-time-inputing-copy-copy-text-9","День недели","星期几","machine-review-required"
"7-1-6-1-settings-data-time-inputing-copy-copy","7-1-6-3 Settings-Data_Time-inputing-wesnesday","canvas-7-1-6-1-settings-data-time-inputing-copy-copy-text-13","24.05.2026","2026年5月24日","machine-review-required"
"7-1-6-1-settings-data-time-inputing-copy-copy","7-1-6-3 Settings-Data_Time-inputing-wesnesday","canvas-7-1-6-1-settings-data-time-inputing-copy-copy-text-14","17:34:05","17:34:05","machine-review-required"
"7-1-6-1-settings-data-time-inputing-copy-copy","7-1-6-3 Settings-Data_Time-inputing-wesnesday","canvas-7-1-6-1-settings-data-time-inputing-copy-copy-text-15","среда","周三","machine-review-required"
"7-1-6-1-settings-data-time-inputing-copy-copy-copy","7-1-6-4 Settings-Data_Time-inputing-thursday","canvas-7-1-6-1-settings-data-time-inputing-copy-copy-copy-text-1","Настройки","设置","machine-review-required"
"7-1-6-1-settings-data-time-inputing-copy-copy-copy","7-1-6-4 Settings-Data_Time-inputing-thursday","canvas-7-1-6-1-settings-data-time-inputing-copy-copy-copy-text-2","Дата и время","日期和时间","machine-review-required"
"7-1-6-1-settings-data-time-inputing-copy-copy-copy","7-1-6-4 Settings-Data_Time-inputing-thursday","canvas-7-1-6-1-settings-data-time-inputing-copy-copy-copy-text-4","17:34","17:34","machine-review-required"
"7-1-6-1-settings-data-time-inputing-copy-copy-copy","7-1-6-4 Settings-Data_Time-inputing-thursday","canvas-7-1-6-1-settings-data-time-inputing-copy-copy-copy-text-7","Дата","日期","machine-review-required"
"7-1-6-1-settings-data-time-inputing-copy-copy-copy","7-1-6-4 Settings-Data_Time-inputing-thursday","canvas-7-1-6-1-settings-data-time-inputing-copy-copy-copy-text-8","Время","时间","machine-review-required"
"7-1-6-1-settings-data-time-inputing-copy-copy-copy","7-1-6-4 Settings-Data_Time-inputing-thursday","canvas-7-1-6-1-settings-data-time-inputing-copy-copy-copy-text-9","День недели","星期几","machine-review-required"
"7-1-6-1-settings-data-time-inputing-copy-copy-copy","7-1-6-4 Settings-Data_Time-inputing-thursday","canvas-7-1-6-1-settings-data-time-inputing-copy-copy-copy-text-13","24.05.2026","2026年5月24日","machine-review-required"
"7-1-6-1-settings-data-time-inputing-copy-copy-copy","7-1-6-4 Settings-Data_Time-inputing-thursday","canvas-7-1-6-1-settings-data-time-inputing-copy-copy-copy-text-14","17:34:05","17:34:05","machine-review-required"
"7-1-6-1-settings-data-time-inputing-copy-copy-copy","7-1-6-4 Settings-Data_Time-inputing-thursday","canvas-7-1-6-1-settings-data-time-inputing-copy-copy-copy-text-15","четверг","周四","machine-review-required"
"7-1-6-1-settings-data-time-inputing-copy-copy-copy-copy","7-1-6-5 Settings-Data_Time-inputing-friday","canvas-7-1-6-1-settings-data-time-inputing-copy-copy-copy-copy-text-1","Настройки","设置","machine-review-required"
"7-1-6-1-settings-data-time-inputing-copy-copy-copy-copy","7-1-6-5 Settings-Data_Time-inputing-friday","canvas-7-1-6-1-settings-data-time-inputing-copy-copy-copy-copy-text-2","Дата и время","日期和时间","machine-review-required"
"7-1-6-1-settings-data-time-inputing-copy-copy-copy-copy","7-1-6-5 Settings-Data_Time-inputing-friday","canvas-7-1-6-1-settings-data-time-inputing-copy-copy-copy-copy-text-4","17:34","17:34","machine-review-required"
"7-1-6-1-settings-data-time-inputing-copy-copy-copy-copy","7-1-6-5 Settings-Data_Time-inputing-friday","canvas-7-1-6-1-settings-data-time-inputing-copy-copy-copy-copy-text-7","Дата","日期","machine-review-required"
"7-1-6-1-settings-data-time-inputing-copy-copy-copy-copy","7-1-6-5 Settings-Data_Time-inputing-friday","canvas-7-1-6-1-settings-data-time-inputing-copy-copy-copy-copy-text-8","Время","时间","machine-review-required"
"7-1-6-1-settings-data-time-inputing-copy-copy-copy-copy","7-1-6-5 Settings-Data_Time-inputing-friday","canvas-7-1-6-1-settings-data-time-inputing-copy-copy-copy-copy-text-9","День недели","星期几","machine-review-required"
"7-1-6-1-settings-data-time-inputing-copy-copy-copy-copy","7-1-6-5 Settings-Data_Time-inputing-friday","canvas-7-1-6-1-settings-data-time-inputing-copy-copy-copy-copy-text-13","24.05.2026","2026年5月24日","machine-review-required"
"7-1-6-1-settings-data-time-inputing-copy-copy-copy-copy","7-1-6-5 Settings-Data_Time-inputing-friday","canvas-7-1-6-1-settings-data-time-inputing-copy-copy-copy-copy-text-14","17:34:05","17:34:05","machine-review-required"
"7-1-6-1-settings-data-time-inputing-copy-copy-copy-copy","7-1-6-5 Settings-Data_Time-inputing-friday","canvas-7-1-6-1-settings-data-time-inputing-copy-copy-copy-copy-text-15","пятница","星期五","machine-review-required"
"7-1-6-1-settings-data-time-inputing-copy-copy-copy-copy-copy","7-1-6-6 Settings-Data_Time-inputing-saturday","canvas-7-1-6-1-settings-data-time-inputing-copy-copy-copy-copy-copy-text-1","Настройки","设置","machine-review-required"
"7-1-6-1-settings-data-time-inputing-copy-copy-copy-copy-copy","7-1-6-6 Settings-Data_Time-inputing-saturday","canvas-7-1-6-1-settings-data-time-inputing-copy-copy-copy-copy-copy-text-2","Дата и время","日期和时间","machine-review-required"
"7-1-6-1-settings-data-time-inputing-copy-copy-copy-copy-copy","7-1-6-6 Settings-Data_Time-inputing-saturday","canvas-7-1-6-1-settings-data-time-inputing-copy-copy-copy-copy-copy-text-4","17:34","17:34","machine-review-required"
"7-1-6-1-settings-data-time-inputing-copy-copy-copy-copy-copy","7-1-6-6 Settings-Data_Time-inputing-saturday","canvas-7-1-6-1-settings-data-time-inputing-copy-copy-copy-copy-copy-text-7","Дата","日期","machine-review-required"
"7-1-6-1-settings-data-time-inputing-copy-copy-copy-copy-copy","7-1-6-6 Settings-Data_Time-inputing-saturday","canvas-7-1-6-1-settings-data-time-inputing-copy-copy-copy-copy-copy-text-8","Время","时间","machine-review-required"
"7-1-6-1-settings-data-time-inputing-copy-copy-copy-copy-copy","7-1-6-6 Settings-Data_Time-inputing-saturday","canvas-7-1-6-1-settings-data-time-inputing-copy-copy-copy-copy-copy-text-9","День недели","星期几","machine-review-required"
"7-1-6-1-settings-data-time-inputing-copy-copy-copy-copy-copy","7-1-6-6 Settings-Data_Time-inputing-saturday","canvas-7-1-6-1-settings-data-time-inputing-copy-copy-copy-copy-copy-text-13","24.05.2026","2026年5月24日","machine-review-required"
"7-1-6-1-settings-data-time-inputing-copy-copy-copy-copy-copy","7-1-6-6 Settings-Data_Time-inputing-saturday","canvas-7-1-6-1-settings-data-time-inputing-copy-copy-copy-copy-copy-text-14","17:34:05","17:34:05","machine-review-required"
"7-1-6-1-settings-data-time-inputing-copy-copy-copy-copy-copy","7-1-6-6 Settings-Data_Time-inputing-saturday","canvas-7-1-6-1-settings-data-time-inputing-copy-copy-copy-copy-copy-text-15","суббота","周六","machine-review-required"
"7-1-6-1-settings-data-time-inputing-copy-copy-copy-copy-copy-copy","7-1-6-7 Settings-Data_Time-inputing Copy Copy Copy Copy Copy Copy","canvas-7-1-6-1-settings-data-time-inputing-copy-copy-copy-copy-copy-copy-text-1","Настройки","设置","machine-review-required"
"7-1-6-1-settings-data-time-inputing-copy-copy-copy-copy-copy-copy","7-1-6-7 Settings-Data_Time-inputing Copy Copy Copy Copy Copy Copy","canvas-7-1-6-1-settings-data-time-inputing-copy-copy-copy-copy-copy-copy-text-2","Дата и время","日期和时间","machine-review-required"
"7-1-6-1-settings-data-time-inputing-copy-copy-copy-copy-copy-copy","7-1-6-7 Settings-Data_Time-inputing Copy Copy Copy Copy Copy Copy","canvas-7-1-6-1-settings-data-time-inputing-copy-copy-copy-copy-copy-copy-text-4","17:34","17:34","machine-review-required"
"7-1-6-1-settings-data-time-inputing-copy-copy-copy-copy-copy-copy","7-1-6-7 Settings-Data_Time-inputing Copy Copy Copy Copy Copy Copy","canvas-7-1-6-1-settings-data-time-inputing-copy-copy-copy-copy-copy-copy-text-7","Дата","日期","machine-review-required"
"7-1-6-1-settings-data-time-inputing-copy-copy-copy-copy-copy-copy","7-1-6-7 Settings-Data_Time-inputing Copy Copy Copy Copy Copy Copy","canvas-7-1-6-1-settings-data-time-inputing-copy-copy-copy-copy-copy-copy-text-8","Время","时间","machine-review-required"
"7-1-6-1-settings-data-time-inputing-copy-copy-copy-copy-copy-copy","7-1-6-7 Settings-Data_Time-inputing Copy Copy Copy Copy Copy Copy","canvas-7-1-6-1-settings-data-time-inputing-copy-copy-copy-copy-copy-copy-text-9","День недели","星期几","machine-review-required"
"7-1-6-1-settings-data-time-inputing-copy-copy-copy-copy-copy-copy","7-1-6-7 Settings-Data_Time-inputing Copy Copy Copy Copy Copy Copy","canvas-7-1-6-1-settings-data-time-inputing-copy-copy-copy-copy-copy-copy-text-13","24.05.2026","2026年5月24日","machine-review-required"
"7-1-6-1-settings-data-time-inputing-copy-copy-copy-copy-copy-copy","7-1-6-7 Settings-Data_Time-inputing Copy Copy Copy Copy Copy Copy","canvas-7-1-6-1-settings-data-time-inputing-copy-copy-copy-copy-copy-copy-text-14","17:34:05","17:34:05","machine-review-required"
"7-1-6-1-settings-data-time-inputing-copy-copy-copy-copy-copy-copy","7-1-6-7 Settings-Data_Time-inputing Copy Copy Copy Copy Copy Copy","canvas-7-1-6-1-settings-data-time-inputing-copy-copy-copy-copy-copy-copy-text-15","воскресенье","星期日","machine-review-required"
"7-1-1-settings-dark-current-copy-2","7-1-1-1 Settings-Dark_current_measur_process","canvas-7-1-1-settings-dark-current-copy-2-text-1","Настройки","设置","machine-review-required"
"7-1-1-settings-dark-current-copy-2","7-1-1-1 Settings-Dark_current_measur_process","canvas-7-1-1-settings-dark-current-copy-2-text-2","Темновой ток","暗电流","machine-review-required"
"7-1-1-settings-dark-current-copy-2","7-1-1-1 Settings-Dark_current_measur_process","canvas-7-1-1-settings-dark-current-copy-2-text-8","17:34","17:34","machine-review-required"
"7-1-1-settings-dark-current-copy-2","7-1-1-1 Settings-Dark_current_measur_process","canvas-7-1-1-settings-dark-current-copy-2-text-1782306658627","Измерение...","测量...","machine-review-required"
"7-1-1-1-settings-dark-current-measur-process-copy","7-1-1-2 Settings-Dark_current_measured","canvas-7-1-1-1-settings-dark-current-measur-process-copy-text-1","Настройки","设置","machine-review-required"
"7-1-1-1-settings-dark-current-measur-process-copy","7-1-1-2 Settings-Dark_current_measured","canvas-7-1-1-1-settings-dark-current-measur-process-copy-text-2","Темновой ток","暗电流","machine-review-required"
"7-1-1-1-settings-dark-current-measur-process-copy","7-1-1-2 Settings-Dark_current_measured","canvas-7-1-1-1-settings-dark-current-measur-process-copy-text-4","17:34","17:34","machine-review-required"
"7-1-1-1-settings-dark-current-measur-process-copy","7-1-1-2 Settings-Dark_current_measured","canvas-7-1-1-1-settings-dark-current-measur-process-copy-text-1782306823571","67","67","machine-review-required"
"7-1-1-1-settings-dark-current-measur-process-copy","7-1-1-2 Settings-Dark_current_measured","canvas-7-1-1-1-settings-dark-current-measur-process-copy-text-1782306882119","104","104","machine-review-required"
"7-1-1-1-settings-dark-current-measur-process-copy","7-1-1-2 Settings-Dark_current_measured","canvas-7-1-1-1-settings-dark-current-measur-process-copy-text-1782306947591","Усиление","获得","machine-review-required"
"7-1-1-1-settings-dark-current-measur-process-copy","7-1-1-2 Settings-Dark_current_measured","canvas-7-1-1-1-settings-dark-current-measur-process-copy-text-1782307035123","194","194","machine-review-required"
"7-1-1-1-settings-dark-current-measur-process-copy","7-1-1-2 Settings-Dark_current_measured","canvas-7-1-1-1-settings-dark-current-measur-process-copy-text-1782307095315","Энергия","活力","machine-review-required"
"7-1-1-1-settings-dark-current-measur-process-copy","7-1-1-2 Settings-Dark_current_measured","canvas-7-1-1-1-settings-dark-current-measur-process-copy-text-1782307241387","1","1","machine-review-required"
"7-1-1-1-settings-dark-current-measur-process-copy","7-1-1-2 Settings-Dark_current_measured","canvas-7-1-1-1-settings-dark-current-measur-process-copy-text-1782307312699","2","2","machine-review-required"
"7-1-1-1-settings-dark-current-measur-process-copy","7-1-1-2 Settings-Dark_current_measured","canvas-7-1-1-1-settings-dark-current-measur-process-copy-text-1782307324675","3","3","machine-review-required"
"7-1-1-2-settings-dark-current-measured-copy","7-1-1-3 Settings-Dark_current_measured Copy","canvas-7-1-1-2-settings-dark-current-measured-copy-text-1","Настройки","设置","machine-review-required"
"7-1-1-2-settings-dark-current-measured-copy","7-1-1-3 Settings-Dark_current_measured Copy","canvas-7-1-1-2-settings-dark-current-measured-copy-text-2","Темновой ток","暗电流","machine-review-required"
"7-1-1-2-settings-dark-current-measured-copy","7-1-1-3 Settings-Dark_current_measured Copy","canvas-7-1-1-2-settings-dark-current-measured-copy-text-4","17:34","17:34","machine-review-required"
"7-1-1-2-settings-dark-current-measured-copy","7-1-1-3 Settings-Dark_current_measured Copy","canvas-7-1-1-2-settings-dark-current-measured-copy-text-6","104","104","machine-review-required"
"7-1-1-2-settings-dark-current-measured-copy","7-1-1-3 Settings-Dark_current_measured Copy","canvas-7-1-1-2-settings-dark-current-measured-copy-text-7","194","194","machine-review-required"
"7-1-1-2-settings-dark-current-measured-copy","7-1-1-3 Settings-Dark_current_measured Copy","canvas-7-1-1-2-settings-dark-current-measured-copy-text-8","Усиление","获得","machine-review-required"
"7-1-1-2-settings-dark-current-measured-copy","7-1-1-3 Settings-Dark_current_measured Copy","canvas-7-1-1-2-settings-dark-current-measured-copy-text-9","359","第359章","machine-review-required"
"7-1-1-2-settings-dark-current-measured-copy","7-1-1-3 Settings-Dark_current_measured Copy","canvas-7-1-1-2-settings-dark-current-measured-copy-text-12","Энергия","活力","machine-review-required"
"7-1-1-2-settings-dark-current-measured-copy","7-1-1-3 Settings-Dark_current_measured Copy","canvas-7-1-1-2-settings-dark-current-measured-copy-text-17","2","2","machine-review-required"
"7-1-1-2-settings-dark-current-measured-copy","7-1-1-3 Settings-Dark_current_measured Copy","canvas-7-1-1-2-settings-dark-current-measured-copy-text-18","3","3","machine-review-required"
"7-1-1-2-settings-dark-current-measured-copy","7-1-1-3 Settings-Dark_current_measured Copy","canvas-7-1-1-2-settings-dark-current-measured-copy-text-19","4","4","machine-review-required"
"7-1-1-2-settings-dark-current-measured-copy-copy","7-1-1-4 Settings-Dark_current_measured Copy Copy","canvas-7-1-1-2-settings-dark-current-measured-copy-copy-text-1","Настройки","设置","machine-review-required"
"7-1-1-2-settings-dark-current-measured-copy-copy","7-1-1-4 Settings-Dark_current_measured Copy Copy","canvas-7-1-1-2-settings-dark-current-measured-copy-copy-text-2","Темновой ток","暗电流","machine-review-required"
"7-1-1-2-settings-dark-current-measured-copy-copy","7-1-1-4 Settings-Dark_current_measured Copy Copy","canvas-7-1-1-2-settings-dark-current-measured-copy-copy-text-4","17:34","17:34","machine-review-required"
"7-1-1-2-settings-dark-current-measured-copy-copy","7-1-1-4 Settings-Dark_current_measured Copy Copy","canvas-7-1-1-2-settings-dark-current-measured-copy-copy-text-6","194","194","machine-review-required"
"7-1-1-2-settings-dark-current-measured-copy-copy","7-1-1-4 Settings-Dark_current_measured Copy Copy","canvas-7-1-1-2-settings-dark-current-measured-copy-copy-text-7","359","第359章","machine-review-required"
"7-1-1-2-settings-dark-current-measured-copy-copy","7-1-1-4 Settings-Dark_current_measured Copy Copy","canvas-7-1-1-2-settings-dark-current-measured-copy-copy-text-8","Усиление","获得","machine-review-required"
"7-1-1-2-settings-dark-current-measured-copy-copy","7-1-1-4 Settings-Dark_current_measured Copy Copy","canvas-7-1-1-2-settings-dark-current-measured-copy-copy-text-9","696","696","machine-review-required"
"7-1-1-2-settings-dark-current-measured-copy-copy","7-1-1-4 Settings-Dark_current_measured Copy Copy","canvas-7-1-1-2-settings-dark-current-measured-copy-copy-text-12","Энергия","活力","machine-review-required"
"7-1-1-2-settings-dark-current-measured-copy-copy","7-1-1-4 Settings-Dark_current_measured Copy Copy","canvas-7-1-1-2-settings-dark-current-measured-copy-copy-text-17","3","3","machine-review-required"
"7-1-1-2-settings-dark-current-measured-copy-copy","7-1-1-4 Settings-Dark_current_measured Copy Copy","canvas-7-1-1-2-settings-dark-current-measured-copy-copy-text-18","4","4","machine-review-required"
"7-1-1-2-settings-dark-current-measured-copy-copy","7-1-1-4 Settings-Dark_current_measured Copy Copy","canvas-7-1-1-2-settings-dark-current-measured-copy-copy-text-19","5","5","machine-review-required"
"7-1-1-4-settings-dark-current-measured-copy-copy-copy","7-1-1-5 Settings-Dark_current_measured Copy Copy Copy","canvas-7-1-1-4-settings-dark-current-measured-copy-copy-copy-text-1","Настройки","设置","machine-review-required"
"7-1-1-4-settings-dark-current-measured-copy-copy-copy","7-1-1-5 Settings-Dark_current_measured Copy Copy Copy","canvas-7-1-1-4-settings-dark-current-measured-copy-copy-copy-text-2","Темновой ток","暗电流","machine-review-required"
"7-1-1-4-settings-dark-current-measured-copy-copy-copy","7-1-1-5 Settings-Dark_current_measured Copy Copy Copy","canvas-7-1-1-4-settings-dark-current-measured-copy-copy-copy-text-4","17:34","17:34","machine-review-required"
"7-1-1-4-settings-dark-current-measured-copy-copy-copy","7-1-1-5 Settings-Dark_current_measured Copy Copy Copy","canvas-7-1-1-4-settings-dark-current-measured-copy-copy-copy-text-6","359","第359章","machine-review-required"
"7-1-1-4-settings-dark-current-measured-copy-copy-copy","7-1-1-5 Settings-Dark_current_measured Copy Copy Copy","canvas-7-1-1-4-settings-dark-current-measured-copy-copy-copy-text-7","696","696","machine-review-required"
"7-1-1-4-settings-dark-current-measured-copy-copy-copy","7-1-1-5 Settings-Dark_current_measured Copy Copy Copy","canvas-7-1-1-4-settings-dark-current-measured-copy-copy-copy-text-8","Усиление","获得","machine-review-required"
"7-1-1-4-settings-dark-current-measured-copy-copy-copy","7-1-1-5 Settings-Dark_current_measured Copy Copy Copy","canvas-7-1-1-4-settings-dark-current-measured-copy-copy-copy-text-9","1242","1242","machine-review-required"
"7-1-1-4-settings-dark-current-measured-copy-copy-copy","7-1-1-5 Settings-Dark_current_measured Copy Copy Copy","canvas-7-1-1-4-settings-dark-current-measured-copy-copy-copy-text-12","Энергия","活力","machine-review-required"
"7-1-1-4-settings-dark-current-measured-copy-copy-copy","7-1-1-5 Settings-Dark_current_measured Copy Copy Copy","canvas-7-1-1-4-settings-dark-current-measured-copy-copy-copy-text-17","4","4","machine-review-required"
"7-1-1-4-settings-dark-current-measured-copy-copy-copy","7-1-1-5 Settings-Dark_current_measured Copy Copy Copy","canvas-7-1-1-4-settings-dark-current-measured-copy-copy-copy-text-18","5","5","machine-review-required"
"7-1-1-4-settings-dark-current-measured-copy-copy-copy","7-1-1-5 Settings-Dark_current_measured Copy Copy Copy","canvas-7-1-1-4-settings-dark-current-measured-copy-copy-copy-text-19","6","6","machine-review-required"
"7-1-1-5-settings-dark-current-measured-copy-copy-copy-copy","7-1-1-6 Settings-Dark_current_measured Copy Copy Copy Copy","canvas-7-1-1-5-settings-dark-current-measured-copy-copy-copy-copy-text-1","Настройки","设置","machine-review-required"
"7-1-1-5-settings-dark-current-measured-copy-copy-copy-copy","7-1-1-6 Settings-Dark_current_measured Copy Copy Copy Copy","canvas-7-1-1-5-settings-dark-current-measured-copy-copy-copy-copy-text-2","Темновой ток","暗电流","machine-review-required"
"7-1-1-5-settings-dark-current-measured-copy-copy-copy-copy","7-1-1-6 Settings-Dark_current_measured Copy Copy Copy Copy","canvas-7-1-1-5-settings-dark-current-measured-copy-copy-copy-copy-text-4","17:34","17:34","machine-review-required"
"7-1-1-5-settings-dark-current-measured-copy-copy-copy-copy","7-1-1-6 Settings-Dark_current_measured Copy Copy Copy Copy","canvas-7-1-1-5-settings-dark-current-measured-copy-copy-copy-copy-text-6","696","696","machine-review-required"
"7-1-1-5-settings-dark-current-measured-copy-copy-copy-copy","7-1-1-6 Settings-Dark_current_measured Copy Copy Copy Copy","canvas-7-1-1-5-settings-dark-current-measured-copy-copy-copy-copy-text-7","1242","1242","machine-review-required"
"7-1-1-5-settings-dark-current-measured-copy-copy-copy-copy","7-1-1-6 Settings-Dark_current_measured Copy Copy Copy Copy","canvas-7-1-1-5-settings-dark-current-measured-copy-copy-copy-copy-text-8","Усиление","获得","machine-review-required"
"7-1-1-5-settings-dark-current-measured-copy-copy-copy-copy","7-1-1-6 Settings-Dark_current_measured Copy Copy Copy Copy","canvas-7-1-1-5-settings-dark-current-measured-copy-copy-copy-copy-text-9","2176","2176","machine-review-required"
"7-1-1-5-settings-dark-current-measured-copy-copy-copy-copy","7-1-1-6 Settings-Dark_current_measured Copy Copy Copy Copy","canvas-7-1-1-5-settings-dark-current-measured-copy-copy-copy-copy-text-12","Энергия","活力","machine-review-required"
"7-1-1-5-settings-dark-current-measured-copy-copy-copy-copy","7-1-1-6 Settings-Dark_current_measured Copy Copy Copy Copy","canvas-7-1-1-5-settings-dark-current-measured-copy-copy-copy-copy-text-17","5","5","machine-review-required"
"7-1-1-5-settings-dark-current-measured-copy-copy-copy-copy","7-1-1-6 Settings-Dark_current_measured Copy Copy Copy Copy","canvas-7-1-1-5-settings-dark-current-measured-copy-copy-copy-copy-text-18","6","6","machine-review-required"
"7-1-1-5-settings-dark-current-measured-copy-copy-copy-copy","7-1-1-6 Settings-Dark_current_measured Copy Copy Copy Copy","canvas-7-1-1-5-settings-dark-current-measured-copy-copy-copy-copy-text-19","7","7","machine-review-required"
"7-1-1-6-settings-dark-current-measured-copy-copy-copy-copy-copy","7-1-1-7 Settings-Dark_current_measured Copy Copy Copy Copy Copy","canvas-7-1-1-6-settings-dark-current-measured-copy-copy-copy-copy-copy-text-1","Настройки","设置","machine-review-required"
"7-1-1-6-settings-dark-current-measured-copy-copy-copy-copy-copy","7-1-1-7 Settings-Dark_current_measured Copy Copy Copy Copy Copy","canvas-7-1-1-6-settings-dark-current-measured-copy-copy-copy-copy-copy-text-2","Темновой ток","暗电流","machine-review-required"
"7-1-1-6-settings-dark-current-measured-copy-copy-copy-copy-copy","7-1-1-7 Settings-Dark_current_measured Copy Copy Copy Copy Copy","canvas-7-1-1-6-settings-dark-current-measured-copy-copy-copy-copy-copy-text-4","17:34","17:34","machine-review-required"
"7-1-1-6-settings-dark-current-measured-copy-copy-copy-copy-copy","7-1-1-7 Settings-Dark_current_measured Copy Copy Copy Copy Copy","canvas-7-1-1-6-settings-dark-current-measured-copy-copy-copy-copy-copy-text-6","1242","1242","machine-review-required"
"7-1-1-6-settings-dark-current-measured-copy-copy-copy-copy-copy","7-1-1-7 Settings-Dark_current_measured Copy Copy Copy Copy Copy","canvas-7-1-1-6-settings-dark-current-measured-copy-copy-copy-copy-copy-text-7","2176","2176","machine-review-required"
"7-1-1-6-settings-dark-current-measured-copy-copy-copy-copy-copy","7-1-1-7 Settings-Dark_current_measured Copy Copy Copy Copy Copy","canvas-7-1-1-6-settings-dark-current-measured-copy-copy-copy-copy-copy-text-8","Усиление","获得","machine-review-required"
"7-1-1-6-settings-dark-current-measured-copy-copy-copy-copy-copy","7-1-1-7 Settings-Dark_current_measured Copy Copy Copy Copy Copy","canvas-7-1-1-6-settings-dark-current-measured-copy-copy-copy-copy-copy-text-9","3588","3588","machine-review-required"
"7-1-1-6-settings-dark-current-measured-copy-copy-copy-copy-copy","7-1-1-7 Settings-Dark_current_measured Copy Copy Copy Copy Copy","canvas-7-1-1-6-settings-dark-current-measured-copy-copy-copy-copy-copy-text-12","Энергия","活力","machine-review-required"
"7-1-1-6-settings-dark-current-measured-copy-copy-copy-copy-copy","7-1-1-7 Settings-Dark_current_measured Copy Copy Copy Copy Copy","canvas-7-1-1-6-settings-dark-current-measured-copy-copy-copy-copy-copy-text-17","6","6","machine-review-required"
"7-1-1-6-settings-dark-current-measured-copy-copy-copy-copy-copy","7-1-1-7 Settings-Dark_current_measured Copy Copy Copy Copy Copy","canvas-7-1-1-6-settings-dark-current-measured-copy-copy-copy-copy-copy-text-18","7","7","machine-review-required"
"7-1-1-6-settings-dark-current-measured-copy-copy-copy-copy-copy","7-1-1-7 Settings-Dark_current_measured Copy Copy Copy Copy Copy","canvas-7-1-1-6-settings-dark-current-measured-copy-copy-copy-copy-copy-text-19","8","8","machine-review-required"
"7-1-1-7-settings-dark-current-measured-copy-copy-copy-copy-copy-copy","7-1-1-7 Settings-Dark_current_measured Copy Copy Copy Copy Copy Copy","canvas-7-1-1-7-settings-dark-current-measured-copy-copy-copy-copy-copy-copy-text-1","Настройки","设置","machine-review-required"
"7-1-1-7-settings-dark-current-measured-copy-copy-copy-copy-copy-copy","7-1-1-7 Settings-Dark_current_measured Copy Copy Copy Copy Copy Copy","canvas-7-1-1-7-settings-dark-current-measured-copy-copy-copy-copy-copy-copy-text-2","Темновой ток","暗电流","machine-review-required"
"7-1-1-7-settings-dark-current-measured-copy-copy-copy-copy-copy-copy","7-1-1-7 Settings-Dark_current_measured Copy Copy Copy Copy Copy Copy","canvas-7-1-1-7-settings-dark-current-measured-copy-copy-copy-copy-copy-copy-text-4","17:34","17:34","machine-review-required"
"7-1-1-7-settings-dark-current-measured-copy-copy-copy-copy-copy-copy","7-1-1-7 Settings-Dark_current_measured Copy Copy Copy Copy Copy Copy","canvas-7-1-1-7-settings-dark-current-measured-copy-copy-copy-copy-copy-copy-text-6","2176","2176","machine-review-required"
"7-1-1-7-settings-dark-current-measured-copy-copy-copy-copy-copy-copy","7-1-1-7 Settings-Dark_current_measured Copy Copy Copy Copy Copy Copy","canvas-7-1-1-7-settings-dark-current-measured-copy-copy-copy-copy-copy-copy-text-7","3588","3588","machine-review-required"
"7-1-1-7-settings-dark-current-measured-copy-copy-copy-copy-copy-copy","7-1-1-7 Settings-Dark_current_measured Copy Copy Copy Copy Copy Copy","canvas-7-1-1-7-settings-dark-current-measured-copy-copy-copy-copy-copy-copy-text-8","Усиление","获得","machine-review-required"
"7-1-1-7-settings-dark-current-measured-copy-copy-copy-copy-copy-copy","7-1-1-7 Settings-Dark_current_measured Copy Copy Copy Copy Copy Copy","canvas-7-1-1-7-settings-dark-current-measured-copy-copy-copy-copy-copy-copy-text-9","3822","3822","machine-review-required"
"7-1-1-7-settings-dark-current-measured-copy-copy-copy-copy-copy-copy","7-1-1-7 Settings-Dark_current_measured Copy Copy Copy Copy Copy Copy","canvas-7-1-1-7-settings-dark-current-measured-copy-copy-copy-copy-copy-copy-text-12","Энергия","活力","machine-review-required"
"7-1-1-7-settings-dark-current-measured-copy-copy-copy-copy-copy-copy","7-1-1-7 Settings-Dark_current_measured Copy Copy Copy Copy Copy Copy","canvas-7-1-1-7-settings-dark-current-measured-copy-copy-copy-copy-copy-copy-text-17","7","7","machine-review-required"
"7-1-1-7-settings-dark-current-measured-copy-copy-copy-copy-copy-copy","7-1-1-7 Settings-Dark_current_measured Copy Copy Copy Copy Copy Copy","canvas-7-1-1-7-settings-dark-current-measured-copy-copy-copy-copy-copy-copy-text-18","8","8","machine-review-required"
"7-1-1-7-settings-dark-current-measured-copy-copy-copy-copy-copy-copy","7-1-1-7 Settings-Dark_current_measured Copy Copy Copy Copy Copy Copy","canvas-7-1-1-7-settings-dark-current-measured-copy-copy-copy-copy-copy-copy-text-19","9","9","machine-review-required"
"7-1-7-settings-d2-lamp-calibration-copy","7-1-7-1 Settings-Calibration_λ-process","canvas-7-1-7-settings-d2-lamp-calibration-copy-text-4","Калибровка λ","校准λ","machine-review-required"
"7-1-7-settings-d2-lamp-calibration-copy","7-1-7-1 Settings-Calibration_λ-process","canvas-7-1-7-settings-d2-lamp-calibration-copy-text-8","17:34","17:34","machine-review-required"
"7-1-7-settings-d2-lamp-calibration-copy","7-1-7-1 Settings-Calibration_λ-process","canvas-7-1-7-settings-d2-lamp-calibration-copy-text-1782312488183","Подождите...","等待...","machine-review-required"
"7-1-7-1-settings-calibration-process-copy","7-1-7-2 Settings-Calibration_λ-success","canvas-7-1-7-1-settings-calibration-process-copy-text-1","Калибровка λ","校准λ","machine-review-required"
"7-1-7-1-settings-calibration-process-copy","7-1-7-2 Settings-Calibration_λ-success","canvas-7-1-7-1-settings-calibration-process-copy-text-3","17:34","17:34","machine-review-required"
"7-1-7-1-settings-calibration-process-copy","7-1-7-2 Settings-Calibration_λ-success","canvas-7-1-7-1-settings-calibration-process-copy-text-4","Успешно !","成功地 ！","machine-review-required"
"7-1-7-2-settings-calibration-success-copy","7-1-7-3 Settings-Calibration_λ-mistake","canvas-7-1-7-2-settings-calibration-success-copy-text-1","Калибровка λ","校准λ","machine-review-required"
"7-1-7-2-settings-calibration-success-copy","7-1-7-3 Settings-Calibration_λ-mistake","canvas-7-1-7-2-settings-calibration-success-copy-text-3","17:34","17:34","machine-review-required"
"7-1-7-2-settings-calibration-success-copy","7-1-7-3 Settings-Calibration_λ-mistake","canvas-7-1-7-2-settings-calibration-success-copy-text-4","Ошибка","错误","machine-review-required"
"7-1-8-settings-d2-lamp-peripheriae-copy-copy-copy-copy-copy","7-1-8 Settings-System_Default","canvas-7-1-8-settings-d2-lamp-peripheriae-copy-copy-copy-copy-copy-text-1","Настройки","设置","machine-review-required"
"7-1-8-settings-d2-lamp-peripheriae-copy-copy-copy-copy-copy","7-1-8 Settings-System_Default","canvas-7-1-8-settings-d2-lamp-peripheriae-copy-copy-copy-copy-copy-text-2","Смена ламп","更换灯具","machine-review-required"
"7-1-8-settings-d2-lamp-peripheriae-copy-copy-copy-copy-copy","7-1-8 Settings-System_Default","canvas-7-1-8-settings-d2-lamp-peripheriae-copy-copy-copy-copy-copy-text-3","Калибровка λ","校准λ","machine-review-required"
"7-1-8-settings-d2-lamp-peripheriae-copy-copy-copy-copy-copy","7-1-8 Settings-System_Default","canvas-7-1-8-settings-d2-lamp-peripheriae-copy-copy-copy-copy-copy-text-4","Дата и время","日期和时间","machine-review-required"
"7-1-8-settings-d2-lamp-peripheriae-copy-copy-copy-copy-copy","7-1-8 Settings-System_Default","canvas-7-1-8-settings-d2-lamp-peripheriae-copy-copy-copy-copy-copy-text-5","Смена ламп","更换灯具","machine-review-required"
"7-1-8-settings-d2-lamp-peripheriae-copy-copy-copy-copy-copy","7-1-8 Settings-System_Default","canvas-7-1-8-settings-d2-lamp-peripheriae-copy-copy-copy-copy-copy-text-7","17:34","17:34","machine-review-required"
"7-1-8-settings-d2-lamp-peripheriae-copy-copy-copy-copy-copy","7-1-8 Settings-System_Default","canvas-7-1-8-settings-d2-lamp-peripheriae-copy-copy-copy-copy-copy-text-17","Сброс","重置","machine-review-required"
"7-1-8-settings-system-default-copy","7-1-8-1 Settings-System_Default_yes","canvas-7-1-8-settings-system-default-copy-text-1","Настройки","设置","machine-review-required"
"7-1-8-settings-system-default-copy","7-1-8-1 Settings-System_Default_yes","canvas-7-1-8-settings-system-default-copy-text-2","Да","是的","machine-review-required"
"7-1-8-settings-system-default-copy","7-1-8-1 Settings-System_Default_yes","canvas-7-1-8-settings-system-default-copy-text-4","Нет","不","machine-review-required"
"7-1-8-settings-system-default-copy","7-1-8-1 Settings-System_Default_yes","canvas-7-1-8-settings-system-default-copy-text-7","17:34","17:34","machine-review-required"
"7-1-8-settings-system-default-copy","7-1-8-1 Settings-System_Default_yes","canvas-7-1-8-settings-system-default-copy-text-17","Сброс","重置","machine-review-required"
"7-1-8-1-settings-system-default-yes-copy-2","7-1-8-2 Settings-System_Default_yes Copy","canvas-7-1-8-1-settings-system-default-yes-copy-2-text-1","Настройки","设置","machine-review-required"
"7-1-8-1-settings-system-default-yes-copy-2","7-1-8-2 Settings-System_Default_yes Copy","canvas-7-1-8-1-settings-system-default-yes-copy-2-text-2","Да","是的","machine-review-required"
"7-1-8-1-settings-system-default-yes-copy-2","7-1-8-2 Settings-System_Default_yes Copy","canvas-7-1-8-1-settings-system-default-yes-copy-2-text-3","Нет","不","machine-review-required"
"7-1-8-1-settings-system-default-yes-copy-2","7-1-8-2 Settings-System_Default_yes Copy","canvas-7-1-8-1-settings-system-default-yes-copy-2-text-5","17:34","17:34","machine-review-required"
"7-1-8-1-settings-system-default-yes-copy-2","7-1-8-2 Settings-System_Default_yes Copy","canvas-7-1-8-1-settings-system-default-yes-copy-2-text-12","Сброс","重置","machine-review-required"
"pc-connected-copy","PC disconnected","canvas-pc-connected-copy-text-1","ПК отключён","电脑已禁用","machine-review-required"
"7-1-9-settings-about-system-copy","7-1-9-1 Settings-About_system","canvas-7-1-9-settings-about-system-copy-text-1","Настройки","设置","machine-review-required"
"7-1-9-settings-about-system-copy","7-1-9-1 Settings-About_system","canvas-7-1-9-settings-about-system-copy-text-7","17:34","17:34","machine-review-required"
"7-1-9-settings-about-system-copy","7-1-9-1 Settings-About_system","canvas-7-1-9-settings-about-system-copy-text-17","О системе","关于系统","machine-review-required"
"7-1-9-settings-about-system-copy","7-1-9-1 Settings-About_system","canvas-7-1-9-settings-about-system-copy-text-1782314163831","Модель","模型","machine-review-required"
"7-1-9-settings-about-system-copy","7-1-9-1 Settings-About_system","canvas-7-1-9-settings-about-system-copy-text-1782314194868","Версия ПО","软件版本","machine-review-required"
"7-1-9-settings-about-system-copy","7-1-9-1 Settings-About_system","canvas-7-1-9-settings-about-system-copy-text-1782314240683","Дата","日期","machine-review-required"
"7-1-9-settings-about-system-copy","7-1-9-1 Settings-About_system","canvas-7-1-9-settings-about-system-copy-text-1782314371579","ЭКРОС-5400УФ","EKROS-5400UF","machine-review-required"
"7-1-9-settings-about-system-copy","7-1-9-1 Settings-About_system","canvas-7-1-9-settings-about-system-copy-text-1782314402955","V0.5.04","V0.5.04","machine-review-required"
"7-1-9-settings-about-system-copy","7-1-9-1 Settings-About_system","canvas-7-1-9-settings-about-system-copy-text-1782314474755","24.11.2026","2026年11月24日","machine-review-required"
"screen","5-1-1 Kinetic-parameter-mode","canvas-screen-text-1782318520320","Кинетика","动力学","machine-review-required"
"screen","5-1-1 Kinetic-parameter-mode","canvas-screen-text-1782318553623","17:05","17:05","machine-review-required"
"screen","5-1-1 Kinetic-parameter-mode","canvas-screen-text-1782318584263","Величина","震级","machine-review-required"
"screen","5-1-1 Kinetic-parameter-mode","canvas-screen-text-1782318633123","Границы","边框","machine-review-required"
"screen","5-1-1 Kinetic-parameter-mode","canvas-screen-text-1782318651147","Время","时间","machine-review-required"
"screen","5-1-1 Kinetic-parameter-mode","canvas-screen-text-1782318677818","Далее","下一个","machine-review-required"
"2-1-4-1-1-kinetic-parameter-mode-copy","5-1-2 Kinetic-parameter-layers","canvas-2-1-4-1-1-kinetic-parameter-mode-copy-text-1","Кинетика","动力学","machine-review-required"
"2-1-4-1-1-kinetic-parameter-mode-copy","5-1-2 Kinetic-parameter-layers","canvas-2-1-4-1-1-kinetic-parameter-mode-copy-text-3","17:05","17:05","machine-review-required"
"2-1-4-1-1-kinetic-parameter-mode-copy","5-1-2 Kinetic-parameter-layers","canvas-2-1-4-1-1-kinetic-parameter-mode-copy-text-4","Величина","震级","machine-review-required"
"2-1-4-1-1-kinetic-parameter-mode-copy","5-1-2 Kinetic-parameter-layers","canvas-2-1-4-1-1-kinetic-parameter-mode-copy-text-5","Границы","边框","machine-review-required"
"2-1-4-1-1-kinetic-parameter-mode-copy","5-1-2 Kinetic-parameter-layers","canvas-2-1-4-1-1-kinetic-parameter-mode-copy-text-6","Время","时间","machine-review-required"
"2-1-4-1-1-kinetic-parameter-mode-copy","5-1-2 Kinetic-parameter-layers","canvas-2-1-4-1-1-kinetic-parameter-mode-copy-text-7","Далее","下一个","machine-review-required"
"2-1-4-1-2-kinetic-parameter-layers-copy","5-1-3 Kinetic-parameter-time","canvas-2-1-4-1-2-kinetic-parameter-layers-copy-text-1","Кинетика","动力学","machine-review-required"
"2-1-4-1-2-kinetic-parameter-layers-copy","5-1-3 Kinetic-parameter-time","canvas-2-1-4-1-2-kinetic-parameter-layers-copy-text-3","17:05","17:05","machine-review-required"
"2-1-4-1-2-kinetic-parameter-layers-copy","5-1-3 Kinetic-parameter-time","canvas-2-1-4-1-2-kinetic-parameter-layers-copy-text-4","Величина","震级","machine-review-required"
"2-1-4-1-2-kinetic-parameter-layers-copy","5-1-3 Kinetic-parameter-time","canvas-2-1-4-1-2-kinetic-parameter-layers-copy-text-5","Границы","边框","machine-review-required"
"2-1-4-1-2-kinetic-parameter-layers-copy","5-1-3 Kinetic-parameter-time","canvas-2-1-4-1-2-kinetic-parameter-layers-copy-text-6","Время","时间","machine-review-required"
"2-1-4-1-2-kinetic-parameter-layers-copy","5-1-3 Kinetic-parameter-time","canvas-2-1-4-1-2-kinetic-parameter-layers-copy-text-7","Далее","下一个","machine-review-required"
"2-1-4-1-3-kinetic-parameter-time-copy","5-1-4 Kinetic-parameter-next","canvas-2-1-4-1-3-kinetic-parameter-time-copy-text-1","Кинетика","动力学","machine-review-required"
"2-1-4-1-3-kinetic-parameter-time-copy","5-1-4 Kinetic-parameter-next","canvas-2-1-4-1-3-kinetic-parameter-time-copy-text-3","17:05","17:05","machine-review-required"
"2-1-4-1-3-kinetic-parameter-time-copy","5-1-4 Kinetic-parameter-next","canvas-2-1-4-1-3-kinetic-parameter-time-copy-text-4","Величина","震级","machine-review-required"
"2-1-4-1-3-kinetic-parameter-time-copy","5-1-4 Kinetic-parameter-next","canvas-2-1-4-1-3-kinetic-parameter-time-copy-text-5","Границы","边框","machine-review-required"
"2-1-4-1-3-kinetic-parameter-time-copy","5-1-4 Kinetic-parameter-next","canvas-2-1-4-1-3-kinetic-parameter-time-copy-text-6","Время","时间","machine-review-required"
"2-1-4-1-3-kinetic-parameter-time-copy","5-1-4 Kinetic-parameter-next","canvas-2-1-4-1-3-kinetic-parameter-time-copy-text-7","Далее","下一个","machine-review-required"
"2-1-4-1-4-kinetic-parameter-next-copy","5-1-1-1 Kinetic-parameter-mode-A","canvas-2-1-4-1-4-kinetic-parameter-next-copy-text-1","Кинетика","动力学","machine-review-required"
"2-1-4-1-4-kinetic-parameter-next-copy","5-1-1-1 Kinetic-parameter-mode-A","canvas-2-1-4-1-4-kinetic-parameter-next-copy-text-3","17:05","17:05","machine-review-required"
"2-1-4-1-4-kinetic-parameter-next-copy","5-1-1-1 Kinetic-parameter-mode-A","canvas-2-1-4-1-4-kinetic-parameter-next-copy-text-4","Величина","震级","machine-review-required"
"2-1-4-1-4-kinetic-parameter-next-copy","5-1-1-1 Kinetic-parameter-mode-A","canvas-2-1-4-1-4-kinetic-parameter-next-copy-text-5","A","一个","machine-review-required"
"2-1-4-1-4-kinetic-parameter-next-copy","5-1-1-1 Kinetic-parameter-mode-A","canvas-2-1-4-1-4-kinetic-parameter-next-copy-text-6","%T","%T","machine-review-required"
"2-1-4-1-4-kinetic-parameter-next-copy","5-1-1-1 Kinetic-parameter-mode-A","canvas-2-1-4-1-4-kinetic-parameter-next-copy-text-7","E","乙","machine-review-required"
"2-1-4-1-4-kinetic-parameter-next-copy-copy","5-1-1-2 Kinetic-parameter-mode-T","canvas-2-1-4-1-4-kinetic-parameter-next-copy-copy-text-1","Кинетика","动力学","machine-review-required"
"2-1-4-1-4-kinetic-parameter-next-copy-copy","5-1-1-2 Kinetic-parameter-mode-T","canvas-2-1-4-1-4-kinetic-parameter-next-copy-copy-text-3","17:05","17:05","machine-review-required"
"2-1-4-1-4-kinetic-parameter-next-copy-copy","5-1-1-2 Kinetic-parameter-mode-T","canvas-2-1-4-1-4-kinetic-parameter-next-copy-copy-text-4","Величина","震级","machine-review-required"
"2-1-4-1-4-kinetic-parameter-next-copy-copy","5-1-1-2 Kinetic-parameter-mode-T","canvas-2-1-4-1-4-kinetic-parameter-next-copy-copy-text-5","A","一个","machine-review-required"
"2-1-4-1-4-kinetic-parameter-next-copy-copy","5-1-1-2 Kinetic-parameter-mode-T","canvas-2-1-4-1-4-kinetic-parameter-next-copy-copy-text-6","%T","%T","machine-review-required"
"2-1-4-1-4-kinetic-parameter-next-copy-copy","5-1-1-2 Kinetic-parameter-mode-T","canvas-2-1-4-1-4-kinetic-parameter-next-copy-copy-text-7","E","乙","machine-review-required"
"2-1-4-1-4-kinetic-parameter-next-copy-copy-copy","5-1-1-3 Kinetic-parameter-mode-E","canvas-2-1-4-1-4-kinetic-parameter-next-copy-copy-copy-text-1","Кинетика","动力学","machine-review-required"
"2-1-4-1-4-kinetic-parameter-next-copy-copy-copy","5-1-1-3 Kinetic-parameter-mode-E","canvas-2-1-4-1-4-kinetic-parameter-next-copy-copy-copy-text-3","17:05","17:05","machine-review-required"
"2-1-4-1-4-kinetic-parameter-next-copy-copy-copy","5-1-1-3 Kinetic-parameter-mode-E","canvas-2-1-4-1-4-kinetic-parameter-next-copy-copy-copy-text-4","Величина","震级","machine-review-required"
"2-1-4-1-4-kinetic-parameter-next-copy-copy-copy","5-1-1-3 Kinetic-parameter-mode-E","canvas-2-1-4-1-4-kinetic-parameter-next-copy-copy-copy-text-5","A","一个","machine-review-required"
"2-1-4-1-4-kinetic-parameter-next-copy-copy-copy","5-1-1-3 Kinetic-parameter-mode-E","canvas-2-1-4-1-4-kinetic-parameter-next-copy-copy-copy-text-6","%T","%T","machine-review-required"
"2-1-4-1-4-kinetic-parameter-next-copy-copy-copy","5-1-1-3 Kinetic-parameter-mode-E","canvas-2-1-4-1-4-kinetic-parameter-next-copy-copy-copy-text-7","E","乙","machine-review-required"
"2-1-4-1-1-3-kinetic-parameter-mode-e-copy","5-1-2-1-1 Kinetic-parameter-layers-low-inputting-A","canvas-2-1-4-1-1-3-kinetic-parameter-mode-e-copy-text-1","Кинетика","动力学","machine-review-required"
"2-1-4-1-1-3-kinetic-parameter-mode-e-copy","5-1-2-1-1 Kinetic-parameter-layers-low-inputting-A","canvas-2-1-4-1-1-3-kinetic-parameter-mode-e-copy-text-3","17:05","17:05","machine-review-required"
"2-1-4-1-1-3-kinetic-parameter-mode-e-copy","5-1-2-1-1 Kinetic-parameter-layers-low-inputting-A","canvas-2-1-4-1-1-3-kinetic-parameter-mode-e-copy-text-4","Граница","边界","machine-review-required"
"2-1-4-1-1-3-kinetic-parameter-mode-e-copy","5-1-2-1-1 Kinetic-parameter-layers-low-inputting-A","canvas-2-1-4-1-1-3-kinetic-parameter-mode-e-copy-text-1782319624675","A=f(t)","A=f(t)","machine-review-required"
"2-1-4-1-1-3-kinetic-parameter-mode-e-copy","5-1-2-1-1 Kinetic-parameter-layers-low-inputting-A","canvas-2-1-4-1-1-3-kinetic-parameter-mode-e-copy-text-1782319714440","Название","姓名","machine-review-required"
"2-1-4-1-1-3-kinetic-parameter-mode-e-copy","5-1-2-1-1 Kinetic-parameter-layers-low-inputting-A","canvas-2-1-4-1-1-3-kinetic-parameter-mode-e-copy-text-1782319741359","Нижняя граница","下限","machine-review-required"
"2-1-4-1-1-3-kinetic-parameter-mode-e-copy","5-1-2-1-1 Kinetic-parameter-layers-low-inputting-A","canvas-2-1-4-1-1-3-kinetic-parameter-mode-e-copy-text-1782319783463","Верхняя граница","上限","machine-review-required"
"2-1-4-1-1-3-kinetic-parameter-mode-e-copy","5-1-2-1-1 Kinetic-parameter-layers-low-inputting-A","canvas-2-1-4-1-1-3-kinetic-parameter-mode-e-copy-text-1782319857031","_____","_____","machine-review-required"
"2-1-4-1-1-3-kinetic-parameter-mode-e-copy","5-1-2-1-1 Kinetic-parameter-layers-low-inputting-A","canvas-2-1-4-1-1-3-kinetic-parameter-mode-e-copy-text-1782319881783","_____","_____","machine-review-required"
"2-1-4-1-1-3-kinetic-parameter-mode-e-copy","5-1-2-1-1 Kinetic-parameter-layers-low-inputting-A","canvas-2-1-4-1-1-3-kinetic-parameter-mode-e-copy-text-1782319945287","Значение","意义","machine-review-required"
"2-1-4-1-1-3-kinetic-parameter-mode-e-copy","5-1-2-1-1 Kinetic-parameter-layers-low-inputting-A","canvas-2-1-4-1-1-3-kinetic-parameter-mode-e-copy-text-1782320109203","A","一个","machine-review-required"
"2-1-4-1-1-3-kinetic-parameter-mode-e-copy","5-1-2-1-1 Kinetic-parameter-layers-low-inputting-A","canvas-2-1-4-1-1-3-kinetic-parameter-mode-e-copy-text-1782320132643","A","一个","machine-review-required"
"2-1-4-1-1-3-kinetic-parameter-mode-e-copy-copy","5-1-2-1-2 Kinetic-parameter-layers-low-inputed-A","canvas-2-1-4-1-1-3-kinetic-parameter-mode-e-copy-copy-text-1","Кинетика","动力学","machine-review-required"
"2-1-4-1-1-3-kinetic-parameter-mode-e-copy-copy","5-1-2-1-2 Kinetic-parameter-layers-low-inputed-A","canvas-2-1-4-1-1-3-kinetic-parameter-mode-e-copy-copy-text-3","17:05","17:05","machine-review-required"
"2-1-4-1-1-3-kinetic-parameter-mode-e-copy-copy","5-1-2-1-2 Kinetic-parameter-layers-low-inputed-A","canvas-2-1-4-1-1-3-kinetic-parameter-mode-e-copy-copy-text-4","Граница","边界","machine-review-required"
"2-1-4-1-1-3-kinetic-parameter-mode-e-copy-copy","5-1-2-1-2 Kinetic-parameter-layers-low-inputed-A","canvas-2-1-4-1-1-3-kinetic-parameter-mode-e-copy-copy-text-6","A=f(t)","A=f(t)","machine-review-required"
"2-1-4-1-1-3-kinetic-parameter-mode-e-copy-copy","5-1-2-1-2 Kinetic-parameter-layers-low-inputed-A","canvas-2-1-4-1-1-3-kinetic-parameter-mode-e-copy-copy-text-7","Название","姓名","machine-review-required"
"2-1-4-1-1-3-kinetic-parameter-mode-e-copy-copy","5-1-2-1-2 Kinetic-parameter-layers-low-inputed-A","canvas-2-1-4-1-1-3-kinetic-parameter-mode-e-copy-copy-text-8","Нижняя граница","下限","machine-review-required"
"2-1-4-1-1-3-kinetic-parameter-mode-e-copy-copy","5-1-2-1-2 Kinetic-parameter-layers-low-inputed-A","canvas-2-1-4-1-1-3-kinetic-parameter-mode-e-copy-copy-text-9","Верхняя граница","上限","machine-review-required"
"2-1-4-1-1-3-kinetic-parameter-mode-e-copy-copy","5-1-2-1-2 Kinetic-parameter-layers-low-inputed-A","canvas-2-1-4-1-1-3-kinetic-parameter-mode-e-copy-copy-text-12","0.000","0.000","machine-review-required"
"2-1-4-1-1-3-kinetic-parameter-mode-e-copy-copy","5-1-2-1-2 Kinetic-parameter-layers-low-inputed-A","canvas-2-1-4-1-1-3-kinetic-parameter-mode-e-copy-copy-text-13","_____","_____","machine-review-required"
"2-1-4-1-1-3-kinetic-parameter-mode-e-copy-copy","5-1-2-1-2 Kinetic-parameter-layers-low-inputed-A","canvas-2-1-4-1-1-3-kinetic-parameter-mode-e-copy-copy-text-15","Значение","意义","machine-review-required"
"2-1-4-1-1-3-kinetic-parameter-mode-e-copy-copy","5-1-2-1-2 Kinetic-parameter-layers-low-inputed-A","canvas-2-1-4-1-1-3-kinetic-parameter-mode-e-copy-copy-text-17","A","一个","machine-review-required"
"2-1-4-1-1-3-kinetic-parameter-mode-e-copy-copy","5-1-2-1-2 Kinetic-parameter-layers-low-inputed-A","canvas-2-1-4-1-1-3-kinetic-parameter-mode-e-copy-copy-text-18","A","一个","machine-review-required"
"2-1-4-1-1-3-kinetic-parameter-mode-e-copy-copy-copy","5-1-2-1-3 Kinetic-parameter-layers-high-inputting-A","canvas-2-1-4-1-1-3-kinetic-parameter-mode-e-copy-copy-copy-text-1","Кинетика","动力学","machine-review-required"
"2-1-4-1-1-3-kinetic-parameter-mode-e-copy-copy-copy","5-1-2-1-3 Kinetic-parameter-layers-high-inputting-A","canvas-2-1-4-1-1-3-kinetic-parameter-mode-e-copy-copy-copy-text-3","17:05","17:05","machine-review-required"
"2-1-4-1-1-3-kinetic-parameter-mode-e-copy-copy-copy","5-1-2-1-3 Kinetic-parameter-layers-high-inputting-A","canvas-2-1-4-1-1-3-kinetic-parameter-mode-e-copy-copy-copy-text-4","Граница","边界","machine-review-required"
"2-1-4-1-1-3-kinetic-parameter-mode-e-copy-copy-copy","5-1-2-1-3 Kinetic-parameter-layers-high-inputting-A","canvas-2-1-4-1-1-3-kinetic-parameter-mode-e-copy-copy-copy-text-6","A=f(t)","A=f(t)","machine-review-required"
"2-1-4-1-1-3-kinetic-parameter-mode-e-copy-copy-copy","5-1-2-1-3 Kinetic-parameter-layers-high-inputting-A","canvas-2-1-4-1-1-3-kinetic-parameter-mode-e-copy-copy-copy-text-7","Название","姓名","machine-review-required"
"2-1-4-1-1-3-kinetic-parameter-mode-e-copy-copy-copy","5-1-2-1-3 Kinetic-parameter-layers-high-inputting-A","canvas-2-1-4-1-1-3-kinetic-parameter-mode-e-copy-copy-copy-text-8","Нижняя граница","下限","machine-review-required"
"2-1-4-1-1-3-kinetic-parameter-mode-e-copy-copy-copy","5-1-2-1-3 Kinetic-parameter-layers-high-inputting-A","canvas-2-1-4-1-1-3-kinetic-parameter-mode-e-copy-copy-copy-text-9","Верхняя граница","上限","machine-review-required"
"2-1-4-1-1-3-kinetic-parameter-mode-e-copy-copy-copy","5-1-2-1-3 Kinetic-parameter-layers-high-inputting-A","canvas-2-1-4-1-1-3-kinetic-parameter-mode-e-copy-copy-copy-text-12","0.000","0.000","machine-review-required"
"2-1-4-1-1-3-kinetic-parameter-mode-e-copy-copy-copy","5-1-2-1-3 Kinetic-parameter-layers-high-inputting-A","canvas-2-1-4-1-1-3-kinetic-parameter-mode-e-copy-copy-copy-text-13","4.000","4.000","machine-review-required"
"2-1-4-1-1-3-kinetic-parameter-mode-e-copy-copy-copy","5-1-2-1-3 Kinetic-parameter-layers-high-inputting-A","canvas-2-1-4-1-1-3-kinetic-parameter-mode-e-copy-copy-copy-text-15","Значение","意义","machine-review-required"
"2-1-4-1-1-3-kinetic-parameter-mode-e-copy-copy-copy","5-1-2-1-3 Kinetic-parameter-layers-high-inputting-A","canvas-2-1-4-1-1-3-kinetic-parameter-mode-e-copy-copy-copy-text-17","A","一个","machine-review-required"
"2-1-4-1-1-3-kinetic-parameter-mode-e-copy-copy-copy","5-1-2-1-3 Kinetic-parameter-layers-high-inputting-A","canvas-2-1-4-1-1-3-kinetic-parameter-mode-e-copy-copy-copy-text-18","A","一个","machine-review-required"
"2-1-4-1-1-3-kinetic-parameter-mode-e-copy-copy-copy-copy-copy","5-1-2-1-2-1 Kinetic-parameter-layers-low-inputting-%T","canvas-2-1-4-1-1-3-kinetic-parameter-mode-e-copy-copy-copy-copy-copy-text-1","Кинетика","动力学","machine-review-required"
"2-1-4-1-1-3-kinetic-parameter-mode-e-copy-copy-copy-copy-copy","5-1-2-1-2-1 Kinetic-parameter-layers-low-inputting-%T","canvas-2-1-4-1-1-3-kinetic-parameter-mode-e-copy-copy-copy-copy-copy-text-3","17:05","17:05","machine-review-required"
"2-1-4-1-1-3-kinetic-parameter-mode-e-copy-copy-copy-copy-copy","5-1-2-1-2-1 Kinetic-parameter-layers-low-inputting-%T","canvas-2-1-4-1-1-3-kinetic-parameter-mode-e-copy-copy-copy-copy-copy-text-4","Граница","边界","machine-review-required"
"2-1-4-1-1-3-kinetic-parameter-mode-e-copy-copy-copy-copy-copy","5-1-2-1-2-1 Kinetic-parameter-layers-low-inputting-%T","canvas-2-1-4-1-1-3-kinetic-parameter-mode-e-copy-copy-copy-copy-copy-text-6","%T=f(t)","%T=f(t)","machine-review-required"
"2-1-4-1-1-3-kinetic-parameter-mode-e-copy-copy-copy-copy-copy","5-1-2-1-2-1 Kinetic-parameter-layers-low-inputting-%T","canvas-2-1-4-1-1-3-kinetic-parameter-mode-e-copy-copy-copy-copy-copy-text-7","Название","姓名","machine-review-required"
"2-1-4-1-1-3-kinetic-parameter-mode-e-copy-copy-copy-copy-copy","5-1-2-1-2-1 Kinetic-parameter-layers-low-inputting-%T","canvas-2-1-4-1-1-3-kinetic-parameter-mode-e-copy-copy-copy-copy-copy-text-8","Нижняя граница","下限","machine-review-required"
"2-1-4-1-1-3-kinetic-parameter-mode-e-copy-copy-copy-copy-copy","5-1-2-1-2-1 Kinetic-parameter-layers-low-inputting-%T","canvas-2-1-4-1-1-3-kinetic-parameter-mode-e-copy-copy-copy-copy-copy-text-9","Верхняя граница","上限","machine-review-required"
"2-1-4-1-1-3-kinetic-parameter-mode-e-copy-copy-copy-copy-copy","5-1-2-1-2-1 Kinetic-parameter-layers-low-inputting-%T","canvas-2-1-4-1-1-3-kinetic-parameter-mode-e-copy-copy-copy-copy-copy-text-12","_____","_____","machine-review-required"
"2-1-4-1-1-3-kinetic-parameter-mode-e-copy-copy-copy-copy-copy","5-1-2-1-2-1 Kinetic-parameter-layers-low-inputting-%T","canvas-2-1-4-1-1-3-kinetic-parameter-mode-e-copy-copy-copy-copy-copy-text-13","_____","_____","machine-review-required"
"2-1-4-1-1-3-kinetic-parameter-mode-e-copy-copy-copy-copy-copy","5-1-2-1-2-1 Kinetic-parameter-layers-low-inputting-%T","canvas-2-1-4-1-1-3-kinetic-parameter-mode-e-copy-copy-copy-copy-copy-text-15","Значение","意义","machine-review-required"
"2-1-4-1-1-3-kinetic-parameter-mode-e-copy-copy-copy-copy-copy","5-1-2-1-2-1 Kinetic-parameter-layers-low-inputting-%T","canvas-2-1-4-1-1-3-kinetic-parameter-mode-e-copy-copy-copy-copy-copy-text-17","%T","%T","machine-review-required"
"2-1-4-1-1-3-kinetic-parameter-mode-e-copy-copy-copy-copy-copy","5-1-2-1-2-1 Kinetic-parameter-layers-low-inputting-%T","canvas-2-1-4-1-1-3-kinetic-parameter-mode-e-copy-copy-copy-copy-copy-text-18","%T","%T","machine-review-required"
"2-1-4-1-1-3-kinetic-parameter-mode-e-copy-copy-copy-copy-copy-copy-copy","5-1-2-1-2-2 Kinetic-parameter-layers-high-inputting-%T","canvas-2-1-4-1-1-3-kinetic-parameter-mode-e-copy-copy-copy-copy-copy-copy-copy-text-1","Кинетика","动力学","machine-review-required"
"2-1-4-1-1-3-kinetic-parameter-mode-e-copy-copy-copy-copy-copy-copy-copy","5-1-2-1-2-2 Kinetic-parameter-layers-high-inputting-%T","canvas-2-1-4-1-1-3-kinetic-parameter-mode-e-copy-copy-copy-copy-copy-copy-copy-text-3","17:05","17:05","machine-review-required"
"2-1-4-1-1-3-kinetic-parameter-mode-e-copy-copy-copy-copy-copy-copy-copy","5-1-2-1-2-2 Kinetic-parameter-layers-high-inputting-%T","canvas-2-1-4-1-1-3-kinetic-parameter-mode-e-copy-copy-copy-copy-copy-copy-copy-text-4","Граница","边界","machine-review-required"
"2-1-4-1-1-3-kinetic-parameter-mode-e-copy-copy-copy-copy-copy-copy-copy","5-1-2-1-2-2 Kinetic-parameter-layers-high-inputting-%T","canvas-2-1-4-1-1-3-kinetic-parameter-mode-e-copy-copy-copy-copy-copy-copy-copy-text-6","%T=f(t)","%T=f(t)","machine-review-required"
"2-1-4-1-1-3-kinetic-parameter-mode-e-copy-copy-copy-copy-copy-copy-copy","5-1-2-1-2-2 Kinetic-parameter-layers-high-inputting-%T","canvas-2-1-4-1-1-3-kinetic-parameter-mode-e-copy-copy-copy-copy-copy-copy-copy-text-7","Название","姓名","machine-review-required"
"2-1-4-1-1-3-kinetic-parameter-mode-e-copy-copy-copy-copy-copy-copy-copy","5-1-2-1-2-2 Kinetic-parameter-layers-high-inputting-%T","canvas-2-1-4-1-1-3-kinetic-parameter-mode-e-copy-copy-copy-copy-copy-copy-copy-text-8","Нижняя граница","下限","machine-review-required"
"2-1-4-1-1-3-kinetic-parameter-mode-e-copy-copy-copy-copy-copy-copy-copy","5-1-2-1-2-2 Kinetic-parameter-layers-high-inputting-%T","canvas-2-1-4-1-1-3-kinetic-parameter-mode-e-copy-copy-copy-copy-copy-copy-copy-text-9","Верхняя граница","上限","machine-review-required"
"2-1-4-1-1-3-kinetic-parameter-mode-e-copy-copy-copy-copy-copy-copy-copy","5-1-2-1-2-2 Kinetic-parameter-layers-high-inputting-%T","canvas-2-1-4-1-1-3-kinetic-parameter-mode-e-copy-copy-copy-copy-copy-copy-copy-text-12","000.0","000.0","machine-review-required"
"2-1-4-1-1-3-kinetic-parameter-mode-e-copy-copy-copy-copy-copy-copy-copy","5-1-2-1-2-2 Kinetic-parameter-layers-high-inputting-%T","canvas-2-1-4-1-1-3-kinetic-parameter-mode-e-copy-copy-copy-copy-copy-copy-copy-text-13","_____","_____","machine-review-required"
"2-1-4-1-1-3-kinetic-parameter-mode-e-copy-copy-copy-copy-copy-copy-copy","5-1-2-1-2-2 Kinetic-parameter-layers-high-inputting-%T","canvas-2-1-4-1-1-3-kinetic-parameter-mode-e-copy-copy-copy-copy-copy-copy-copy-text-15","Значение","意义","machine-review-required"
"2-1-4-1-1-3-kinetic-parameter-mode-e-copy-copy-copy-copy-copy-copy-copy","5-1-2-1-2-2 Kinetic-parameter-layers-high-inputting-%T","canvas-2-1-4-1-1-3-kinetic-parameter-mode-e-copy-copy-copy-copy-copy-copy-copy-text-17","%T","%T","machine-review-required"
"2-1-4-1-1-3-kinetic-parameter-mode-e-copy-copy-copy-copy-copy-copy-copy","5-1-2-1-2-2 Kinetic-parameter-layers-high-inputting-%T","canvas-2-1-4-1-1-3-kinetic-parameter-mode-e-copy-copy-copy-copy-copy-copy-copy-text-18","%T","%T","machine-review-required"
"2-1-4-1-2-7-kinetic-parameter-layers-high-inputting-t-copy","5-1-2-1-2-3 Kinetic-parameter-layers-high-inputed-%T","canvas-2-1-4-1-2-7-kinetic-parameter-layers-high-inputting-t-copy-text-1","Кинетика","动力学","machine-review-required"
"2-1-4-1-2-7-kinetic-parameter-layers-high-inputting-t-copy","5-1-2-1-2-3 Kinetic-parameter-layers-high-inputed-%T","canvas-2-1-4-1-2-7-kinetic-parameter-layers-high-inputting-t-copy-text-3","17:05","17:05","machine-review-required"
"2-1-4-1-2-7-kinetic-parameter-layers-high-inputting-t-copy","5-1-2-1-2-3 Kinetic-parameter-layers-high-inputed-%T","canvas-2-1-4-1-2-7-kinetic-parameter-layers-high-inputting-t-copy-text-4","Граница","边界","machine-review-required"
"2-1-4-1-2-7-kinetic-parameter-layers-high-inputting-t-copy","5-1-2-1-2-3 Kinetic-parameter-layers-high-inputed-%T","canvas-2-1-4-1-2-7-kinetic-parameter-layers-high-inputting-t-copy-text-6","%T=f(t)","%T=f(t)","machine-review-required"
"2-1-4-1-2-7-kinetic-parameter-layers-high-inputting-t-copy","5-1-2-1-2-3 Kinetic-parameter-layers-high-inputed-%T","canvas-2-1-4-1-2-7-kinetic-parameter-layers-high-inputting-t-copy-text-7","Название","姓名","machine-review-required"
"2-1-4-1-2-7-kinetic-parameter-layers-high-inputting-t-copy","5-1-2-1-2-3 Kinetic-parameter-layers-high-inputed-%T","canvas-2-1-4-1-2-7-kinetic-parameter-layers-high-inputting-t-copy-text-8","Нижняя граница","下限","machine-review-required"
"2-1-4-1-2-7-kinetic-parameter-layers-high-inputting-t-copy","5-1-2-1-2-3 Kinetic-parameter-layers-high-inputed-%T","canvas-2-1-4-1-2-7-kinetic-parameter-layers-high-inputting-t-copy-text-9","Верхняя граница","上限","machine-review-required"
"2-1-4-1-2-7-kinetic-parameter-layers-high-inputting-t-copy","5-1-2-1-2-3 Kinetic-parameter-layers-high-inputed-%T","canvas-2-1-4-1-2-7-kinetic-parameter-layers-high-inputting-t-copy-text-12","000.0","000.0","machine-review-required"
"2-1-4-1-2-7-kinetic-parameter-layers-high-inputting-t-copy","5-1-2-1-2-3 Kinetic-parameter-layers-high-inputed-%T","canvas-2-1-4-1-2-7-kinetic-parameter-layers-high-inputting-t-copy-text-13","105.0","105.0","machine-review-required"
"2-1-4-1-2-7-kinetic-parameter-layers-high-inputting-t-copy","5-1-2-1-2-3 Kinetic-parameter-layers-high-inputed-%T","canvas-2-1-4-1-2-7-kinetic-parameter-layers-high-inputting-t-copy-text-15","Значение","意义","machine-review-required"
"2-1-4-1-2-7-kinetic-parameter-layers-high-inputting-t-copy","5-1-2-1-2-3 Kinetic-parameter-layers-high-inputed-%T","canvas-2-1-4-1-2-7-kinetic-parameter-layers-high-inputting-t-copy-text-17","%T","%T","machine-review-required"
"2-1-4-1-2-7-kinetic-parameter-layers-high-inputting-t-copy","5-1-2-1-2-3 Kinetic-parameter-layers-high-inputed-%T","canvas-2-1-4-1-2-7-kinetic-parameter-layers-high-inputting-t-copy-text-18","%T","%T","machine-review-required"
"2-1-4-1-2-8-kinetic-parameter-layers-high-inputed-t-copy","5-1-2-1-3-1 Kinetic-parameter-layers-low-inputting-E","canvas-2-1-4-1-2-8-kinetic-parameter-layers-high-inputed-t-copy-text-1","Кинетика","动力学","machine-review-required"
"2-1-4-1-2-8-kinetic-parameter-layers-high-inputed-t-copy","5-1-2-1-3-1 Kinetic-parameter-layers-low-inputting-E","canvas-2-1-4-1-2-8-kinetic-parameter-layers-high-inputed-t-copy-text-3","17:05","17:05","machine-review-required"
"2-1-4-1-2-8-kinetic-parameter-layers-high-inputed-t-copy","5-1-2-1-3-1 Kinetic-parameter-layers-low-inputting-E","canvas-2-1-4-1-2-8-kinetic-parameter-layers-high-inputed-t-copy-text-4","Граница","边界","machine-review-required"
"2-1-4-1-2-8-kinetic-parameter-layers-high-inputed-t-copy","5-1-2-1-3-1 Kinetic-parameter-layers-low-inputting-E","canvas-2-1-4-1-2-8-kinetic-parameter-layers-high-inputed-t-copy-text-6","E=f(t)","E=f(t)","machine-review-required"
"2-1-4-1-2-8-kinetic-parameter-layers-high-inputed-t-copy","5-1-2-1-3-1 Kinetic-parameter-layers-low-inputting-E","canvas-2-1-4-1-2-8-kinetic-parameter-layers-high-inputed-t-copy-text-7","Название","姓名","machine-review-required"
"2-1-4-1-2-8-kinetic-parameter-layers-high-inputed-t-copy","5-1-2-1-3-1 Kinetic-parameter-layers-low-inputting-E","canvas-2-1-4-1-2-8-kinetic-parameter-layers-high-inputed-t-copy-text-8","Нижняя граница","下限","machine-review-required"
"2-1-4-1-2-8-kinetic-parameter-layers-high-inputed-t-copy","5-1-2-1-3-1 Kinetic-parameter-layers-low-inputting-E","canvas-2-1-4-1-2-8-kinetic-parameter-layers-high-inputed-t-copy-text-9","Верхняя граница","上限","machine-review-required"
"2-1-4-1-2-8-kinetic-parameter-layers-high-inputed-t-copy","5-1-2-1-3-1 Kinetic-parameter-layers-low-inputting-E","canvas-2-1-4-1-2-8-kinetic-parameter-layers-high-inputed-t-copy-text-12","_____","_____","machine-review-required"
"2-1-4-1-2-8-kinetic-parameter-layers-high-inputed-t-copy","5-1-2-1-3-1 Kinetic-parameter-layers-low-inputting-E","canvas-2-1-4-1-2-8-kinetic-parameter-layers-high-inputed-t-copy-text-13","_____","_____","machine-review-required"
"2-1-4-1-2-8-kinetic-parameter-layers-high-inputed-t-copy","5-1-2-1-3-1 Kinetic-parameter-layers-low-inputting-E","canvas-2-1-4-1-2-8-kinetic-parameter-layers-high-inputed-t-copy-text-15","Значение","意义","machine-review-required"
"2-1-4-1-2-8-kinetic-parameter-layers-high-inputed-t-copy","5-1-2-1-3-1 Kinetic-parameter-layers-low-inputting-E","canvas-2-1-4-1-2-8-kinetic-parameter-layers-high-inputed-t-copy-text-17","E","乙","machine-review-required"
"2-1-4-1-2-8-kinetic-parameter-layers-high-inputed-t-copy","5-1-2-1-3-1 Kinetic-parameter-layers-low-inputting-E","canvas-2-1-4-1-2-8-kinetic-parameter-layers-high-inputed-t-copy-text-18","E","乙","machine-review-required"
"2-1-4-1-2-9-kinetic-parameter-layers-low-inputting-e-copy","5-1-2-1-3-2 Kinetic-parameter-layers-low-inputed_E","canvas-2-1-4-1-2-9-kinetic-parameter-layers-low-inputting-e-copy-text-1","Кинетика","动力学","machine-review-required"
"2-1-4-1-2-9-kinetic-parameter-layers-low-inputting-e-copy","5-1-2-1-3-2 Kinetic-parameter-layers-low-inputed_E","canvas-2-1-4-1-2-9-kinetic-parameter-layers-low-inputting-e-copy-text-3","17:05","17:05","machine-review-required"
"2-1-4-1-2-9-kinetic-parameter-layers-low-inputting-e-copy","5-1-2-1-3-2 Kinetic-parameter-layers-low-inputed_E","canvas-2-1-4-1-2-9-kinetic-parameter-layers-low-inputting-e-copy-text-4","Граница","边界","machine-review-required"
"2-1-4-1-2-9-kinetic-parameter-layers-low-inputting-e-copy","5-1-2-1-3-2 Kinetic-parameter-layers-low-inputed_E","canvas-2-1-4-1-2-9-kinetic-parameter-layers-low-inputting-e-copy-text-6","E=f(t)","E=f(t)","machine-review-required"
"2-1-4-1-2-9-kinetic-parameter-layers-low-inputting-e-copy","5-1-2-1-3-2 Kinetic-parameter-layers-low-inputed_E","canvas-2-1-4-1-2-9-kinetic-parameter-layers-low-inputting-e-copy-text-7","Название","姓名","machine-review-required"
"2-1-4-1-2-9-kinetic-parameter-layers-low-inputting-e-copy","5-1-2-1-3-2 Kinetic-parameter-layers-low-inputed_E","canvas-2-1-4-1-2-9-kinetic-parameter-layers-low-inputting-e-copy-text-8","Нижняя граница","下限","machine-review-required"
"2-1-4-1-2-9-kinetic-parameter-layers-low-inputting-e-copy","5-1-2-1-3-2 Kinetic-parameter-layers-low-inputed_E","canvas-2-1-4-1-2-9-kinetic-parameter-layers-low-inputting-e-copy-text-9","Верхняя граница","上限","machine-review-required"
"2-1-4-1-2-9-kinetic-parameter-layers-low-inputting-e-copy","5-1-2-1-3-2 Kinetic-parameter-layers-low-inputed_E","canvas-2-1-4-1-2-9-kinetic-parameter-layers-low-inputting-e-copy-text-12","10000","10000","machine-review-required"
"2-1-4-1-2-9-kinetic-parameter-layers-low-inputting-e-copy","5-1-2-1-3-2 Kinetic-parameter-layers-low-inputed_E","canvas-2-1-4-1-2-9-kinetic-parameter-layers-low-inputting-e-copy-text-13","_____","_____","machine-review-required"
"2-1-4-1-2-9-kinetic-parameter-layers-low-inputting-e-copy","5-1-2-1-3-2 Kinetic-parameter-layers-low-inputed_E","canvas-2-1-4-1-2-9-kinetic-parameter-layers-low-inputting-e-copy-text-15","Значение","意义","machine-review-required"
"2-1-4-1-2-9-kinetic-parameter-layers-low-inputting-e-copy","5-1-2-1-3-2 Kinetic-parameter-layers-low-inputed_E","canvas-2-1-4-1-2-9-kinetic-parameter-layers-low-inputting-e-copy-text-17","E","乙","machine-review-required"
"2-1-4-1-2-9-kinetic-parameter-layers-low-inputting-e-copy","5-1-2-1-3-2 Kinetic-parameter-layers-low-inputed_E","canvas-2-1-4-1-2-9-kinetic-parameter-layers-low-inputting-e-copy-text-18","E","乙","machine-review-required"
"2-1-4-1-2-11-kinetic-parameter-layers-high-inputting-e-copy","5-1-2-1-3-3 Kinetic-parameter-layers-high-inputed-E","canvas-2-1-4-1-2-11-kinetic-parameter-layers-high-inputting-e-copy-text-1","Кинетика","动力学","machine-review-required"
"2-1-4-1-2-11-kinetic-parameter-layers-high-inputting-e-copy","5-1-2-1-3-3 Kinetic-parameter-layers-high-inputed-E","canvas-2-1-4-1-2-11-kinetic-parameter-layers-high-inputting-e-copy-text-3","17:05","17:05","machine-review-required"
"2-1-4-1-2-11-kinetic-parameter-layers-high-inputting-e-copy","5-1-2-1-3-3 Kinetic-parameter-layers-high-inputed-E","canvas-2-1-4-1-2-11-kinetic-parameter-layers-high-inputting-e-copy-text-4","Граница","边界","machine-review-required"
"2-1-4-1-2-11-kinetic-parameter-layers-high-inputting-e-copy","5-1-2-1-3-3 Kinetic-parameter-layers-high-inputed-E","canvas-2-1-4-1-2-11-kinetic-parameter-layers-high-inputting-e-copy-text-6","E=f(t)","E=f(t)","machine-review-required"
"2-1-4-1-2-11-kinetic-parameter-layers-high-inputting-e-copy","5-1-2-1-3-3 Kinetic-parameter-layers-high-inputed-E","canvas-2-1-4-1-2-11-kinetic-parameter-layers-high-inputting-e-copy-text-7","Название","姓名","machine-review-required"
"2-1-4-1-2-11-kinetic-parameter-layers-high-inputting-e-copy","5-1-2-1-3-3 Kinetic-parameter-layers-high-inputed-E","canvas-2-1-4-1-2-11-kinetic-parameter-layers-high-inputting-e-copy-text-8","Нижняя граница","下限","machine-review-required"
"2-1-4-1-2-11-kinetic-parameter-layers-high-inputting-e-copy","5-1-2-1-3-3 Kinetic-parameter-layers-high-inputed-E","canvas-2-1-4-1-2-11-kinetic-parameter-layers-high-inputting-e-copy-text-9","Верхняя граница","上限","machine-review-required"
"2-1-4-1-2-11-kinetic-parameter-layers-high-inputting-e-copy","5-1-2-1-3-3 Kinetic-parameter-layers-high-inputed-E","canvas-2-1-4-1-2-11-kinetic-parameter-layers-high-inputting-e-copy-text-12","10000","10000","machine-review-required"
"2-1-4-1-2-11-kinetic-parameter-layers-high-inputting-e-copy","5-1-2-1-3-3 Kinetic-parameter-layers-high-inputed-E","canvas-2-1-4-1-2-11-kinetic-parameter-layers-high-inputting-e-copy-text-13","65035","65035","machine-review-required"
"2-1-4-1-2-11-kinetic-parameter-layers-high-inputting-e-copy","5-1-2-1-3-3 Kinetic-parameter-layers-high-inputed-E","canvas-2-1-4-1-2-11-kinetic-parameter-layers-high-inputting-e-copy-text-15","Значение","意义","machine-review-required"
"2-1-4-1-2-11-kinetic-parameter-layers-high-inputting-e-copy","5-1-2-1-3-3 Kinetic-parameter-layers-high-inputed-E","canvas-2-1-4-1-2-11-kinetic-parameter-layers-high-inputting-e-copy-text-17","E","乙","machine-review-required"
"2-1-4-1-2-11-kinetic-parameter-layers-high-inputting-e-copy","5-1-2-1-3-3 Kinetic-parameter-layers-high-inputed-E","canvas-2-1-4-1-2-11-kinetic-parameter-layers-high-inputting-e-copy-text-18","E","乙","machine-review-required"
"2-1-4-1-2-9-kinetic-parameter-layers-high-inputed-e-copy","5-1-3-1 Kinetic-parameter-time-inputting-timestep","canvas-2-1-4-1-2-9-kinetic-parameter-layers-high-inputed-e-copy-text-1","Кинетика","动力学","machine-review-required"
"2-1-4-1-2-9-kinetic-parameter-layers-high-inputed-e-copy","5-1-3-1 Kinetic-parameter-time-inputting-timestep","canvas-2-1-4-1-2-9-kinetic-parameter-layers-high-inputed-e-copy-text-3","17:05","17:05","machine-review-required"
"2-1-4-1-2-9-kinetic-parameter-layers-high-inputed-e-copy","5-1-3-1 Kinetic-parameter-time-inputting-timestep","canvas-2-1-4-1-2-9-kinetic-parameter-layers-high-inputed-e-copy-text-4","Время, с","时间，秒","machine-review-required"
"2-1-4-1-2-9-kinetic-parameter-layers-high-inputed-e-copy","5-1-3-1 Kinetic-parameter-time-inputting-timestep","canvas-2-1-4-1-2-9-kinetic-parameter-layers-high-inputed-e-copy-text-8","Шаг измерения","测量步骤","machine-review-required"
"2-1-4-1-2-9-kinetic-parameter-layers-high-inputed-e-copy","5-1-3-1 Kinetic-parameter-time-inputting-timestep","canvas-2-1-4-1-2-9-kinetic-parameter-layers-high-inputed-e-copy-text-9","Всего (10-1200c)","总计（10-1200c）","machine-review-required"
"2-1-4-1-2-9-kinetic-parameter-layers-high-inputed-e-copy","5-1-3-1 Kinetic-parameter-time-inputting-timestep","canvas-2-1-4-1-2-9-kinetic-parameter-layers-high-inputed-e-copy-text-12","__","__","machine-review-required"
"2-1-4-1-2-9-kinetic-parameter-layers-high-inputed-e-copy","5-1-3-1 Kinetic-parameter-time-inputting-timestep","canvas-2-1-4-1-2-9-kinetic-parameter-layers-high-inputed-e-copy-text-13","____","____","machine-review-required"
"2-1-4-1-2-9-kinetic-parameter-layers-high-inputed-e-copy-copy","5-1-3-2 Kinetic-parameter-time-inputed-timestep","canvas-2-1-4-1-2-9-kinetic-parameter-layers-high-inputed-e-copy-copy-text-1","Кинетика","动力学","machine-review-required"
"2-1-4-1-2-9-kinetic-parameter-layers-high-inputed-e-copy-copy","5-1-3-2 Kinetic-parameter-time-inputed-timestep","canvas-2-1-4-1-2-9-kinetic-parameter-layers-high-inputed-e-copy-copy-text-3","17:05","17:05","machine-review-required"
"2-1-4-1-2-9-kinetic-parameter-layers-high-inputed-e-copy-copy","5-1-3-2 Kinetic-parameter-time-inputed-timestep","canvas-2-1-4-1-2-9-kinetic-parameter-layers-high-inputed-e-copy-copy-text-4","Время","时间","machine-review-required"
"2-1-4-1-2-9-kinetic-parameter-layers-high-inputed-e-copy-copy","5-1-3-2 Kinetic-parameter-time-inputed-timestep","canvas-2-1-4-1-2-9-kinetic-parameter-layers-high-inputed-e-copy-copy-text-6","Название","姓名","machine-review-required"
"2-1-4-1-2-9-kinetic-parameter-layers-high-inputed-e-copy-copy","5-1-3-2 Kinetic-parameter-time-inputed-timestep","canvas-2-1-4-1-2-9-kinetic-parameter-layers-high-inputed-e-copy-copy-text-7","Шаг измерения","测量步骤","machine-review-required"
"2-1-4-1-2-9-kinetic-parameter-layers-high-inputed-e-copy-copy","5-1-3-2 Kinetic-parameter-time-inputed-timestep","canvas-2-1-4-1-2-9-kinetic-parameter-layers-high-inputed-e-copy-copy-text-8","Всего (10-1200)","Текст","machine-review-required"
"2-1-4-1-2-9-kinetic-parameter-layers-high-inputed-e-copy-copy","5-1-3-2 Kinetic-parameter-time-inputed-timestep","canvas-2-1-4-1-2-9-kinetic-parameter-layers-high-inputed-e-copy-copy-text-11","10","10","machine-review-required"
"2-1-4-1-2-9-kinetic-parameter-layers-high-inputed-e-copy-copy","5-1-3-2 Kinetic-parameter-time-inputed-timestep","canvas-2-1-4-1-2-9-kinetic-parameter-layers-high-inputed-e-copy-copy-text-12","____","____","machine-review-required"
"2-1-4-1-2-9-kinetic-parameter-layers-high-inputed-e-copy-copy","5-1-3-2 Kinetic-parameter-time-inputed-timestep","canvas-2-1-4-1-2-9-kinetic-parameter-layers-high-inputed-e-copy-copy-text-14","Значение","意义","machine-review-required"
"2-1-4-1-2-9-kinetic-parameter-layers-high-inputed-e-copy-copy-copy","5-1-3-3 Kinetic-parameter-time-inputed-time_all","canvas-2-1-4-1-2-9-kinetic-parameter-layers-high-inputed-e-copy-copy-copy-text-1","Кинетика","动力学","machine-review-required"
"2-1-4-1-2-9-kinetic-parameter-layers-high-inputed-e-copy-copy-copy","5-1-3-3 Kinetic-parameter-time-inputed-time_all","canvas-2-1-4-1-2-9-kinetic-parameter-layers-high-inputed-e-copy-copy-copy-text-3","17:05","17:05","machine-review-required"
"2-1-4-1-2-9-kinetic-parameter-layers-high-inputed-e-copy-copy-copy","5-1-3-3 Kinetic-parameter-time-inputed-time_all","canvas-2-1-4-1-2-9-kinetic-parameter-layers-high-inputed-e-copy-copy-copy-text-4","Время","时间","machine-review-required"
"2-1-4-1-2-9-kinetic-parameter-layers-high-inputed-e-copy-copy-copy","5-1-3-3 Kinetic-parameter-time-inputed-time_all","canvas-2-1-4-1-2-9-kinetic-parameter-layers-high-inputed-e-copy-copy-copy-text-6","Название","姓名","machine-review-required"
"2-1-4-1-2-9-kinetic-parameter-layers-high-inputed-e-copy-copy-copy","5-1-3-3 Kinetic-parameter-time-inputed-time_all","canvas-2-1-4-1-2-9-kinetic-parameter-layers-high-inputed-e-copy-copy-copy-text-7","Шаг измерения","测量步骤","machine-review-required"
"2-1-4-1-2-9-kinetic-parameter-layers-high-inputed-e-copy-copy-copy","5-1-3-3 Kinetic-parameter-time-inputed-time_all","canvas-2-1-4-1-2-9-kinetic-parameter-layers-high-inputed-e-copy-copy-copy-text-8","Всего (10-1200)","总计 (10-1200)","machine-review-required"
"2-1-4-1-2-9-kinetic-parameter-layers-high-inputed-e-copy-copy-copy","5-1-3-3 Kinetic-parameter-time-inputed-time_all","canvas-2-1-4-1-2-9-kinetic-parameter-layers-high-inputed-e-copy-copy-copy-text-11","10","10","machine-review-required"
"2-1-4-1-2-9-kinetic-parameter-layers-high-inputed-e-copy-copy-copy","5-1-3-3 Kinetic-parameter-time-inputed-time_all","canvas-2-1-4-1-2-9-kinetic-parameter-layers-high-inputed-e-copy-copy-copy-text-12","600","600","machine-review-required"
"2-1-4-1-2-9-kinetic-parameter-layers-high-inputed-e-copy-copy-copy","5-1-3-3 Kinetic-parameter-time-inputed-time_all","canvas-2-1-4-1-2-9-kinetic-parameter-layers-high-inputed-e-copy-copy-copy-text-14","Значение","意义","machine-review-required"
"4-1-2-2-quantitative-submode-curves-load-graphic-copy","2-1-4-2-4-1 Kinetic-measurement-result-graphics-A-f(t)","canvas-4-1-2-2-quantitative-submode-curves-load-graphic-copy-text-1","Кинетика","动力学","machine-review-required"
"4-1-2-2-quantitative-submode-curves-load-graphic-copy","2-1-4-2-4-1 Kinetic-measurement-result-graphics-A-f(t)","canvas-4-1-2-2-quantitative-submode-curves-load-graphic-copy-text-4","λ=1050.3 нм","λ=1050.3纳米","machine-review-required"
"4-1-2-2-quantitative-submode-curves-load-graphic-copy","2-1-4-2-4-1 Kinetic-measurement-result-graphics-A-f(t)","canvas-4-1-2-2-quantitative-submode-curves-load-graphic-copy-text-8","0.000","0.000","machine-review-required"
"4-1-2-2-quantitative-submode-curves-load-graphic-copy","2-1-4-2-4-1 Kinetic-measurement-result-graphics-A-f(t)","canvas-4-1-2-2-quantitative-submode-curves-load-graphic-copy-text-9","0","0","machine-review-required"
"4-1-2-2-quantitative-submode-curves-load-graphic-copy","2-1-4-2-4-1 Kinetic-measurement-result-graphics-A-f(t)","canvas-4-1-2-2-quantitative-submode-curves-load-graphic-copy-text-10","4.000","4.000","machine-review-required"
"4-1-2-2-quantitative-submode-curves-load-graphic-copy","2-1-4-2-4-1 Kinetic-measurement-result-graphics-A-f(t)","canvas-4-1-2-2-quantitative-submode-curves-load-graphic-copy-text-18","600","600","machine-review-required"
"4-1-2-2-quantitative-submode-curves-load-graphic-copy","2-1-4-2-4-1 Kinetic-measurement-result-graphics-A-f(t)","canvas-4-1-2-2-quantitative-submode-curves-load-graphic-copy-text-19","t,c","温度、温度","machine-review-required"
"4-1-2-2-quantitative-submode-curves-load-graphic-copy","2-1-4-2-4-1 Kinetic-measurement-result-graphics-A-f(t)","canvas-4-1-2-2-quantitative-submode-curves-load-graphic-copy-text-20","A","一个","machine-review-required"
"2-1-4-2-4-1-kinetic-measurement-result-graphics-a-f-c-copy","2-1-4-2-4-2 Kinetic-measurement-result-graphics-T-f(t)","canvas-2-1-4-2-4-1-kinetic-measurement-result-graphics-a-f-c-copy-text-1","Кинетика","动力学","machine-review-required"
"2-1-4-2-4-1-kinetic-measurement-result-graphics-a-f-c-copy","2-1-4-2-4-2 Kinetic-measurement-result-graphics-T-f(t)","canvas-2-1-4-2-4-1-kinetic-measurement-result-graphics-a-f-c-copy-text-3","λ=1050.3 нм","λ=1050.3纳米","machine-review-required"
"2-1-4-2-4-1-kinetic-measurement-result-graphics-a-f-c-copy","2-1-4-2-4-2 Kinetic-measurement-result-graphics-T-f(t)","canvas-2-1-4-2-4-1-kinetic-measurement-result-graphics-a-f-c-copy-text-5","0.0","0.0","machine-review-required"
"2-1-4-2-4-1-kinetic-measurement-result-graphics-a-f-c-copy","2-1-4-2-4-2 Kinetic-measurement-result-graphics-T-f(t)","canvas-2-1-4-2-4-1-kinetic-measurement-result-graphics-a-f-c-copy-text-6","0","0","machine-review-required"
"2-1-4-2-4-1-kinetic-measurement-result-graphics-a-f-c-copy","2-1-4-2-4-2 Kinetic-measurement-result-graphics-T-f(t)","canvas-2-1-4-2-4-1-kinetic-measurement-result-graphics-a-f-c-copy-text-7","100.0","100.0","machine-review-required"
"2-1-4-2-4-1-kinetic-measurement-result-graphics-a-f-c-copy","2-1-4-2-4-2 Kinetic-measurement-result-graphics-T-f(t)","canvas-2-1-4-2-4-1-kinetic-measurement-result-graphics-a-f-c-copy-text-14","600","600","machine-review-required"
"2-1-4-2-4-1-kinetic-measurement-result-graphics-a-f-c-copy","2-1-4-2-4-2 Kinetic-measurement-result-graphics-T-f(t)","canvas-2-1-4-2-4-1-kinetic-measurement-result-graphics-a-f-c-copy-text-15","t,c","温度、温度","machine-review-required"
"2-1-4-2-4-1-kinetic-measurement-result-graphics-a-f-c-copy","2-1-4-2-4-2 Kinetic-measurement-result-graphics-T-f(t)","canvas-2-1-4-2-4-1-kinetic-measurement-result-graphics-a-f-c-copy-text-16","%T","%T","machine-review-required"
"2-1-4-1-3-3-kinetic-parameter-time-inputed-time-all-copy","5-3-2 Kinetic-measurement-result-table","canvas-2-1-4-1-3-3-kinetic-parameter-time-inputed-time-all-copy-text-1","Кинетика","动力学","machine-review-required"
"2-1-4-1-3-3-kinetic-parameter-time-inputed-time-all-copy","5-3-2 Kinetic-measurement-result-table","canvas-2-1-4-1-3-3-kinetic-parameter-time-inputed-time-all-copy-text-3","17:05","17:05","machine-review-required"
"2-1-4-1-3-3-kinetic-parameter-time-inputed-time-all-copy","5-3-2 Kinetic-measurement-result-table","canvas-2-1-4-1-3-3-kinetic-parameter-time-inputed-time-all-copy-text-4","t,с","t,s","machine-review-required"
"2-1-4-1-3-3-kinetic-parameter-time-inputed-time-all-copy","5-3-2 Kinetic-measurement-result-table","canvas-2-1-4-1-3-3-kinetic-parameter-time-inputed-time-all-copy-text-6","A","一个","machine-review-required"
"2-1-4-1-3-3-kinetic-parameter-time-inputed-time-all-copy","5-3-2 Kinetic-measurement-result-table","canvas-2-1-4-1-3-3-kinetic-parameter-time-inputed-time-all-copy-text-1782372480576","%T","%T","machine-review-required"
"2-1-4-1-3-3-kinetic-parameter-time-inputed-time-all-copy","5-3-2 Kinetic-measurement-result-table","canvas-2-1-4-1-3-3-kinetic-parameter-time-inputed-time-all-copy-text-1782372759252","0","0","machine-review-required"
"2-1-4-1-3-3-kinetic-parameter-time-inputed-time-all-copy","5-3-2 Kinetic-measurement-result-table","canvas-2-1-4-1-3-3-kinetic-parameter-time-inputed-time-all-copy-text-1782372775040","10","10","machine-review-required"
"2-1-4-1-3-3-kinetic-parameter-time-inputed-time-all-copy","5-3-2 Kinetic-measurement-result-table","canvas-2-1-4-1-3-3-kinetic-parameter-time-inputed-time-all-copy-text-1782372790816","20","20","machine-review-required"
"2-1-4-1-3-3-kinetic-parameter-time-inputed-time-all-copy","5-3-2 Kinetic-measurement-result-table","canvas-2-1-4-1-3-3-kinetic-parameter-time-inputed-time-all-copy-text-1782372808272","0.846","0.846","machine-review-required"
"2-1-4-1-3-3-kinetic-parameter-time-inputed-time-all-copy","5-3-2 Kinetic-measurement-result-table","canvas-2-1-4-1-3-3-kinetic-parameter-time-inputed-time-all-copy-text-1782372848947","0.567","0.567","machine-review-required"
"2-1-4-1-3-3-kinetic-parameter-time-inputed-time-all-copy","5-3-2 Kinetic-measurement-result-table","canvas-2-1-4-1-3-3-kinetic-parameter-time-inputed-time-all-copy-text-1782372952900","0.345","0.345","machine-review-required"
"2-1-4-1-3-3-kinetic-parameter-time-inputed-time-all-copy","5-3-2 Kinetic-measurement-result-table","canvas-2-1-4-1-3-3-kinetic-parameter-time-inputed-time-all-copy-text-1782373043184","14.3","14.3","machine-review-required"
"2-1-4-1-3-3-kinetic-parameter-time-inputed-time-all-copy","5-3-2 Kinetic-measurement-result-table","canvas-2-1-4-1-3-3-kinetic-parameter-time-inputed-time-all-copy-text-1782373139909","27.1","27.1","machine-review-required"
"2-1-4-1-3-3-kinetic-parameter-time-inputed-time-all-copy","5-3-2 Kinetic-measurement-result-table","canvas-2-1-4-1-3-3-kinetic-parameter-time-inputed-time-all-copy-text-1782373154192","45.2","45.2","machine-review-required"
"5-3-2-kinetic-measurement-result-table-copy","6-1-1 Mutliwavelength-parameter-mode","canvas-5-3-2-kinetic-measurement-result-table-copy-text-1","Многоволн. анализ","多波分析","machine-review-required"
"5-3-2-kinetic-measurement-result-table-copy","6-1-1 Mutliwavelength-parameter-mode","canvas-5-3-2-kinetic-measurement-result-table-copy-text-3","17:05","17:05","machine-review-required"
"5-3-2-kinetic-measurement-result-table-copy","6-1-1 Mutliwavelength-parameter-mode","canvas-5-3-2-kinetic-measurement-result-table-copy-text-1782394959193","Измеряемая величина","测量数量","machine-review-required"
"5-3-2-kinetic-measurement-result-table-copy","6-1-1 Mutliwavelength-parameter-mode","canvas-5-3-2-kinetic-measurement-result-table-copy-text-1782394981065","Число λ","数 λ","machine-review-required"
"5-3-2-kinetic-measurement-result-table-copy","6-1-1 Mutliwavelength-parameter-mode","canvas-5-3-2-kinetic-measurement-result-table-copy-text-1782395329605","Далее","下一个","machine-review-required"
"6-1-1-mutliwavelength-parameter-mode-copy-copy","6-1-2 Mutliwavelength-parameter-number_wl","canvas-6-1-1-mutliwavelength-parameter-mode-copy-copy-text-1","Многоволн. анализ","多波分析","machine-review-required"
"6-1-1-mutliwavelength-parameter-mode-copy-copy","6-1-2 Mutliwavelength-parameter-number_wl","canvas-6-1-1-mutliwavelength-parameter-mode-copy-copy-text-3","17:05","17:05","machine-review-required"
"6-1-1-mutliwavelength-parameter-mode-copy-copy","6-1-2 Mutliwavelength-parameter-number_wl","canvas-6-1-1-mutliwavelength-parameter-mode-copy-copy-text-8","Измеряемая величина","测量数量","machine-review-required"
"6-1-1-mutliwavelength-parameter-mode-copy-copy","6-1-2 Mutliwavelength-parameter-number_wl","canvas-6-1-1-mutliwavelength-parameter-mode-copy-copy-text-9","Число λ","数 λ","machine-review-required"
"6-1-1-mutliwavelength-parameter-mode-copy-copy","6-1-2 Mutliwavelength-parameter-number_wl","canvas-6-1-1-mutliwavelength-parameter-mode-copy-copy-text-12","Далее","下一个","machine-review-required"
"6-1-2-mutliwavelength-parameter-number-wl-copy","6-1-3 Mutliwavelength-parameter-next","canvas-6-1-2-mutliwavelength-parameter-number-wl-copy-text-1","Многоволн. анализ","多波分析","machine-review-required"
"6-1-2-mutliwavelength-parameter-number-wl-copy","6-1-3 Mutliwavelength-parameter-next","canvas-6-1-2-mutliwavelength-parameter-number-wl-copy-text-3","17:05","17:05","machine-review-required"
"6-1-2-mutliwavelength-parameter-number-wl-copy","6-1-3 Mutliwavelength-parameter-next","canvas-6-1-2-mutliwavelength-parameter-number-wl-copy-text-8","Измеряемая величина","测量数量","machine-review-required"
"6-1-2-mutliwavelength-parameter-number-wl-copy","6-1-3 Mutliwavelength-parameter-next","canvas-6-1-2-mutliwavelength-parameter-number-wl-copy-text-9","Число λ","数 λ","machine-review-required"
"6-1-2-mutliwavelength-parameter-number-wl-copy","6-1-3 Mutliwavelength-parameter-next","canvas-6-1-2-mutliwavelength-parameter-number-wl-copy-text-12","Далее","下一个","machine-review-required"
"6-1-2-mutliwavelength-parameter-number-wl-copy-2","6-1-2-1-1 Mutliwavelength-parameter-number_wl-inputing","canvas-6-1-2-mutliwavelength-parameter-number-wl-copy-2-text-1","Многоволн. анализ","多波分析","machine-review-required"
"6-1-2-mutliwavelength-parameter-number-wl-copy-2","6-1-2-1-1 Mutliwavelength-parameter-number_wl-inputing","canvas-6-1-2-mutliwavelength-parameter-number-wl-copy-2-text-3","17:05","17:05","machine-review-required"
"6-1-2-mutliwavelength-parameter-number-wl-copy-2","6-1-2-1-1 Mutliwavelength-parameter-number_wl-inputing","canvas-6-1-2-mutliwavelength-parameter-number-wl-copy-2-text-8","Введите число λ(1-4) -","输入数字 λ(1-4) -","machine-review-required"
"6-1-2-mutliwavelength-parameter-number-wl-copy-2","6-1-2-1-1 Mutliwavelength-parameter-number_wl-inputing","canvas-6-1-2-mutliwavelength-parameter-number-wl-copy-2-text-9","Число λ","数 λ","machine-review-required"
"6-1-2-mutliwavelength-parameter-number-wl-copy-2","6-1-2-1-1 Mutliwavelength-parameter-number_wl-inputing","canvas-6-1-2-mutliwavelength-parameter-number-wl-copy-2-text-1782395683200","_","_","machine-review-required"
"6-1-2-1-1-mutliwavelength-parameter-number-wl-inputing-copy","6-1-2-1-2 Mutliwavelength-parameter-number_wl-inputed","canvas-6-1-2-1-1-mutliwavelength-parameter-number-wl-inputing-copy-text-1","Многоволн. анализ","多波分析","machine-review-required"
"6-1-2-1-1-mutliwavelength-parameter-number-wl-inputing-copy","6-1-2-1-2 Mutliwavelength-parameter-number_wl-inputed","canvas-6-1-2-1-1-mutliwavelength-parameter-number-wl-inputing-copy-text-3","17:05","17:05","machine-review-required"
"6-1-2-1-1-mutliwavelength-parameter-number-wl-inputing-copy","6-1-2-1-2 Mutliwavelength-parameter-number_wl-inputed","canvas-6-1-2-1-1-mutliwavelength-parameter-number-wl-inputing-copy-text-4","Введите число λ(1-4) -","输入数字 λ(1-4) -","machine-review-required"
"6-1-2-1-1-mutliwavelength-parameter-number-wl-inputing-copy","6-1-2-1-2 Mutliwavelength-parameter-number_wl-inputed","canvas-6-1-2-1-1-mutliwavelength-parameter-number-wl-inputing-copy-text-5","Число λ","数 λ","machine-review-required"
"6-1-2-1-1-mutliwavelength-parameter-number-wl-inputing-copy","6-1-2-1-2 Mutliwavelength-parameter-number_wl-inputed","canvas-6-1-2-1-1-mutliwavelength-parameter-number-wl-inputing-copy-text-6","4","4","machine-review-required"
"6-1-1-mutliwavelength-parameter-mode-copy","6-1-1-1 Mutliwavelength-parameter-mode-A","canvas-6-1-1-mutliwavelength-parameter-mode-copy-text-1","Многоволн. анализ","多波分析","machine-review-required"
"6-1-1-mutliwavelength-parameter-mode-copy","6-1-1-1 Mutliwavelength-parameter-mode-A","canvas-6-1-1-mutliwavelength-parameter-mode-copy-text-3","17:05","17:05","machine-review-required"
"6-1-1-mutliwavelength-parameter-mode-copy","6-1-1-1 Mutliwavelength-parameter-mode-A","canvas-6-1-1-mutliwavelength-parameter-mode-copy-text-8","Измеряемая величина","测量数量","machine-review-required"
"6-1-1-mutliwavelength-parameter-mode-copy","6-1-1-1 Mutliwavelength-parameter-mode-A","canvas-6-1-1-mutliwavelength-parameter-mode-copy-text-9","A","一个","machine-review-required"
"6-1-1-mutliwavelength-parameter-mode-copy","6-1-1-1 Mutliwavelength-parameter-mode-A","canvas-6-1-1-mutliwavelength-parameter-mode-copy-text-12","%T","%T","machine-review-required"
"6-1-1-mutliwavelength-parameter-mode-copy","6-1-1-1 Mutliwavelength-parameter-mode-A","canvas-6-1-1-mutliwavelength-parameter-mode-copy-text-1782395896244","E","乙","machine-review-required"
"6-1-1-1-mutliwavelength-parameter-mode-copy-copy","6-1-1-2 Mutliwavelength-parameter-mode-%T","canvas-6-1-1-1-mutliwavelength-parameter-mode-copy-copy-text-1","Многоволн. анализ","多波分析","machine-review-required"
"6-1-1-1-mutliwavelength-parameter-mode-copy-copy","6-1-1-2 Mutliwavelength-parameter-mode-%T","canvas-6-1-1-1-mutliwavelength-parameter-mode-copy-copy-text-3","17:05","17:05","machine-review-required"
"6-1-1-1-mutliwavelength-parameter-mode-copy-copy","6-1-1-2 Mutliwavelength-parameter-mode-%T","canvas-6-1-1-1-mutliwavelength-parameter-mode-copy-copy-text-8","Измеряемая величина","测量数量","machine-review-required"
"6-1-1-1-mutliwavelength-parameter-mode-copy-copy","6-1-1-2 Mutliwavelength-parameter-mode-%T","canvas-6-1-1-1-mutliwavelength-parameter-mode-copy-copy-text-9","A","一个","machine-review-required"
"6-1-1-1-mutliwavelength-parameter-mode-copy-copy","6-1-1-2 Mutliwavelength-parameter-mode-%T","canvas-6-1-1-1-mutliwavelength-parameter-mode-copy-copy-text-11","%T","%T","machine-review-required"
"6-1-1-1-mutliwavelength-parameter-mode-copy-copy","6-1-1-2 Mutliwavelength-parameter-mode-%T","canvas-6-1-1-1-mutliwavelength-parameter-mode-copy-copy-text-14","E","乙","machine-review-required"
"6-1-1-1-mutliwavelength-parameter-mode-copy-copy-copy","6-1-1-3 Mutliwavelength-parameter-mode_E","canvas-6-1-1-1-mutliwavelength-parameter-mode-copy-copy-copy-text-1","Многоволн. анализ","多波分析","machine-review-required"
"6-1-1-1-mutliwavelength-parameter-mode-copy-copy-copy","6-1-1-3 Mutliwavelength-parameter-mode_E","canvas-6-1-1-1-mutliwavelength-parameter-mode-copy-copy-copy-text-3","17:05","17:05","machine-review-required"
"6-1-1-1-mutliwavelength-parameter-mode-copy-copy-copy","6-1-1-3 Mutliwavelength-parameter-mode_E","canvas-6-1-1-1-mutliwavelength-parameter-mode-copy-copy-copy-text-8","Измеряемая величина","测量数量","machine-review-required"
"6-1-1-1-mutliwavelength-parameter-mode-copy-copy-copy","6-1-1-3 Mutliwavelength-parameter-mode_E","canvas-6-1-1-1-mutliwavelength-parameter-mode-copy-copy-copy-text-9","A","一个","machine-review-required"
"6-1-1-1-mutliwavelength-parameter-mode-copy-copy-copy","6-1-1-3 Mutliwavelength-parameter-mode_E","canvas-6-1-1-1-mutliwavelength-parameter-mode-copy-copy-copy-text-11","%T","%T","machine-review-required"
"6-1-1-1-mutliwavelength-parameter-mode-copy-copy-copy","6-1-1-3 Mutliwavelength-parameter-mode_E","canvas-6-1-1-1-mutliwavelength-parameter-mode-copy-copy-copy-text-14","E","乙","machine-review-required"
"6-1-2-1-2-mutliwavelength-parameter-number-wl-inputed-copy","6-1-2-2-1 Mutliwavelength-parameter-number_wl-inputed_1","canvas-6-1-2-1-2-mutliwavelength-parameter-number-wl-inputed-copy-text-1","Многоволн. анализ","多波分析","machine-review-required"
"6-1-2-1-2-mutliwavelength-parameter-number-wl-inputed-copy","6-1-2-2-1 Mutliwavelength-parameter-number_wl-inputed_1","canvas-6-1-2-1-2-mutliwavelength-parameter-number-wl-inputed-copy-text-3","17:05","17:05","machine-review-required"
"6-1-2-1-2-mutliwavelength-parameter-number-wl-inputed-copy","6-1-2-2-1 Mutliwavelength-parameter-number_wl-inputed_1","canvas-6-1-2-1-2-mutliwavelength-parameter-number-wl-inputed-copy-text-5","Число λ","数 λ","machine-review-required"
"6-1-2-1-2-mutliwavelength-parameter-number-wl-inputed-copy","6-1-2-2-1 Mutliwavelength-parameter-number_wl-inputed_1","canvas-6-1-2-1-2-mutliwavelength-parameter-number-wl-inputed-copy-text-1782396063836","λ1","λ1","machine-review-required"
"6-1-2-1-2-mutliwavelength-parameter-number-wl-inputed-copy","6-1-2-2-1 Mutliwavelength-parameter-number_wl-inputed_1","canvas-6-1-2-1-2-mutliwavelength-parameter-number-wl-inputed-copy-text-1782396088656","λ2","λ2","machine-review-required"
"6-1-2-1-2-mutliwavelength-parameter-number-wl-inputed-copy","6-1-2-2-1 Mutliwavelength-parameter-number_wl-inputed_1","canvas-6-1-2-1-2-mutliwavelength-parameter-number-wl-inputed-copy-text-1782396099189","λ3","λ3","machine-review-required"
"6-1-2-1-2-mutliwavelength-parameter-number-wl-inputed-copy","6-1-2-2-1 Mutliwavelength-parameter-number_wl-inputed_1","canvas-6-1-2-1-2-mutliwavelength-parameter-number-wl-inputed-copy-text-1782396106940","λ4","λ4","machine-review-required"
"6-1-2-1-2-mutliwavelength-parameter-number-wl-inputed-copy","6-1-2-2-1 Mutliwavelength-parameter-number_wl-inputed_1","canvas-6-1-2-1-2-mutliwavelength-parameter-number-wl-inputed-copy-text-1782396229072","262.2 нм","262.2纳米","machine-review-required"
"6-1-2-1-2-mutliwavelength-parameter-number-wl-inputed-copy","6-1-2-2-1 Mutliwavelength-parameter-number_wl-inputed_1","canvas-6-1-2-1-2-mutliwavelength-parameter-number-wl-inputed-copy-text-1782396275466","431.4 нм","431.4纳米","machine-review-required"
"6-1-2-1-2-mutliwavelength-parameter-number-wl-inputed-copy","6-1-2-2-1 Mutliwavelength-parameter-number_wl-inputed_1","canvas-6-1-2-1-2-mutliwavelength-parameter-number-wl-inputed-copy-text-1782396298201","585.6 нм","585.6纳米","machine-review-required"
"6-1-2-1-2-mutliwavelength-parameter-number-wl-inputed-copy","6-1-2-2-1 Mutliwavelength-parameter-number_wl-inputed_1","canvas-6-1-2-1-2-mutliwavelength-parameter-number-wl-inputed-copy-text-1782396315152","685.5 нм","685.5纳米","machine-review-required"
"6-1-2-2-1-mutliwavelength-parameter-number-wl-inputed-copy-copy","6-1-2-2-2 Mutliwavelength-parameter-number_wl-inputed_2","canvas-6-1-2-2-1-mutliwavelength-parameter-number-wl-inputed-copy-copy-text-1","Многоволн. анализ","多波分析","machine-review-required"
"6-1-2-2-1-mutliwavelength-parameter-number-wl-inputed-copy-copy","6-1-2-2-2 Mutliwavelength-parameter-number_wl-inputed_2","canvas-6-1-2-2-1-mutliwavelength-parameter-number-wl-inputed-copy-copy-text-3","17:05","17:05","machine-review-required"
"6-1-2-2-1-mutliwavelength-parameter-number-wl-inputed-copy-copy","6-1-2-2-2 Mutliwavelength-parameter-number_wl-inputed_2","canvas-6-1-2-2-1-mutliwavelength-parameter-number-wl-inputed-copy-copy-text-4","Число λ","数 λ","machine-review-required"
"6-1-2-2-1-mutliwavelength-parameter-number-wl-inputed-copy-copy","6-1-2-2-2 Mutliwavelength-parameter-number_wl-inputed_2","canvas-6-1-2-2-1-mutliwavelength-parameter-number-wl-inputed-copy-copy-text-6","λ1","λ1","machine-review-required"
"6-1-2-2-1-mutliwavelength-parameter-number-wl-inputed-copy-copy","6-1-2-2-2 Mutliwavelength-parameter-number_wl-inputed_2","canvas-6-1-2-2-1-mutliwavelength-parameter-number-wl-inputed-copy-copy-text-7","λ2","λ2","machine-review-required"
"6-1-2-2-1-mutliwavelength-parameter-number-wl-inputed-copy-copy","6-1-2-2-2 Mutliwavelength-parameter-number_wl-inputed_2","canvas-6-1-2-2-1-mutliwavelength-parameter-number-wl-inputed-copy-copy-text-8","λ3","λ3","machine-review-required"
"6-1-2-2-1-mutliwavelength-parameter-number-wl-inputed-copy-copy","6-1-2-2-2 Mutliwavelength-parameter-number_wl-inputed_2","canvas-6-1-2-2-1-mutliwavelength-parameter-number-wl-inputed-copy-copy-text-9","λ4","λ4","machine-review-required"
"6-1-2-2-1-mutliwavelength-parameter-number-wl-inputed-copy-copy","6-1-2-2-2 Mutliwavelength-parameter-number_wl-inputed_2","canvas-6-1-2-2-1-mutliwavelength-parameter-number-wl-inputed-copy-copy-text-11","262.2 нм","262.2纳米","machine-review-required"
"6-1-2-2-1-mutliwavelength-parameter-number-wl-inputed-copy-copy","6-1-2-2-2 Mutliwavelength-parameter-number_wl-inputed_2","canvas-6-1-2-2-1-mutliwavelength-parameter-number-wl-inputed-copy-copy-text-12","431.4 нм","431.4纳米","machine-review-required"
"6-1-2-2-1-mutliwavelength-parameter-number-wl-inputed-copy-copy","6-1-2-2-2 Mutliwavelength-parameter-number_wl-inputed_2","canvas-6-1-2-2-1-mutliwavelength-parameter-number-wl-inputed-copy-copy-text-13","585.6 нм","585.6纳米","machine-review-required"
"6-1-2-2-1-mutliwavelength-parameter-number-wl-inputed-copy-copy","6-1-2-2-2 Mutliwavelength-parameter-number_wl-inputed_2","canvas-6-1-2-2-1-mutliwavelength-parameter-number-wl-inputed-copy-copy-text-14","685.5 нм","685.5纳米","machine-review-required"
"6-1-2-2-2-mutliwavelength-parameter-number-wl-inputed-2-copy","6-1-2-2-3 Mutliwavelength-parameter-number_wl-inputed_3","canvas-6-1-2-2-2-mutliwavelength-parameter-number-wl-inputed-2-copy-text-1","Многоволн. анализ","多波分析","machine-review-required"
"6-1-2-2-2-mutliwavelength-parameter-number-wl-inputed-2-copy","6-1-2-2-3 Mutliwavelength-parameter-number_wl-inputed_3","canvas-6-1-2-2-2-mutliwavelength-parameter-number-wl-inputed-2-copy-text-3","17:05","17:05","machine-review-required"
"6-1-2-2-2-mutliwavelength-parameter-number-wl-inputed-2-copy","6-1-2-2-3 Mutliwavelength-parameter-number_wl-inputed_3","canvas-6-1-2-2-2-mutliwavelength-parameter-number-wl-inputed-2-copy-text-4","Число λ","数 λ","machine-review-required"
"6-1-2-2-2-mutliwavelength-parameter-number-wl-inputed-2-copy","6-1-2-2-3 Mutliwavelength-parameter-number_wl-inputed_3","canvas-6-1-2-2-2-mutliwavelength-parameter-number-wl-inputed-2-copy-text-6","λ1","λ1","machine-review-required"
"6-1-2-2-2-mutliwavelength-parameter-number-wl-inputed-2-copy","6-1-2-2-3 Mutliwavelength-parameter-number_wl-inputed_3","canvas-6-1-2-2-2-mutliwavelength-parameter-number-wl-inputed-2-copy-text-7","λ2","λ2","machine-review-required"
"6-1-2-2-2-mutliwavelength-parameter-number-wl-inputed-2-copy","6-1-2-2-3 Mutliwavelength-parameter-number_wl-inputed_3","canvas-6-1-2-2-2-mutliwavelength-parameter-number-wl-inputed-2-copy-text-8","λ3","λ3","machine-review-required"
"6-1-2-2-2-mutliwavelength-parameter-number-wl-inputed-2-copy","6-1-2-2-3 Mutliwavelength-parameter-number_wl-inputed_3","canvas-6-1-2-2-2-mutliwavelength-parameter-number-wl-inputed-2-copy-text-9","λ4","λ4","machine-review-required"
"6-1-2-2-2-mutliwavelength-parameter-number-wl-inputed-2-copy","6-1-2-2-3 Mutliwavelength-parameter-number_wl-inputed_3","canvas-6-1-2-2-2-mutliwavelength-parameter-number-wl-inputed-2-copy-text-11","262.2 нм","262.2纳米","machine-review-required"
"6-1-2-2-2-mutliwavelength-parameter-number-wl-inputed-2-copy","6-1-2-2-3 Mutliwavelength-parameter-number_wl-inputed_3","canvas-6-1-2-2-2-mutliwavelength-parameter-number-wl-inputed-2-copy-text-12","431.4 нм","431.4纳米","machine-review-required"
"6-1-2-2-2-mutliwavelength-parameter-number-wl-inputed-2-copy","6-1-2-2-3 Mutliwavelength-parameter-number_wl-inputed_3","canvas-6-1-2-2-2-mutliwavelength-parameter-number-wl-inputed-2-copy-text-13","585.6 нм","585.6纳米","machine-review-required"
"6-1-2-2-2-mutliwavelength-parameter-number-wl-inputed-2-copy","6-1-2-2-3 Mutliwavelength-parameter-number_wl-inputed_3","canvas-6-1-2-2-2-mutliwavelength-parameter-number-wl-inputed-2-copy-text-14","685.5 нм","685.5纳米","machine-review-required"
"6-1-2-2-2-mutliwavelength-parameter-number-wl-inputed-3-copy","6-1-2-2-4 Mutliwavelength-parameter-number_wl-inputed_4","canvas-6-1-2-2-2-mutliwavelength-parameter-number-wl-inputed-3-copy-text-1","Многоволн. анализ","多波分析","machine-review-required"
"6-1-2-2-2-mutliwavelength-parameter-number-wl-inputed-3-copy","6-1-2-2-4 Mutliwavelength-parameter-number_wl-inputed_4","canvas-6-1-2-2-2-mutliwavelength-parameter-number-wl-inputed-3-copy-text-3","17:05","17:05","machine-review-required"
"6-1-2-2-2-mutliwavelength-parameter-number-wl-inputed-3-copy","6-1-2-2-4 Mutliwavelength-parameter-number_wl-inputed_4","canvas-6-1-2-2-2-mutliwavelength-parameter-number-wl-inputed-3-copy-text-4","Число λ","数 λ","machine-review-required"
"6-1-2-2-2-mutliwavelength-parameter-number-wl-inputed-3-copy","6-1-2-2-4 Mutliwavelength-parameter-number_wl-inputed_4","canvas-6-1-2-2-2-mutliwavelength-parameter-number-wl-inputed-3-copy-text-6","λ1","λ1","machine-review-required"
"6-1-2-2-2-mutliwavelength-parameter-number-wl-inputed-3-copy","6-1-2-2-4 Mutliwavelength-parameter-number_wl-inputed_4","canvas-6-1-2-2-2-mutliwavelength-parameter-number-wl-inputed-3-copy-text-7","λ2","λ2","machine-review-required"
"6-1-2-2-2-mutliwavelength-parameter-number-wl-inputed-3-copy","6-1-2-2-4 Mutliwavelength-parameter-number_wl-inputed_4","canvas-6-1-2-2-2-mutliwavelength-parameter-number-wl-inputed-3-copy-text-8","λ3","λ3","machine-review-required"
"6-1-2-2-2-mutliwavelength-parameter-number-wl-inputed-3-copy","6-1-2-2-4 Mutliwavelength-parameter-number_wl-inputed_4","canvas-6-1-2-2-2-mutliwavelength-parameter-number-wl-inputed-3-copy-text-9","λ4","λ4","machine-review-required"
"6-1-2-2-2-mutliwavelength-parameter-number-wl-inputed-3-copy","6-1-2-2-4 Mutliwavelength-parameter-number_wl-inputed_4","canvas-6-1-2-2-2-mutliwavelength-parameter-number-wl-inputed-3-copy-text-11","262.2 нм","262.2纳米","machine-review-required"
"6-1-2-2-2-mutliwavelength-parameter-number-wl-inputed-3-copy","6-1-2-2-4 Mutliwavelength-parameter-number_wl-inputed_4","canvas-6-1-2-2-2-mutliwavelength-parameter-number-wl-inputed-3-copy-text-12","431.4 нм","431.4纳米","machine-review-required"
"6-1-2-2-2-mutliwavelength-parameter-number-wl-inputed-3-copy","6-1-2-2-4 Mutliwavelength-parameter-number_wl-inputed_4","canvas-6-1-2-2-2-mutliwavelength-parameter-number-wl-inputed-3-copy-text-13","585.6 нм","585.6纳米","machine-review-required"
"6-1-2-2-2-mutliwavelength-parameter-number-wl-inputed-3-copy","6-1-2-2-4 Mutliwavelength-parameter-number_wl-inputed_4","canvas-6-1-2-2-2-mutliwavelength-parameter-number-wl-inputed-3-copy-text-14","685.5 нм","685.5纳米","machine-review-required"
"6-1-2-2-1-mutliwavelength-parameter-number-wl-inputed-1-copy","6-1-2-2-1-1 Mutliwavelength-parameter-number_wl-inputing_wl","canvas-6-1-2-2-1-mutliwavelength-parameter-number-wl-inputed-1-copy-text-1","Многоволн. анализ","多波分析","machine-review-required"
"6-1-2-2-1-mutliwavelength-parameter-number-wl-inputed-1-copy","6-1-2-2-1-1 Mutliwavelength-parameter-number_wl-inputing_wl","canvas-6-1-2-2-1-mutliwavelength-parameter-number-wl-inputed-1-copy-text-3","17:05","17:05","machine-review-required"
"6-1-2-2-1-mutliwavelength-parameter-number-wl-inputed-1-copy","6-1-2-2-1-1 Mutliwavelength-parameter-number_wl-inputing_wl","canvas-6-1-2-2-1-mutliwavelength-parameter-number-wl-inputed-1-copy-text-4","Длина волны (λ), нм:","波长 (λ)，纳米：","machine-review-required"
"6-1-2-2-1-mutliwavelength-parameter-number-wl-inputed-1-copy","6-1-2-2-1-1 Mutliwavelength-parameter-number_wl-inputing_wl","canvas-6-1-2-2-1-mutliwavelength-parameter-number-wl-inputed-1-copy-text-1782399822135","Текущая","当前的","machine-review-required"
"6-1-2-2-1-mutliwavelength-parameter-number-wl-inputed-1-copy","6-1-2-2-1-1 Mutliwavelength-parameter-number_wl-inputing_wl","canvas-6-1-2-2-1-mutliwavelength-parameter-number-wl-inputed-1-copy-text-1782399987004","Новая","新的","machine-review-required"
"6-1-2-2-1-mutliwavelength-parameter-number-wl-inputed-1-copy","6-1-2-2-1-1 Mutliwavelength-parameter-number_wl-inputing_wl","canvas-6-1-2-2-1-mutliwavelength-parameter-number-wl-inputed-1-copy-text-1782400139449","500.4","500.4","machine-review-required"
"6-1-2-2-1-mutliwavelength-parameter-number-wl-inputed-1-copy","6-1-2-2-1-1 Mutliwavelength-parameter-number_wl-inputing_wl","canvas-6-1-2-2-1-mutliwavelength-parameter-number-wl-inputed-1-copy-text-1782400151724","______","______","machine-review-required"
"6-1-2-2-1-1-mutliwavelength-parameter-number-wl-inputing-wl-copy","6-1-2-2-1-2 Mutliwavelength-parameter-number_wl-inputed_wl","canvas-6-1-2-2-1-1-mutliwavelength-parameter-number-wl-inputing-wl-copy-text-1","Многоволн. анализ","多波分析","machine-review-required"
"6-1-2-2-1-1-mutliwavelength-parameter-number-wl-inputing-wl-copy","6-1-2-2-1-2 Mutliwavelength-parameter-number_wl-inputed_wl","canvas-6-1-2-2-1-1-mutliwavelength-parameter-number-wl-inputing-wl-copy-text-3","17:05","17:05","machine-review-required"
"6-1-2-2-1-1-mutliwavelength-parameter-number-wl-inputing-wl-copy","6-1-2-2-1-2 Mutliwavelength-parameter-number_wl-inputed_wl","canvas-6-1-2-2-1-1-mutliwavelength-parameter-number-wl-inputing-wl-copy-text-4","Длина волны (λ), нм:","波长 (λ)，纳米：","machine-review-required"
"6-1-2-2-1-1-mutliwavelength-parameter-number-wl-inputing-wl-copy","6-1-2-2-1-2 Mutliwavelength-parameter-number_wl-inputed_wl","canvas-6-1-2-2-1-1-mutliwavelength-parameter-number-wl-inputing-wl-copy-text-5","Текущая","当前的","machine-review-required"
"6-1-2-2-1-1-mutliwavelength-parameter-number-wl-inputing-wl-copy","6-1-2-2-1-2 Mutliwavelength-parameter-number_wl-inputed_wl","canvas-6-1-2-2-1-1-mutliwavelength-parameter-number-wl-inputing-wl-copy-text-6","Новая","新的","machine-review-required"
"6-1-2-2-1-1-mutliwavelength-parameter-number-wl-inputing-wl-copy","6-1-2-2-1-2 Mutliwavelength-parameter-number_wl-inputed_wl","canvas-6-1-2-2-1-1-mutliwavelength-parameter-number-wl-inputing-wl-copy-text-7","500.4","500.4","machine-review-required"
"6-1-2-2-1-1-mutliwavelength-parameter-number-wl-inputing-wl-copy","6-1-2-2-1-2 Mutliwavelength-parameter-number_wl-inputed_wl","canvas-6-1-2-2-1-1-mutliwavelength-parameter-number-wl-inputing-wl-copy-text-8","262.2","262.2","machine-review-required"
"6-1-3-mutliwavelength-parameter-next-copy","6-2-1 Mutliwavelength-measurement_zero_262.2","canvas-6-1-3-mutliwavelength-parameter-next-copy-text-1","Многоволн. анализ","多波分析","machine-review-required"
"6-1-3-mutliwavelength-parameter-next-copy","6-2-1 Mutliwavelength-measurement_zero_262.2","canvas-6-1-3-mutliwavelength-parameter-next-copy-text-3","17:05","17:05","machine-review-required"
"6-1-3-mutliwavelength-parameter-next-copy","6-2-1 Mutliwavelength-measurement_zero_262.2","canvas-6-1-3-mutliwavelength-parameter-next-copy-text-1782400798578","A","一个","machine-review-required"
"6-1-3-mutliwavelength-parameter-next-copy","6-2-1 Mutliwavelength-measurement_zero_262.2","canvas-6-1-3-mutliwavelength-parameter-next-copy-text-1782400864915","λ","λ","machine-review-required"
"6-1-3-mutliwavelength-parameter-next-copy","6-2-1 Mutliwavelength-measurement_zero_262.2","canvas-6-1-3-mutliwavelength-parameter-next-copy-text-1782400945932","ноль","零","machine-review-required"
"6-1-3-mutliwavelength-parameter-next-copy","6-2-1 Mutliwavelength-measurement_zero_262.2","canvas-6-1-3-mutliwavelength-parameter-next-copy-text-1782401037704","1","1","machine-review-required"
"6-1-3-mutliwavelength-parameter-next-copy","6-2-1 Mutliwavelength-measurement_zero_262.2","canvas-6-1-3-mutliwavelength-parameter-next-copy-text-1782401055492","2","2","machine-review-required"
"6-1-3-mutliwavelength-parameter-next-copy","6-2-1 Mutliwavelength-measurement_zero_262.2","canvas-6-1-3-mutliwavelength-parameter-next-copy-text-1782401076983","3","3","machine-review-required"
"6-1-3-mutliwavelength-parameter-next-copy","6-2-1 Mutliwavelength-measurement_zero_262.2","canvas-6-1-3-mutliwavelength-parameter-next-copy-text-1782401100684","№","○","machine-review-required"
"6-1-3-mutliwavelength-parameter-next-copy","6-2-1 Mutliwavelength-measurement_zero_262.2","canvas-6-1-3-mutliwavelength-parameter-next-copy-text-1782401194464","λ, нм","λ，纳米","machine-review-required"
"6-1-3-mutliwavelength-parameter-next-copy","6-2-1 Mutliwavelength-measurement_zero_262.2","canvas-6-1-3-mutliwavelength-parameter-next-copy-text-1782401240567","A","一个","machine-review-required"
"6-1-3-mutliwavelength-parameter-next-copy","6-2-1 Mutliwavelength-measurement_zero_262.2","canvas-6-1-3-mutliwavelength-parameter-next-copy-text-1782471774401","262.2","262.2","machine-review-required"
"6-2-1-mutliwavelength-measurement-zori-copy","6-2-2 Mutliwavelength-measurement_zero_set wl","canvas-6-2-1-mutliwavelength-measurement-zori-copy-text-1","Многоволн. анализ","多波分析","machine-review-required"
"6-2-1-mutliwavelength-measurement-zori-copy","6-2-2 Mutliwavelength-measurement_zero_set wl","canvas-6-2-1-mutliwavelength-measurement-zori-copy-text-3","17:05","17:05","machine-review-required"
"6-2-1-mutliwavelength-measurement-zori-copy","6-2-2 Mutliwavelength-measurement_zero_set wl","canvas-6-2-1-mutliwavelength-measurement-zori-copy-text-4","A","一个","machine-review-required"
"6-2-1-mutliwavelength-measurement-zori-copy","6-2-2 Mutliwavelength-measurement_zero_set wl","canvas-6-2-1-mutliwavelength-measurement-zori-copy-text-6","λ","λ","machine-review-required"
"6-2-1-mutliwavelength-measurement-zori-copy","6-2-2 Mutliwavelength-measurement_zero_set wl","canvas-6-2-1-mutliwavelength-measurement-zori-copy-text-10","-","-","machine-review-required"
"6-2-1-mutliwavelength-measurement-zori-copy","6-2-2 Mutliwavelength-measurement_zero_set wl","canvas-6-2-1-mutliwavelength-measurement-zori-copy-text-11","1","1","machine-review-required"
"6-2-1-mutliwavelength-measurement-zori-copy","6-2-2 Mutliwavelength-measurement_zero_set wl","canvas-6-2-1-mutliwavelength-measurement-zori-copy-text-12","2","2","machine-review-required"
"6-2-1-mutliwavelength-measurement-zori-copy","6-2-2 Mutliwavelength-measurement_zero_set wl","canvas-6-2-1-mutliwavelength-measurement-zori-copy-text-13","3","3","machine-review-required"
"6-2-1-mutliwavelength-measurement-zori-copy","6-2-2 Mutliwavelength-measurement_zero_set wl","canvas-6-2-1-mutliwavelength-measurement-zori-copy-text-14","№","○","machine-review-required"
"6-2-1-mutliwavelength-measurement-zori-copy","6-2-2 Mutliwavelength-measurement_zero_set wl","canvas-6-2-1-mutliwavelength-measurement-zori-copy-text-15","λ, нм","λ，纳米","machine-review-required"
"6-2-1-mutliwavelength-measurement-zori-copy","6-2-2 Mutliwavelength-measurement_zero_set wl","canvas-6-2-1-mutliwavelength-measurement-zori-copy-text-17","A","一个","machine-review-required"
"6-2-1-mutliwavelength-measurement-zori-copy","6-2-2 Mutliwavelength-measurement_zero_set wl","canvas-6-2-1-mutliwavelength-measurement-zori-copy-text-24","установка","安装","machine-review-required"
"6-2-2-mutliwavelength-measurement-zori-copy-copy","6-2-3 Mutliwavelength-measurement_zero_431.4","canvas-6-2-2-mutliwavelength-measurement-zori-copy-copy-text-1","Многоволн. анализ","多波分析","machine-review-required"
"6-2-2-mutliwavelength-measurement-zori-copy-copy","6-2-3 Mutliwavelength-measurement_zero_431.4","canvas-6-2-2-mutliwavelength-measurement-zori-copy-copy-text-3","17:05","17:05","machine-review-required"
"6-2-2-mutliwavelength-measurement-zori-copy-copy","6-2-3 Mutliwavelength-measurement_zero_431.4","canvas-6-2-2-mutliwavelength-measurement-zori-copy-copy-text-4","A","一个","machine-review-required"
"6-2-2-mutliwavelength-measurement-zori-copy-copy","6-2-3 Mutliwavelength-measurement_zero_431.4","canvas-6-2-2-mutliwavelength-measurement-zori-copy-copy-text-6","λ","λ","machine-review-required"
"6-2-2-mutliwavelength-measurement-zori-copy-copy","6-2-3 Mutliwavelength-measurement_zero_431.4","canvas-6-2-2-mutliwavelength-measurement-zori-copy-copy-text-10","ноль","零","machine-review-required"
"6-2-2-mutliwavelength-measurement-zori-copy-copy","6-2-3 Mutliwavelength-measurement_zero_431.4","canvas-6-2-2-mutliwavelength-measurement-zori-copy-copy-text-11","1","1","machine-review-required"
"6-2-2-mutliwavelength-measurement-zori-copy-copy","6-2-3 Mutliwavelength-measurement_zero_431.4","canvas-6-2-2-mutliwavelength-measurement-zori-copy-copy-text-12","2","2","machine-review-required"
"6-2-2-mutliwavelength-measurement-zori-copy-copy","6-2-3 Mutliwavelength-measurement_zero_431.4","canvas-6-2-2-mutliwavelength-measurement-zori-copy-copy-text-13","3","3","machine-review-required"
"6-2-2-mutliwavelength-measurement-zori-copy-copy","6-2-3 Mutliwavelength-measurement_zero_431.4","canvas-6-2-2-mutliwavelength-measurement-zori-copy-copy-text-14","№","○","machine-review-required"
"6-2-2-mutliwavelength-measurement-zori-copy-copy","6-2-3 Mutliwavelength-measurement_zero_431.4","canvas-6-2-2-mutliwavelength-measurement-zori-copy-copy-text-15","λ, нм","λ，纳米","machine-review-required"
"6-2-2-mutliwavelength-measurement-zori-copy-copy","6-2-3 Mutliwavelength-measurement_zero_431.4","canvas-6-2-2-mutliwavelength-measurement-zori-copy-copy-text-17","A","一个","machine-review-required"
"6-2-2-mutliwavelength-measurement-zori-copy-copy","6-2-3 Mutliwavelength-measurement_zero_431.4","canvas-6-2-2-mutliwavelength-measurement-zori-copy-copy-text-24","431.4","431.4","machine-review-required"
"6-2-3-mutliwavelength-measurement-zero-431-4-copy","6-2-4 Mutliwavelength-measurement_zero_585.6","canvas-6-2-3-mutliwavelength-measurement-zero-431-4-copy-text-1","Многоволн. анализ","多波分析","machine-review-required"
"6-2-3-mutliwavelength-measurement-zero-431-4-copy","6-2-4 Mutliwavelength-measurement_zero_585.6","canvas-6-2-3-mutliwavelength-measurement-zero-431-4-copy-text-3","17:05","17:05","machine-review-required"
"6-2-3-mutliwavelength-measurement-zero-431-4-copy","6-2-4 Mutliwavelength-measurement_zero_585.6","canvas-6-2-3-mutliwavelength-measurement-zero-431-4-copy-text-4","A","一个","machine-review-required"
"6-2-3-mutliwavelength-measurement-zero-431-4-copy","6-2-4 Mutliwavelength-measurement_zero_585.6","canvas-6-2-3-mutliwavelength-measurement-zero-431-4-copy-text-6","λ","λ","machine-review-required"
"6-2-3-mutliwavelength-measurement-zero-431-4-copy","6-2-4 Mutliwavelength-measurement_zero_585.6","canvas-6-2-3-mutliwavelength-measurement-zero-431-4-copy-text-10","ноль","零","machine-review-required"
"6-2-3-mutliwavelength-measurement-zero-431-4-copy","6-2-4 Mutliwavelength-measurement_zero_585.6","canvas-6-2-3-mutliwavelength-measurement-zero-431-4-copy-text-11","1","1","machine-review-required"
"6-2-3-mutliwavelength-measurement-zero-431-4-copy","6-2-4 Mutliwavelength-measurement_zero_585.6","canvas-6-2-3-mutliwavelength-measurement-zero-431-4-copy-text-12","2","2","machine-review-required"
"6-2-3-mutliwavelength-measurement-zero-431-4-copy","6-2-4 Mutliwavelength-measurement_zero_585.6","canvas-6-2-3-mutliwavelength-measurement-zero-431-4-copy-text-13","3","3","machine-review-required"
"6-2-3-mutliwavelength-measurement-zero-431-4-copy","6-2-4 Mutliwavelength-measurement_zero_585.6","canvas-6-2-3-mutliwavelength-measurement-zero-431-4-copy-text-14","№","○","machine-review-required"
"6-2-3-mutliwavelength-measurement-zero-431-4-copy","6-2-4 Mutliwavelength-measurement_zero_585.6","canvas-6-2-3-mutliwavelength-measurement-zero-431-4-copy-text-15","λ, нм","λ，纳米","machine-review-required"
"6-2-3-mutliwavelength-measurement-zero-431-4-copy","6-2-4 Mutliwavelength-measurement_zero_585.6","canvas-6-2-3-mutliwavelength-measurement-zero-431-4-copy-text-17","A","一个","machine-review-required"
"6-2-3-mutliwavelength-measurement-zero-431-4-copy","6-2-4 Mutliwavelength-measurement_zero_585.6","canvas-6-2-3-mutliwavelength-measurement-zero-431-4-copy-text-24","585.6","585.6","machine-review-required"
"6-2-4-mutliwavelength-measurement-zero-431-4-copy-copy","6-2-5 Mutliwavelength-measurement_zero_685.5","canvas-6-2-4-mutliwavelength-measurement-zero-431-4-copy-copy-text-1","Многоволн. анализ","多波分析","machine-review-required"
"6-2-4-mutliwavelength-measurement-zero-431-4-copy-copy","6-2-5 Mutliwavelength-measurement_zero_685.5","canvas-6-2-4-mutliwavelength-measurement-zero-431-4-copy-copy-text-3","17:05","17:05","machine-review-required"
"6-2-4-mutliwavelength-measurement-zero-431-4-copy-copy","6-2-5 Mutliwavelength-measurement_zero_685.5","canvas-6-2-4-mutliwavelength-measurement-zero-431-4-copy-copy-text-4","A","一个","machine-review-required"
"6-2-4-mutliwavelength-measurement-zero-431-4-copy-copy","6-2-5 Mutliwavelength-measurement_zero_685.5","canvas-6-2-4-mutliwavelength-measurement-zero-431-4-copy-copy-text-6","λ","λ","machine-review-required"
"6-2-4-mutliwavelength-measurement-zero-431-4-copy-copy","6-2-5 Mutliwavelength-measurement_zero_685.5","canvas-6-2-4-mutliwavelength-measurement-zero-431-4-copy-copy-text-10","ноль","零","machine-review-required"
"6-2-4-mutliwavelength-measurement-zero-431-4-copy-copy","6-2-5 Mutliwavelength-measurement_zero_685.5","canvas-6-2-4-mutliwavelength-measurement-zero-431-4-copy-copy-text-11","1","1","machine-review-required"
"6-2-4-mutliwavelength-measurement-zero-431-4-copy-copy","6-2-5 Mutliwavelength-measurement_zero_685.5","canvas-6-2-4-mutliwavelength-measurement-zero-431-4-copy-copy-text-12","2","2","machine-review-required"
"6-2-4-mutliwavelength-measurement-zero-431-4-copy-copy","6-2-5 Mutliwavelength-measurement_zero_685.5","canvas-6-2-4-mutliwavelength-measurement-zero-431-4-copy-copy-text-13","3","3","machine-review-required"
"6-2-4-mutliwavelength-measurement-zero-431-4-copy-copy","6-2-5 Mutliwavelength-measurement_zero_685.5","canvas-6-2-4-mutliwavelength-measurement-zero-431-4-copy-copy-text-14","№","○","machine-review-required"
"6-2-4-mutliwavelength-measurement-zero-431-4-copy-copy","6-2-5 Mutliwavelength-measurement_zero_685.5","canvas-6-2-4-mutliwavelength-measurement-zero-431-4-copy-copy-text-15","λ, нм","λ，纳米","machine-review-required"
"6-2-4-mutliwavelength-measurement-zero-431-4-copy-copy","6-2-5 Mutliwavelength-measurement_zero_685.5","canvas-6-2-4-mutliwavelength-measurement-zero-431-4-copy-copy-text-17","A","一个","machine-review-required"
"6-2-4-mutliwavelength-measurement-zero-431-4-copy-copy","6-2-5 Mutliwavelength-measurement_zero_685.5","canvas-6-2-4-mutliwavelength-measurement-zero-431-4-copy-copy-text-24","685.5","685.5","machine-review-required"
"6-2-5-mutliwavelength-measurement-zero-685-5-copy","6-2-6 Mutliwavelength-measurement_meas_262.2","canvas-6-2-5-mutliwavelength-measurement-zero-685-5-copy-text-1","Многоволн. анализ","多波分析","machine-review-required"
"6-2-5-mutliwavelength-measurement-zero-685-5-copy","6-2-6 Mutliwavelength-measurement_meas_262.2","canvas-6-2-5-mutliwavelength-measurement-zero-685-5-copy-text-3","17:05","17:05","machine-review-required"
"6-2-5-mutliwavelength-measurement-zero-685-5-copy","6-2-6 Mutliwavelength-measurement_meas_262.2","canvas-6-2-5-mutliwavelength-measurement-zero-685-5-copy-text-4","A","一个","machine-review-required"
"6-2-5-mutliwavelength-measurement-zero-685-5-copy","6-2-6 Mutliwavelength-measurement_meas_262.2","canvas-6-2-5-mutliwavelength-measurement-zero-685-5-copy-text-6","λ","λ","machine-review-required"
"6-2-5-mutliwavelength-measurement-zero-685-5-copy","6-2-6 Mutliwavelength-measurement_meas_262.2","canvas-6-2-5-mutliwavelength-measurement-zero-685-5-copy-text-10","0.056","0.056","machine-review-required"
"6-2-5-mutliwavelength-measurement-zero-685-5-copy","6-2-6 Mutliwavelength-measurement_meas_262.2","canvas-6-2-5-mutliwavelength-measurement-zero-685-5-copy-text-11","1","1","machine-review-required"
"6-2-5-mutliwavelength-measurement-zero-685-5-copy","6-2-6 Mutliwavelength-measurement_meas_262.2","canvas-6-2-5-mutliwavelength-measurement-zero-685-5-copy-text-12","2","2","machine-review-required"
"6-2-5-mutliwavelength-measurement-zero-685-5-copy","6-2-6 Mutliwavelength-measurement_meas_262.2","canvas-6-2-5-mutliwavelength-measurement-zero-685-5-copy-text-13","3","3","machine-review-required"
"6-2-5-mutliwavelength-measurement-zero-685-5-copy","6-2-6 Mutliwavelength-measurement_meas_262.2","canvas-6-2-5-mutliwavelength-measurement-zero-685-5-copy-text-14","№","○","machine-review-required"
"6-2-5-mutliwavelength-measurement-zero-685-5-copy","6-2-6 Mutliwavelength-measurement_meas_262.2","canvas-6-2-5-mutliwavelength-measurement-zero-685-5-copy-text-15","λ, нм","λ，纳米","machine-review-required"
"6-2-5-mutliwavelength-measurement-zero-685-5-copy","6-2-6 Mutliwavelength-measurement_meas_262.2","canvas-6-2-5-mutliwavelength-measurement-zero-685-5-copy-text-17","A","一个","machine-review-required"
"6-2-5-mutliwavelength-measurement-zero-685-5-copy","6-2-6 Mutliwavelength-measurement_meas_262.2","canvas-6-2-5-mutliwavelength-measurement-zero-685-5-copy-text-24","262.2","262.2","machine-review-required"
"6-2-5-mutliwavelength-measurement-zero-685-5-copy","6-2-6 Mutliwavelength-measurement_meas_262.2","canvas-6-2-5-mutliwavelength-measurement-zero-685-5-copy-text-1782472005897","262.2","262.2","machine-review-required"
"6-2-5-mutliwavelength-measurement-zero-685-5-copy","6-2-6 Mutliwavelength-measurement_meas_262.2","canvas-6-2-5-mutliwavelength-measurement-zero-685-5-copy-text-1782472018097","0.056","0.056","machine-review-required"
"6-2-5-mutliwavelength-measurement-zero-685-5-copy-copy","6-2-7 Mutliwavelength-measurement_zero_wl_transit","canvas-6-2-5-mutliwavelength-measurement-zero-685-5-copy-copy-text-1","Многоволн. анализ","多波分析","machine-review-required"
"6-2-5-mutliwavelength-measurement-zero-685-5-copy-copy","6-2-7 Mutliwavelength-measurement_zero_wl_transit","canvas-6-2-5-mutliwavelength-measurement-zero-685-5-copy-copy-text-3","17:05","17:05","machine-review-required"
"6-2-5-mutliwavelength-measurement-zero-685-5-copy-copy","6-2-7 Mutliwavelength-measurement_zero_wl_transit","canvas-6-2-5-mutliwavelength-measurement-zero-685-5-copy-copy-text-4","A","一个","machine-review-required"
"6-2-5-mutliwavelength-measurement-zero-685-5-copy-copy","6-2-7 Mutliwavelength-measurement_zero_wl_transit","canvas-6-2-5-mutliwavelength-measurement-zero-685-5-copy-copy-text-6","λ","λ","machine-review-required"
"6-2-5-mutliwavelength-measurement-zero-685-5-copy-copy","6-2-7 Mutliwavelength-measurement_zero_wl_transit","canvas-6-2-5-mutliwavelength-measurement-zero-685-5-copy-copy-text-10","-","-","machine-review-required"
"6-2-5-mutliwavelength-measurement-zero-685-5-copy-copy","6-2-7 Mutliwavelength-measurement_zero_wl_transit","canvas-6-2-5-mutliwavelength-measurement-zero-685-5-copy-copy-text-11","1","1","machine-review-required"
"6-2-5-mutliwavelength-measurement-zero-685-5-copy-copy","6-2-7 Mutliwavelength-measurement_zero_wl_transit","canvas-6-2-5-mutliwavelength-measurement-zero-685-5-copy-copy-text-12","2","2","machine-review-required"
"6-2-5-mutliwavelength-measurement-zero-685-5-copy-copy","6-2-7 Mutliwavelength-measurement_zero_wl_transit","canvas-6-2-5-mutliwavelength-measurement-zero-685-5-copy-copy-text-13","3","3","machine-review-required"
"6-2-5-mutliwavelength-measurement-zero-685-5-copy-copy","6-2-7 Mutliwavelength-measurement_zero_wl_transit","canvas-6-2-5-mutliwavelength-measurement-zero-685-5-copy-copy-text-14","№","○","machine-review-required"
"6-2-5-mutliwavelength-measurement-zero-685-5-copy-copy","6-2-7 Mutliwavelength-measurement_zero_wl_transit","canvas-6-2-5-mutliwavelength-measurement-zero-685-5-copy-copy-text-15","λ, нм","λ，纳米","machine-review-required"
"6-2-5-mutliwavelength-measurement-zero-685-5-copy-copy","6-2-7 Mutliwavelength-measurement_zero_wl_transit","canvas-6-2-5-mutliwavelength-measurement-zero-685-5-copy-copy-text-17","A","一个","machine-review-required"
"6-2-5-mutliwavelength-measurement-zero-685-5-copy-copy","6-2-7 Mutliwavelength-measurement_zero_wl_transit","canvas-6-2-5-mutliwavelength-measurement-zero-685-5-copy-copy-text-24","установка","安装","machine-review-required"
"6-2-5-mutliwavelength-measurement-zero-685-5-copy-copy","6-2-7 Mutliwavelength-measurement_zero_wl_transit","canvas-6-2-5-mutliwavelength-measurement-zero-685-5-copy-copy-text-25","262.2","262.2","machine-review-required"
"6-2-5-mutliwavelength-measurement-zero-685-5-copy-copy","6-2-7 Mutliwavelength-measurement_zero_wl_transit","canvas-6-2-5-mutliwavelength-measurement-zero-685-5-copy-copy-text-26","0.056","0.056","machine-review-required"
"6-2-5-mutliwavelength-measurement-zero-685-5-copy-copy-copy-copy","6-2-8 Mutliwavelength-measurement_meas_431.4","canvas-6-2-5-mutliwavelength-measurement-zero-685-5-copy-copy-copy-copy-text-1","Многоволн. анализ","多波分析","machine-review-required"
"6-2-5-mutliwavelength-measurement-zero-685-5-copy-copy-copy-copy","6-2-8 Mutliwavelength-measurement_meas_431.4","canvas-6-2-5-mutliwavelength-measurement-zero-685-5-copy-copy-copy-copy-text-3","17:05","17:05","machine-review-required"
"6-2-5-mutliwavelength-measurement-zero-685-5-copy-copy-copy-copy","6-2-8 Mutliwavelength-measurement_meas_431.4","canvas-6-2-5-mutliwavelength-measurement-zero-685-5-copy-copy-copy-copy-text-4","A","一个","machine-review-required"
"6-2-5-mutliwavelength-measurement-zero-685-5-copy-copy-copy-copy","6-2-8 Mutliwavelength-measurement_meas_431.4","canvas-6-2-5-mutliwavelength-measurement-zero-685-5-copy-copy-copy-copy-text-6","λ","λ","machine-review-required"
"6-2-5-mutliwavelength-measurement-zero-685-5-copy-copy-copy-copy","6-2-8 Mutliwavelength-measurement_meas_431.4","canvas-6-2-5-mutliwavelength-measurement-zero-685-5-copy-copy-copy-copy-text-10","0.934","0.934","machine-review-required"
"6-2-5-mutliwavelength-measurement-zero-685-5-copy-copy-copy-copy","6-2-8 Mutliwavelength-measurement_meas_431.4","canvas-6-2-5-mutliwavelength-measurement-zero-685-5-copy-copy-copy-copy-text-11","1","1","machine-review-required"
"6-2-5-mutliwavelength-measurement-zero-685-5-copy-copy-copy-copy","6-2-8 Mutliwavelength-measurement_meas_431.4","canvas-6-2-5-mutliwavelength-measurement-zero-685-5-copy-copy-copy-copy-text-12","2","2","machine-review-required"
"6-2-5-mutliwavelength-measurement-zero-685-5-copy-copy-copy-copy","6-2-8 Mutliwavelength-measurement_meas_431.4","canvas-6-2-5-mutliwavelength-measurement-zero-685-5-copy-copy-copy-copy-text-13","3","3","machine-review-required"
"6-2-5-mutliwavelength-measurement-zero-685-5-copy-copy-copy-copy","6-2-8 Mutliwavelength-measurement_meas_431.4","canvas-6-2-5-mutliwavelength-measurement-zero-685-5-copy-copy-copy-copy-text-14","№","○","machine-review-required"
"6-2-5-mutliwavelength-measurement-zero-685-5-copy-copy-copy-copy","6-2-8 Mutliwavelength-measurement_meas_431.4","canvas-6-2-5-mutliwavelength-measurement-zero-685-5-copy-copy-copy-copy-text-15","λ, нм","λ，纳米","machine-review-required"
"6-2-5-mutliwavelength-measurement-zero-685-5-copy-copy-copy-copy","6-2-8 Mutliwavelength-measurement_meas_431.4","canvas-6-2-5-mutliwavelength-measurement-zero-685-5-copy-copy-copy-copy-text-17","A","一个","machine-review-required"
"6-2-5-mutliwavelength-measurement-zero-685-5-copy-copy-copy-copy","6-2-8 Mutliwavelength-measurement_meas_431.4","canvas-6-2-5-mutliwavelength-measurement-zero-685-5-copy-copy-copy-copy-text-24","431.4","431.4","machine-review-required"
"6-2-5-mutliwavelength-measurement-zero-685-5-copy-copy-copy-copy","6-2-8 Mutliwavelength-measurement_meas_431.4","canvas-6-2-5-mutliwavelength-measurement-zero-685-5-copy-copy-copy-copy-text-25","262.2","262.2","machine-review-required"
"6-2-5-mutliwavelength-measurement-zero-685-5-copy-copy-copy-copy","6-2-8 Mutliwavelength-measurement_meas_431.4","canvas-6-2-5-mutliwavelength-measurement-zero-685-5-copy-copy-copy-copy-text-26","0.056","0.056","machine-review-required"
"6-2-5-mutliwavelength-measurement-zero-685-5-copy-copy-copy-copy","6-2-8 Mutliwavelength-measurement_meas_431.4","canvas-6-2-5-mutliwavelength-measurement-zero-685-5-copy-copy-copy-copy-text-1782472165549","431.4","431.4","machine-review-required"
"6-2-5-mutliwavelength-measurement-zero-685-5-copy-copy-copy-copy","6-2-8 Mutliwavelength-measurement_meas_431.4","canvas-6-2-5-mutliwavelength-measurement-zero-685-5-copy-copy-copy-copy-text-1782472184372","0.934","0.934","machine-review-required"
"6-2-9-mutliwavelength-measurement-zero-685-5-copy-copy-copy-copy-copy","6-2-9 Mutliwavelength-measurement_585.5_meas","canvas-6-2-9-mutliwavelength-measurement-zero-685-5-copy-copy-copy-copy-copy-text-1","Многоволн. анализ","多波分析","machine-review-required"
"6-2-9-mutliwavelength-measurement-zero-685-5-copy-copy-copy-copy-copy","6-2-9 Mutliwavelength-measurement_585.5_meas","canvas-6-2-9-mutliwavelength-measurement-zero-685-5-copy-copy-copy-copy-copy-text-3","17:05","17:05","machine-review-required"
"6-2-9-mutliwavelength-measurement-zero-685-5-copy-copy-copy-copy-copy","6-2-9 Mutliwavelength-measurement_585.5_meas","canvas-6-2-9-mutliwavelength-measurement-zero-685-5-copy-copy-copy-copy-copy-text-4","A","一个","machine-review-required"
"6-2-9-mutliwavelength-measurement-zero-685-5-copy-copy-copy-copy-copy","6-2-9 Mutliwavelength-measurement_585.5_meas","canvas-6-2-9-mutliwavelength-measurement-zero-685-5-copy-copy-copy-copy-copy-text-6","λ","λ","machine-review-required"
"6-2-9-mutliwavelength-measurement-zero-685-5-copy-copy-copy-copy-copy","6-2-9 Mutliwavelength-measurement_585.5_meas","canvas-6-2-9-mutliwavelength-measurement-zero-685-5-copy-copy-copy-copy-copy-text-10","0.934","0.934","machine-review-required"
"6-2-9-mutliwavelength-measurement-zero-685-5-copy-copy-copy-copy-copy","6-2-9 Mutliwavelength-measurement_585.5_meas","canvas-6-2-9-mutliwavelength-measurement-zero-685-5-copy-copy-copy-copy-copy-text-11","1","1","machine-review-required"
"6-2-9-mutliwavelength-measurement-zero-685-5-copy-copy-copy-copy-copy","6-2-9 Mutliwavelength-measurement_585.5_meas","canvas-6-2-9-mutliwavelength-measurement-zero-685-5-copy-copy-copy-copy-copy-text-12","2","2","machine-review-required"
"6-2-9-mutliwavelength-measurement-zero-685-5-copy-copy-copy-copy-copy","6-2-9 Mutliwavelength-measurement_585.5_meas","canvas-6-2-9-mutliwavelength-measurement-zero-685-5-copy-copy-copy-copy-copy-text-13","3","3","machine-review-required"
"6-2-9-mutliwavelength-measurement-zero-685-5-copy-copy-copy-copy-copy","6-2-9 Mutliwavelength-measurement_585.5_meas","canvas-6-2-9-mutliwavelength-measurement-zero-685-5-copy-copy-copy-copy-copy-text-14","№","○","machine-review-required"
"6-2-9-mutliwavelength-measurement-zero-685-5-copy-copy-copy-copy-copy","6-2-9 Mutliwavelength-measurement_585.5_meas","canvas-6-2-9-mutliwavelength-measurement-zero-685-5-copy-copy-copy-copy-copy-text-15","λ, нм","λ，纳米","machine-review-required"
"6-2-9-mutliwavelength-measurement-zero-685-5-copy-copy-copy-copy-copy","6-2-9 Mutliwavelength-measurement_585.5_meas","canvas-6-2-9-mutliwavelength-measurement-zero-685-5-copy-copy-copy-copy-copy-text-17","A","一个","machine-review-required"
"6-2-9-mutliwavelength-measurement-zero-685-5-copy-copy-copy-copy-copy","6-2-9 Mutliwavelength-measurement_585.5_meas","canvas-6-2-9-mutliwavelength-measurement-zero-685-5-copy-copy-copy-copy-copy-text-24","431.4","431.4","machine-review-required"
"6-2-9-mutliwavelength-measurement-zero-685-5-copy-copy-copy-copy-copy","6-2-9 Mutliwavelength-measurement_585.5_meas","canvas-6-2-9-mutliwavelength-measurement-zero-685-5-copy-copy-copy-copy-copy-text-25","262.2","262.2","machine-review-required"
"6-2-9-mutliwavelength-measurement-zero-685-5-copy-copy-copy-copy-copy","6-2-9 Mutliwavelength-measurement_585.5_meas","canvas-6-2-9-mutliwavelength-measurement-zero-685-5-copy-copy-copy-copy-copy-text-26","0.056","0.056","machine-review-required"
"6-2-9-mutliwavelength-measurement-zero-685-5-copy-copy-copy-copy-copy","6-2-9 Mutliwavelength-measurement_585.5_meas","canvas-6-2-9-mutliwavelength-measurement-zero-685-5-copy-copy-copy-copy-copy-text-27","431.0","431.0","machine-review-required"
"6-2-9-mutliwavelength-measurement-zero-685-5-copy-copy-copy-copy-copy","6-2-9 Mutliwavelength-measurement_585.5_meas","canvas-6-2-9-mutliwavelength-measurement-zero-685-5-copy-copy-copy-copy-copy-text-28","0.934","0.934","machine-review-required"
"6-2-9-mutliwavelength-measurement-zero-685-5-copy-copy-copy-copy-copy","6-2-9 Mutliwavelength-measurement_585.5_meas","canvas-6-2-9-mutliwavelength-measurement-zero-685-5-copy-copy-copy-copy-copy-text-1782472356397","585.6","585.6","machine-review-required"
"6-2-9-mutliwavelength-measurement-zero-685-5-copy-copy-copy-copy-copy","6-2-9 Mutliwavelength-measurement_585.5_meas","canvas-6-2-9-mutliwavelength-measurement-zero-685-5-copy-copy-copy-copy-copy-text-1782472419276","0.245","0.245","machine-review-required"
"6-2-10-mutliwavelength-measurement-zero-685-5-copy-copy-copy-copy-copy-copy","6-2-10 Mutliwavelength-measurement_meas 685,5","canvas-6-2-10-mutliwavelength-measurement-zero-685-5-copy-copy-copy-copy-copy-copy-text-1","Многоволн. анализ","多波分析","machine-review-required"
"6-2-10-mutliwavelength-measurement-zero-685-5-copy-copy-copy-copy-copy-copy","6-2-10 Mutliwavelength-measurement_meas 685,5","canvas-6-2-10-mutliwavelength-measurement-zero-685-5-copy-copy-copy-copy-copy-copy-text-3","17:05","17:05","machine-review-required"
"6-2-10-mutliwavelength-measurement-zero-685-5-copy-copy-copy-copy-copy-copy","6-2-10 Mutliwavelength-measurement_meas 685,5","canvas-6-2-10-mutliwavelength-measurement-zero-685-5-copy-copy-copy-copy-copy-copy-text-4","A","一个","machine-review-required"
"6-2-10-mutliwavelength-measurement-zero-685-5-copy-copy-copy-copy-copy-copy","6-2-10 Mutliwavelength-measurement_meas 685,5","canvas-6-2-10-mutliwavelength-measurement-zero-685-5-copy-copy-copy-copy-copy-copy-text-6","λ","λ","machine-review-required"
"6-2-10-mutliwavelength-measurement-zero-685-5-copy-copy-copy-copy-copy-copy","6-2-10 Mutliwavelength-measurement_meas 685,5","canvas-6-2-10-mutliwavelength-measurement-zero-685-5-copy-copy-copy-copy-copy-copy-text-10","0.934","0.934","machine-review-required"
"6-2-10-mutliwavelength-measurement-zero-685-5-copy-copy-copy-copy-copy-copy","6-2-10 Mutliwavelength-measurement_meas 685,5","canvas-6-2-10-mutliwavelength-measurement-zero-685-5-copy-copy-copy-copy-copy-copy-text-11","2","2","machine-review-required"
"6-2-10-mutliwavelength-measurement-zero-685-5-copy-copy-copy-copy-copy-copy","6-2-10 Mutliwavelength-measurement_meas 685,5","canvas-6-2-10-mutliwavelength-measurement-zero-685-5-copy-copy-copy-copy-copy-copy-text-12","3","3","machine-review-required"
"6-2-10-mutliwavelength-measurement-zero-685-5-copy-copy-copy-copy-copy-copy","6-2-10 Mutliwavelength-measurement_meas 685,5","canvas-6-2-10-mutliwavelength-measurement-zero-685-5-copy-copy-copy-copy-copy-copy-text-13","4","4","machine-review-required"
"6-2-10-mutliwavelength-measurement-zero-685-5-copy-copy-copy-copy-copy-copy","6-2-10 Mutliwavelength-measurement_meas 685,5","canvas-6-2-10-mutliwavelength-measurement-zero-685-5-copy-copy-copy-copy-copy-copy-text-14","№","○","machine-review-required"
"6-2-10-mutliwavelength-measurement-zero-685-5-copy-copy-copy-copy-copy-copy","6-2-10 Mutliwavelength-measurement_meas 685,5","canvas-6-2-10-mutliwavelength-measurement-zero-685-5-copy-copy-copy-copy-copy-copy-text-15","λ, нм","λ，纳米","machine-review-required"
"6-2-10-mutliwavelength-measurement-zero-685-5-copy-copy-copy-copy-copy-copy","6-2-10 Mutliwavelength-measurement_meas 685,5","canvas-6-2-10-mutliwavelength-measurement-zero-685-5-copy-copy-copy-copy-copy-copy-text-17","A","一个","machine-review-required"
"6-2-10-mutliwavelength-measurement-zero-685-5-copy-copy-copy-copy-copy-copy","6-2-10 Mutliwavelength-measurement_meas 685,5","canvas-6-2-10-mutliwavelength-measurement-zero-685-5-copy-copy-copy-copy-copy-copy-text-24","431.4","431.4","machine-review-required"
"6-2-10-mutliwavelength-measurement-zero-685-5-copy-copy-copy-copy-copy-copy","6-2-10 Mutliwavelength-measurement_meas 685,5","canvas-6-2-10-mutliwavelength-measurement-zero-685-5-copy-copy-copy-copy-copy-copy-text-25","431.4","431.4","machine-review-required"
"6-2-10-mutliwavelength-measurement-zero-685-5-copy-copy-copy-copy-copy-copy","6-2-10 Mutliwavelength-measurement_meas 685,5","canvas-6-2-10-mutliwavelength-measurement-zero-685-5-copy-copy-copy-copy-copy-copy-text-26","0.934","0.934","machine-review-required"
"6-2-10-mutliwavelength-measurement-zero-685-5-copy-copy-copy-copy-copy-copy","6-2-10 Mutliwavelength-measurement_meas 685,5","canvas-6-2-10-mutliwavelength-measurement-zero-685-5-copy-copy-copy-copy-copy-copy-text-27","585.6","585.6","machine-review-required"
"6-2-10-mutliwavelength-measurement-zero-685-5-copy-copy-copy-copy-copy-copy","6-2-10 Mutliwavelength-measurement_meas 685,5","canvas-6-2-10-mutliwavelength-measurement-zero-685-5-copy-copy-copy-copy-copy-copy-text-28","0.245","0.245","machine-review-required"
"6-2-10-mutliwavelength-measurement-zero-685-5-copy-copy-copy-copy-copy-copy","6-2-10 Mutliwavelength-measurement_meas 685,5","canvas-6-2-10-mutliwavelength-measurement-zero-685-5-copy-copy-copy-copy-copy-copy-text-29","685.5","685.5","machine-review-required"
"6-2-10-mutliwavelength-measurement-zero-685-5-copy-copy-copy-copy-copy-copy","6-2-10 Mutliwavelength-measurement_meas 685,5","canvas-6-2-10-mutliwavelength-measurement-zero-685-5-copy-copy-copy-copy-copy-copy-text-30","0.325","0.325","machine-review-required"
